{
  "format_version": "1.12",
  "minecraft:recipe_shaped": {
    "description": {
      "identifier": "mawala_hat_e7399810"
    },
    "tags": [
      "crafting_table"
    ],
    "pattern": [
      "ABA",
      "CDC"
    ],
    "key": {
      "A": {
        "item": "minecraft:dye",
        "data": 1
      },
      "B": {
        "item": "minecraft:blaze_rod",
        "data": 0
      },
      "C": {
        "item": "minecraft:gunpowder",
        "data": 0
      },
      "D": {
        "item": "minecraft:diamond_helmet",
        "data": 0
      }
    },
    "result": {
      "item": "ms:mawala_hat",
      "count": 1
    }
  }
}