{
  "format_version": "1.16.100",
  "minecraft:item": {
    "description": {
      "identifier": "ms:kolhapuri",
      "category": "Equipment"
    },
    "components": {
      "minecraft:icon": {
        "texture": "ms_kolhapuri"
      },
      "minecraft:creative_category": {
        "parent": "itemGroup.name.boots"
      },
      "minecraft:max_stack_size": 1,
      "minecraft:enchantable": {
        "value": 10,
        "slot": "armor_feet"
      },
      "minecraft:durability": {
        "max_durability": 32,
        "damage_chance": {
          "min": 60,
          "max": 100
        }
      },
      "minecraft:knockback_resistance": {
        "protection": 0.75
      },
      "minecraft:mining_speed": 5,
      "minecraft:foil": false,
      "minecraft:hand_equipped": true,
      "minecraft:wearable": {
        "slot": "slot.armor.feet"
      },
      "minecraft:render_offsets": "boots",
      "minecraft:repairable": {
        "repair_items": [
          {
            "items": [
              "minecraft:emerald",
              "ms:kolhapuri"
            ],
            "repair_amount": 10
          }
        ]
      },
      "minecraft:armor": {
        "protection": 30
      },
      "minecraft:display_name": {}
    }
  }
}