{
  "pa:credit": {
    "textures": "pa_credit",
    "sound": "normal"
  },
  "pa:dagdushet": {
    "textures": "pa_dagdushet",
    "sound": "normal"
  },
  "ms:ta2": {
    "textures": "ms_ta2",
    "sound": "stone"
  },
  "pa:devi_mata": {
    "textures": "pa_devi_mata",
    "sound": "normal"
  },
  "ms:b_a_d_1": {
    "textures": "ms_b_a_d_1",
    "sound": "stone"
  },
  "ms:b_a_m": {
    "textures": "ms_b_a_m",
    "sound": "stone"
  },
  "pa:mahadev": {
    "textures": "pa_mahadev",
    "sound": "lantern"
  },
  "pa:mahadevi": {
    "textures": "pa_mahadevi",
    "sound": "normal"
  },
  "pa:mahishasurmardini": {
    "textures": "pa_mahishasurmardini",
    "sound": "normal"
  },
  "ms:pillar_down": {
    "textures": "ms_pillar_down",
    "sound": "stone"
  },
  "pa:mahaganpati": {
    "textures": "pa_mahaganpati",
    "sound": "normal"
  },
  "ms:ta_turn2": {
    "textures": "ms_ta_turn2",
    "sound": "stone"
  },
  "ms:b_a_u2": {
    "textures": "ms_b_a_u2",
    "sound": "stone"
  },
  "ms:ta_corner2": {
    "textures": "ms_ta_corner2",
    "sound": "stone"
  },
  "ms:ta1": {
    "textures": "ms_ta1",
    "sound": "stone"
  },
  "pa:pillar_3": {
    "textures": "pa_pillar_3",
    "sound": "normal"
  },
  "pa:ambabai": {
    "textures": "pa_ambabai",
    "sound": "normal"
  },
  "pa:pillar_1": {
    "textures": "pa_pillar_1",
    "sound": "normal"
  },
  "ms:prabhaval": {
    "textures": "ms_prabhaval",
    "sound": "stone"
  },
  "ms:pillar_mid": {
    "textures": "ms_pillar_mid",
    "sound": "stone"
  },
  "ms:jiretoap": {
    "textures": "ms_jiretoap",
    "sound": "normal"
  },
  "ms:ta_corner": {
    "textures": "ms_ta_corner",
    "sound": "stone"
  },
  "ms:b_a_m_90": {
    "textures": "ms_b_a_m_90",
    "sound": "stone"
  },
  "pa:mahakali": {
    "textures": "pa_mahakali",
    "sound": "gravel"
  },
  "pa:shivling": {
    "textures": "pa_shivling",
    "sound": "normal"
  },
  "ms:dip_sthambh": {
    "textures": "ms_dip_sthambh",
    "sound": "stone"
  },
  "pa:mushak": {
    "textures": "pa_mushak",
    "sound": "normal"
  },
  "ms:ta_turn1": {
    "textures": "ms_ta_turn1",
    "sound": "stone"
  },
  "pa:pillar_2": {
    "textures": "pa_pillar_2",
    "sound": "normal"
  },
  "ms:shivray": {
    "textures": "ms_shivray",
    "sound": "normal"
  },
  "pa:vithuraya": {
    "textures": "pa_vithuraya",
    "sound": "normal"
  },
  "ms:b_a_m_180": {
    "textures": "ms_b_a_m_180",
    "sound": "stone"
  },
  "ms:mushak_sawari": {
    "textures": "ms_mushak_sawari",
    "sound": "normal"
  },
  "ms:pillar_up": {
    "textures": "ms_pillar_up",
    "sound": "stone"
  },
  "pa:ganesh": {
    "textures": "pa_ganesh",
    "sound": "normal"
  },
  "ms:b_a_u1": {
    "textures": "ms_b_a_u1",
    "sound": "stone"
  },
  "format_version": [
    1,
    1,
    0
  ]
}