{
  "entity_sounds": {
    "entities": {
      "ms:mawla": {
        "volume": 1.0,
        "pitch": [
          0.8,
          1.2
        ],
        "events": {
          "ambient": "mob.pa_king.say",
          "hurt": "mob.pa_king.hit",
          "death": "mob.pa_king.death",
          "step": {
            "sound": "mob.irongolem.walk",
            "volume": 1.0,
            "pitch": 1.0
          },
          "throw": {
            "sound": "mob.irongolem.throw",
            "volume": 1.0,
            "pitch": 1.0
          }
        }
      }
    }
  }
}