{
  "format_version": "1.8.0",
  "animations": {
    "animation.ms_bhairav.no_pose": {
      "loop": "hold_on_last_frame",
      "animation_length": 0.5,
      "bones": {
        "Joinleg": {
          "rotation": {
            "0.0": [
              0,
              0,
              0
            ],
            "0.5": [
              75.16954,
              -2.7912,
              -9.88159
            ]
          }
        },
        "Midleg": {
          "rotation": {
            "0.0": [
              0,
              0,
              0
            ],
            "0.5": [
              -94.48854,
              -1.07372,
              10.38731
            ]
          }
        },
        "Paul": {
          "rotation": {
            "0.0": [
              0,
              0,
              0
            ],
            "0.5": [
              7.5,
              0,
              0
            ]
          }
        },
        "Joinleg2": {
          "rotation": {
            "0.0": [
              0,
              0,
              0
            ],
            "0.5": [
              128.20966,
              11.81328,
              -70.48491
            ]
          }
        },
        "Midleg2": {
          "rotation": {
            "0.0": [
              0,
              0,
              0
            ],
            "0.5": [
              -147.5,
              0,
              -7.5
            ]
          }
        },
        "Har": {
          "rotation": {
            "0.0": [
              0,
              0,
              0
            ],
            "0.5": [
              17.5,
              0,
              0
            ]
          }
        },
        "Hand": {
          "rotation": {
            "0.0": [
              0,
              0,
              0
            ],
            "0.5": [
              10.65481,
              -5.91049,
              26.02275
            ]
          }
        },
        "Handm": {
          "rotation": {
            "0.0": [
              0,
              0,
              0
            ],
            "0.5": [
              -211.68354,
              -31.15192,
              -233.07975
            ]
          }
        },
        "Handfingers": {
          "rotation": {
            "0.0": [
              0,
              0,
              0
            ],
            "0.5": [
              18.05334,
              -28.77752,
              -20.14284
            ]
          }
        },
        "Base": {
          "scale": {
            "0.0": [
              1,
              1,
              1
            ],
            "0.0833": [
              0,
              0,
              -0.1
            ]
          }
        },
        "bone12": {
          "position": {
            "0.0": [
              0,
              0,
              0
            ],
            "0.5": [
              0,
              19,
              -5
            ]
          },
          "scale": {
            "0.0": [
              1,
              1,
              1
            ],
            "0.5": [
              3,
              3.1,
              1
            ]
          }
        }
      }
    }
  }
}