{
  "format_version": "1.8.0",
  "animations": {
    "animation.ms_baglamukhi.no_pose": {
      "loop": "hold_on_last_frame",
      "animation_length": 3,
      "bones": {
        "Legs2": {
          "rotation": {
            "0.0": [
              92.90232,
              -14.95422,
              10.59863
            ],
            "0.5": [
              0,
              0,
              0
            ]
          },
          "position": {
            "0.0": [
              0,
              6,
              0
            ],
            "0.5": [
              0,
              0,
              0
            ]
          }
        },
        "L3": {
          "rotation": {
            "0.0": [
              -77.5,
              0,
              0
            ],
            "0.5": [
              0,
              0,
              0
            ]
          }
        },
        "Body": {
          "rotation": {
            "0.25": [
              -2.29602,
              -22.1281,
              -6.51899
            ],
            "0.75": [
              0,
              0,
              0
            ]
          }
        },
        "Hand1": {
          "rotation": {
            "0.5": [
              -28.51826,
              -6.36527,
              16.9436
            ],
            "1.0": [
              0,
              0,
              0
            ]
          }
        },
        "bone": {
          "rotation": {
            "0.5": [
              -1.65235,
              -30.19168,
              3.3906
            ],
            "1.0": [
              0,
              0,
              0
            ]
          }
        },
        "bone2": {
          "rotation": {
            "0.5": [
              -0.01502,
              -34.99998,
              -0.04233
            ],
            "1.0": [
              0,
              0,
              0
            ]
          }
        },
        "Hand2": {
          "rotation": {
            "1.0": [
              -66.37256,
              -46.97232,
              -64.96184
            ],
            "1.5": [
              -38.34242,
              31.03091,
              -81.35326
            ],
            "2.5": [
              2.15311,
              -49.76031,
              -12.16725
            ]
          }
        },
        "bone5": {
          "rotation": {
            "1.5": [
              0,
              0,
              0
            ],
            "2.5": [
              -30.39444,
              -9.0979,
              50.58611
            ]
          }
        }
      }
    }
  }
}