{
  "format_version": "1.8.0",
  "animations": {
    "animation.ms_devi_chandi.no_pose": {
      "loop": true,
      "animation_length": 4,
      "bones": {
        "Man": {
          "rotation": {
            "0.0": [
              0,
              0,
              0
            ],
            "0.1667": [
              0,
              32.5,
              0
            ],
            "1.0": [
              0,
              0,
              0
            ],
            "1.1667": [
              0,
              -30,
              0
            ],
            "1.5": [
              0,
              -30,
              0
            ],
            "1.75": [
              0,
              0,
              0
            ],
            "2.0": [
              0,
              0,
              0
            ]
          },
          "position": {
            "0.0": [
              0,
              0,
              0
            ],
            "0.5": [
              -15,
              0,
              0
            ],
            "1.0": [
              0,
              0,
              0
            ],
            "1.5": [
              16,
              0,
              0
            ],
            "1.75": [
              0,
              0,
              0
            ]
          }
        },
        "Joinleg2": {
          "rotation": {
            "0.0": [
              0,
              0,
              0
            ],
            "0.25": [
              22.5,
              0,
              0
            ],
            "0.5": [
              -7.5,
              0,
              0
            ],
            "0.75": [
              7.5,
              0,
              0
            ],
            "1.0": [
              0,
              0,
              0
            ],
            "1.25": [
              22.5,
              0,
              0
            ],
            "1.5": [
              -7.5,
              0,
              0
            ],
            "1.75": [
              7.5,
              0,
              0
            ],
            "3.0": [
              7.5,
              0,
              0
            ],
            "3.25": [
              -42.11122,
              18.1808,
              18.93993
            ],
            "3.5": [
              7.5,
              0,
              0
            ]
          }
        },
        "Midleg2": {
          "rotation": {
            "3.0": [
              0,
              0,
              0
            ],
            "3.25": [
              87.5,
              0,
              0
            ],
            "3.5": [
              0,
              0,
              0
            ]
          }
        },
        "Leg3": {
          "rotation": {
            "0.0": [
              0,
              0,
              0
            ],
            "0.25": [
              -15,
              0,
              0
            ],
            "0.5": [
              17.5,
              0,
              0
            ],
            "0.75": [
              7.5,
              0,
              0
            ],
            "1.0": [
              0,
              0,
              0
            ],
            "1.25": [
              -15,
              0,
              0
            ],
            "1.5": [
              17.5,
              0,
              0
            ],
            "1.75": [
              7.5,
              0,
              0
            ],
            "3.5": [
              22.5,
              0,
              0
            ],
            "3.75": [
              -45,
              0,
              0
            ],
            "4.0": [
              22.5,
              0,
              0
            ]
          }
        },
        "Joinleg3": {
          "rotation": [
            -22.5,
            0,
            0
          ]
        },
        "Midleg3": {
          "rotation": {
            "3.5": [
              0,
              0,
              0
            ],
            "3.75": [
              77.5,
              0,
              0
            ],
            "4.0": [
              0,
              0,
              0
            ]
          }
        },
        "Body": {
          "rotation": {
            "2.0": [
              0,
              0,
              0
            ],
            "2.25": [
              0,
              -10,
              0
            ],
            "2.3333": [
              0,
              15,
              0
            ],
            "2.4167": [
              0,
              -5,
              0
            ],
            "2.5": [
              0,
              20,
              0
            ],
            "2.5833": [
              0,
              -15,
              0
            ],
            "2.6667": [
              0,
              -10,
              0
            ]
          }
        },
        "Head": {
          "rotation": {
            "1.8333": [
              0,
              0,
              0
            ],
            "2.0": [
              -30,
              0,
              0
            ],
            "2.75": [
              -30,
              0,
              0
            ],
            "3.0": [
              7.5,
              0,
              0
            ]
          }
        },
        "Hand": {
          "rotation": {
            "0.0": [
              -11.20066,
              27.5316,
              -59.43056
            ],
            "0.5": [
              -185.22023,
              71.9098,
              -189.56296
            ],
            "0.75": [
              -109.30824,
              -37.13204,
              -83.42468
            ],
            "1.0": [
              -11.20066,
              27.5316,
              -59.43056
            ],
            "1.5": [
              -185.22023,
              71.9098,
              -189.56296
            ],
            "1.75": [
              -109.30824,
              -37.13204,
              -83.42468
            ],
            "2.0": [
              -100.40679,
              -40.28956,
              -98.43329
            ],
            "2.75": [
              -100.41,
              -40.29,
              -98.43
            ],
            "3.0": [
              -425.58315,
              20.89915,
              -410.9239
            ]
          }
        },
        "Handm": {
          "rotation": {
            "0.0": [
              -94.64253,
              -38.15927,
              -18.72313
            ],
            "0.25": [
              -94.64,
              -38.16,
              -18.72
            ],
            "0.5": [
              -340.28588,
              -25.67488,
              -287.93208
            ],
            "1.0": [
              -94.64253,
              -38.15927,
              -18.72313
            ],
            "1.25": [
              -94.64,
              -38.16,
              -18.72
            ],
            "1.5": [
              -340.28588,
              -25.67488,
              -287.93208
            ]
          }
        },
        "Hand2": {
          "rotation": {
            "0.0": [
              -2.70252,
              -22.20601,
              30.36896
            ],
            "1.0": [
              -2.70252,
              -22.20601,
              30.36896
            ],
            "1.7917": [
              -2.7,
              -22.21,
              30.37
            ],
            "2.0": [
              90.04844,
              -16.93154,
              85.32565
            ],
            "2.75": [
              90.05,
              -16.93,
              85.33
            ],
            "3.0": [
              -27.7657,
              -39.97339,
              -1.22147
            ]
          }
        },
        "Handm2": {
          "rotation": {
            "0.0": [
              159.97,
              10.82,
              -179.42
            ],
            "0.25": [
              193.85144,
              20.38908,
              -220.25033
            ],
            "1.0": [
              159.96927,
              10.82006,
              -179.42426
            ],
            "1.25": [
              193.85144,
              20.38908,
              -220.25033
            ],
            "1.5": [
              159.97,
              10.82,
              -179.42
            ],
            "2.75": [
              159.97,
              10.82,
              -179.42
            ],
            "3.0": [
              170.83532,
              -11.46631,
              -190.72128
            ]
          }
        },
        "Handfingers2": {
          "rotation": {
            "1.8333": [
              0,
              0,
              0
            ],
            "2.0": [
              -77.63516,
              45.1571,
              -23.23146
            ]
          }
        },
        "bone": {
          "rotation": [
            -13.2836,
            -1.57529,
            -11.77876
          ],
          "position": {
            "1.8333": [
              0,
              0,
              0
            ],
            "2.0": [
              0,
              -18,
              1
            ],
            "2.75": [
              0,
              -18,
              1
            ],
            "3.0": [
              0,
              -7,
              1
            ]
          }
        }
      }
    }
  }
}