{
  "format_version": "1.8.0",
  "animations": {
    "animation.ms_dhumavati.no_pose": {
      "loop": true,
      "animation_length": 1,
      "bones": {
        "bone4": {
          "rotation": {
            "0.0": [
              0,
              0,
              0
            ],
            "0.5": [
              0,
              0,
              35
            ],
            "1.0": [
              0,
              0,
              0
            ]
          }
        },
        "bone": {
          "rotation": {
            "0.0": [
              0,
              0,
              0
            ],
            "0.5": [
              -84.02274,
              -19.24651,
              -98.51641
            ],
            "1.0": [
              0,
              0,
              0
            ]
          }
        },
        "bone2": {
          "rotation": {
            "0.0": [
              0,
              0,
              0
            ],
            "0.5": [
              19.28306,
              -5.71228,
              -46.15194
            ],
            "1.0": [
              0,
              0,
              0
            ]
          }
        },
        "Hand2": {
          "rotation": {
            "0.0": [
              -1.66236,
              17.34224,
              -2.88136
            ],
            "0.5": [
              -0.54271,
              7.4404,
              -1.08912
            ],
            "1.0": [
              -1.66236,
              17.34224,
              -2.88136
            ]
          }
        },
        "Face": {
          "rotation": {
            "0.0": [
              0,
              2.5,
              0
            ],
            "0.0833": [
              0,
              0,
              0
            ],
            "0.1667": [
              0,
              2.5,
              0
            ],
            "0.25": [
              0,
              5,
              0
            ],
            "0.3333": [
              0,
              0,
              0
            ],
            "0.4167": [
              0,
              2.5,
              0
            ],
            "0.5417": [
              0,
              -2.5,
              0
            ]
          }
        },
        "bone7": {
          "rotation": {
            "0.0": [
              0,
              0,
              0
            ],
            "0.5": [
              0,
              -15,
              0
            ],
            "1.0": [
              0,
              0,
              0
            ]
          }
        },
        "bone8": {
          "rotation": {
            "0.0": [
              0,
              0,
              0
            ],
            "0.5": [
              0,
              0,
              90
            ],
            "1.0": [
              0,
              0,
              180
            ]
          }
        },
        "bone9": {
          "rotation": {
            "0.0": [
              0,
              0,
              0
            ],
            "0.5": [
              0,
              0,
              90
            ],
            "1.0": [
              0,
              0,
              180
            ]
          }
        }
      }
    }
  }
}