{
  "format_version": "1.8.0",
  "animations": {
    "animation.ms_kamala.no_pose": {
      "loop": true,
      "animation_length": 1,
      "bones": {
        "Matangi": {
          "position": {
            "0.0": [
              0,
              0,
              0
            ],
            "0.5": [
              0,
              1,
              0
            ],
            "1.0": [
              0,
              0,
              0
            ]
          }
        },
        "Body": {
          "rotation": {
            "0.0": [
              0,
              0,
              0
            ],
            "0.5": [
              2.5,
              0,
              0
            ],
            "1.0": [
              0,
              0,
              0
            ]
          }
        },
        "bone": {
          "rotation": {
            "0.0": [
              0,
              0,
              0
            ],
            "0.5": [
              1.87268,
              -1.85956,
              2.50978
            ],
            "1.0": [
              0,
              0,
              0
            ]
          }
        },
        "Hand8": {
          "rotation": {
            "0.0": [
              0,
              0,
              0
            ],
            "0.5": [
              -1.55675,
              -0.01872,
              2.94495
            ],
            "1.0": [
              0,
              0,
              0
            ]
          }
        },
        "bone5": {
          "rotation": {
            "0.0": [
              0,
              0,
              0
            ],
            "0.5": [
              -4.52212,
              -0.81567,
              5.10211
            ],
            "1.0": [
              0,
              0,
              0
            ]
          }
        },
        "Hand9": {
          "rotation": {
            "0.0": [
              0,
              0,
              0
            ],
            "0.5": [
              1.67932,
              0.43599,
              -5.25627
            ],
            "1.0": [
              0,
              0,
              0
            ]
          }
        },
        "Face": {
          "rotation": {
            "0.0": [
              0,
              0,
              0
            ],
            "0.5": [
              -5,
              0,
              0
            ],
            "1.0": [
              0,
              0,
              0
            ]
          }
        },
        "Baselaotus": {
          "position": {
            "0.0": [
              0,
              0,
              0
            ],
            "0.5": [
              0,
              0,
              0
            ],
            "1.0": [
              0,
              0,
              0
            ]
          }
        }
      }
    }
  }
}