{
  "format_version": "1.8.0",
  "animations": {
    "animation.ms_lr21.no_pose": {
      "loop": true,
      "animation_length": 7,
      "bones": {
        "Snaeface": {
          "rotation": {
            "0.0": [
              0,
              0,
              0
            ],
            "1.5": [
              0,
              0,
              20
            ],
            "3.0": [
              0,
              0,
              -20
            ],
            "4.5": [
              0,
              -20,
              -20
            ],
            "6.0": [
              -5,
              22.5,
              15
            ],
            "7.0": [
              0,
              0,
              0
            ]
          }
        }
      }
    }
  }
}