{
  "format_version": "1.8.0",
  "animations": {
    "animation.ms_mata_putr.no_pose": {
      "loop": "hold_on_last_frame",
      "animation_length": 10,
      "bones": {
        "3": {
          "rotation": [
            1.2231,
            4.8478,
            -0.02833
          ]
        },
        "bone": {
          "rotation": [
            0,
            0,
            0
          ],
          "scale": {
            "4.0": [
              1,
              1,
              1
            ],
            "4.7917": [
              5.3,
              4.8,
              5.4
            ]
          }
        },
        "Base": {
          "rotation": {
            "2.5": [
              0,
              0,
              0
            ],
            "4.0": [
              0,
              0,
              0
            ]
          },
          "position": {
            "0.25": [
              -55,
              11,
              22
            ],
            "0.3333": [
              1,
              11,
              -28
            ],
            "2.5": [
              1,
              11,
              -28
            ],
            "3.0": [
              -4,
              36,
              62
            ],
            "3.5": [
              -4,
              36,
              -45
            ]
          },
          "scale": {
            "2.5": [
              1,
              1,
              1
            ],
            "3.0": [
              9.8,
              9.5,
              11
            ],
            "3.5": [
              1,
              1,
              1
            ],
            "4.0": [
              1,
              1,
              1
            ],
            "5.0": [
              11.1,
              8.2,
              1
            ],
            "10.0": [
              11.1,
              10.8,
              1
            ]
          }
        },
        "Body2": {
          "rotation": [
            0,
            0,
            0
          ]
        },
        "Face2": {
          "rotation": {
            "1.3333": [
              0,
              0,
              0
            ],
            "1.5": [
              0,
              0,
              0
            ],
            "1.6667": [
              -5,
              -42.5,
              0
            ],
            "1.8333": [
              -22.5,
              -42.5,
              0
            ],
            "1.9167": [
              -7.5,
              -42.5,
              0
            ],
            "2.4167": [
              -7.5,
              -42.5,
              0
            ],
            "2.5": [
              0,
              0,
              0
            ]
          }
        },
        "Hand2": {
          "rotation": {
            "0.0": [
              -7.08449,
              -13.88467,
              -56.34873
            ],
            "3.0": [
              -7.08,
              -13.88,
              -56.35
            ],
            "3.5": [
              -2.70001,
              -2.31065,
              -12.57882
            ]
          }
        },
        "Hand4": {
          "rotation": {
            "3.5": [
              -52.5,
              -85,
              0
            ],
            "4.0": [
              0,
              0,
              0
            ]
          },
          "scale": {
            "3.5": [
              0,
              0.1,
              0
            ],
            "4.0": [
              1,
              1,
              1
            ]
          }
        },
        "Hand5": {
          "rotation": {
            "3.5": [
              -7.46663,
              13.68879,
              76.7775
            ],
            "4.0": [
              0,
              0,
              0
            ]
          },
          "scale": {
            "3.5": [
              -0.2,
              0.1,
              1
            ],
            "4.0": [
              1,
              1,
              1
            ]
          }
        },
        "Hand6": {
          "rotation": {
            "3.5": [
              -23.92581,
              23.5827,
              97.56325
            ],
            "4.0": [
              0,
              0,
              0
            ]
          },
          "scale": {
            "3.5": [
              0,
              0.1,
              1
            ],
            "4.0": [
              1,
              1,
              1
            ]
          }
        },
        "Hand7": {
          "rotation": {
            "3.5": [
              -59.3601,
              8.55347,
              122.1022
            ],
            "4.0": [
              0,
              0,
              0
            ]
          },
          "scale": {
            "3.5": [
              0,
              0.3,
              1
            ],
            "4.0": [
              1,
              1,
              1
            ]
          }
        },
        "Hand3": {
          "rotation": {
            "3.0": [
              0,
              0,
              0
            ],
            "3.5": [
              -3.31312,
              -6.53679,
              -65.01361
            ],
            "4.0": [
              0,
              0,
              0
            ]
          },
          "scale": {
            "3.5": [
              0.5,
              0.1,
              1
            ],
            "4.0": [
              1,
              1,
              1
            ]
          }
        },
        "Hand8": {
          "rotation": {
            "3.5": [
              9.4429,
              12.24847,
              -62.05917
            ],
            "4.0": [
              0,
              0,
              0
            ]
          },
          "scale": {
            "3.5": [
              0.2,
              0.4,
              1
            ],
            "4.0": [
              1,
              1,
              1
            ]
          }
        },
        "Hand9": {
          "rotation": {
            "3.5": [
              29.64883,
              19.84285,
              -92.11305
            ],
            "4.0": [
              0,
              0,
              0
            ]
          },
          "scale": {
            "3.5": [
              0.1,
              0.4,
              1
            ],
            "4.0": [
              1,
              1,
              1
            ]
          }
        },
        "Hand10": {
          "rotation": {
            "3.5": [
              52.9699,
              12.01205,
              -107.20187
            ],
            "4.0": [
              0,
              0,
              0
            ]
          },
          "scale": {
            "3.5": [
              -0.1,
              0,
              1
            ],
            "4.0": [
              1,
              1,
              1
            ]
          }
        },
        "Ganesh": {
          "rotation": {
            "0.5833": [
              0,
              0,
              0
            ],
            "0.75": [
              0,
              -22.5,
              0
            ],
            "1.1667": [
              0,
              -22.5,
              0
            ],
            "3.0": [
              0,
              -22.5,
              0
            ],
            "3.5": [
              0,
              -5,
              0
            ]
          },
          "position": {
            "0.0": [
              -43,
              -11,
              -9
            ],
            "0.25": [
              -43,
              -11,
              -9
            ],
            "0.4167": [
              15,
              -4,
              -54
            ],
            "0.75": [
              3,
              73,
              -54
            ],
            "1.1667": [
              3,
              73,
              -54
            ],
            "1.3333": [
              -38,
              -3,
              -3
            ],
            "3.0": [
              -38,
              -3,
              -3
            ],
            "3.5": [
              0,
              -1,
              2
            ]
          },
          "scale": {
            "0.0": [
              0,
              0,
              0.9
            ],
            "0.25": [
              1,
              1,
              1
            ],
            "0.5": [
              1,
              1,
              1
            ],
            "0.75": [
              5,
              3.6,
              3.2
            ],
            "1.1667": [
              5,
              3.6,
              3.2
            ],
            "1.3333": [
              1,
              1,
              1
            ],
            "3.0": [
              1,
              1,
              1
            ]
          }
        },
        "Body3": {
          "rotation": {
            "1.3333": [
              0,
              0,
              0
            ],
            "1.5": [
              0,
              30,
              0
            ],
            "2.25": [
              0,
              30,
              0
            ],
            "2.4167": [
              0,
              0,
              0
            ]
          }
        },
        "Head": {
          "rotation": {
            "1.3333": [
              0,
              0,
              0
            ],
            "1.5": [
              10.22389,
              33.4081,
              -9.43994
            ],
            "1.9167": [
              10.22,
              33.41,
              -9.44
            ],
            "2.0833": [
              -42.28,
              33.41,
              -9.44
            ],
            "2.1667": [
              -2.28,
              33.41,
              -9.44
            ],
            "2.4167": [
              0,
              0,
              0
            ]
          }
        },
        "bone26": {
          "rotation": {
            "3.5": [
              0,
              0,
              0
            ],
            "3.6667": [
              -1.62394,
              6.90593,
              -12.32996
            ]
          }
        },
        "bone28": {
          "rotation": {
            "0.0": [
              -12.09769,
              39.03369,
              64.14225
            ],
            "3.5": [
              -12.1,
              39.03,
              64.14
            ],
            "4.0": [
              3.94247,
              25.06161,
              16.85612
            ]
          }
        },
        "bone30": {
          "rotation": {
            "0.0": [
              -45.73849,
              -39.14378,
              48.50287
            ],
            "3.0": [
              -45.74,
              -39.14,
              48.5
            ],
            "3.5": [
              -23.49268,
              -10.81583,
              3.31254
            ]
          }
        },
        "Legs3": {
          "rotation": {
            "0.0": [
              -27.04381,
              -0.38686,
              4.00438
            ],
            "1.3333": [
              -27.04,
              -0.39,
              4
            ],
            "1.5": [
              -28.09723,
              15.14944,
              -4.14197
            ],
            "2.25": [
              -28.1,
              15.15,
              -4.14
            ],
            "2.4167": [
              -27.04,
              -0.39,
              4
            ],
            "3.0": [
              -27.04,
              -0.39,
              4
            ],
            "3.5": [
              -2.04,
              -0.39,
              4
            ]
          },
          "position": [
            0,
            0,
            0
          ],
          "scale": 1
        },
        "bone32": {
          "rotation": [
            -55,
            0,
            0
          ]
        }
      }
    }
  }
}