{
  "format_version": "1.8.0",
  "animations": {
    "animation.ms_matangi.no_pose": {
      "loop": true,
      "animation_length": 1,
      "bones": {
        "Body": {
          "scale": {
            "0.0": [
              1,
              0.975,
              1
            ],
            "1.0": [
              1,
              1,
              1
            ]
          }
        },
        "bone": {
          "rotation": {
            "0.0": [
              -55.50326,
              -34.26499,
              -60.66657
            ],
            "0.5": [
              0,
              0,
              0
            ],
            "1.0": [
              -55.50326,
              -34.26499,
              -60.66657
            ]
          },
          "scale": 1
        },
        "bone17": {
          "rotation": {
            "0.0": [
              0,
              0,
              0
            ],
            "0.5": [
              9.91242,
              13.50596,
              11.87167
            ],
            "1.0": [
              0,
              0,
              0
            ]
          }
        },
        "Hand9": {
          "rotation": {
            "0.0": [
              6.34012,
              2.5811,
              -20.81344
            ],
            "0.5": [
              0,
              0,
              0
            ],
            "1.0": [
              6.34012,
              2.5811,
              -20.81344
            ]
          }
        }
      }
    }
  }
}