{
  "format_version": "1.8.0",
  "animations": {
    "animation.ms_mahabali.no_pose": {
      "loop": "hold_on_last_frame",
      "animation_length": 1.75,
      "bones": {
        "Man": {
          "position": {
            "0.5": [
              0,
              0,
              0
            ],
            "0.75": [
              0,
              -9,
              0
            ],
            "0.9583": [
              0,
              -8,
              0
            ]
          }
        },
        "Legs": {
          "rotation": [
            -5,
            0,
            0
          ],
          "position": [
            0,
            0,
            0
          ]
        },
        "Joinleg": {
          "rotation": {
            "0.5": [
              0,
              0,
              0
            ],
            "1.0": [
              27.5,
              0,
              0
            ]
          }
        },
        "Midleg": {
          "rotation": {
            "0.8333": [
              0,
              0,
              0
            ],
            "1.0": [
              67.5,
              0,
              0
            ]
          }
        },
        "Paul": {
          "rotation": {
            "0.75": [
              0,
              0,
              0
            ],
            "1.0": [
              32.5,
              0,
              0
            ]
          }
        },
        "Joinleg2": {
          "rotation": {
            "0.5": [
              0,
              0,
              0
            ],
            "1.0": [
              -72.5,
              0,
              0
            ]
          }
        },
        "Midleg2": {
          "rotation": {
            "0.5": [
              0,
              0,
              0
            ],
            "1.0": [
              65,
              0,
              0
            ]
          }
        },
        "Body": {
          "rotation": {
            "1.0": [
              0,
              0,
              0
            ],
            "1.25": [
              32.5,
              0,
              0
            ]
          }
        },
        "Head": {
          "rotation": {
            "1.5": [
              0,
              0,
              0
            ],
            "1.75": [
              -22.5,
              0,
              0
            ]
          }
        },
        "Hand": {
          "rotation": {
            "1.3333": [
              0,
              0,
              0
            ],
            "1.75": [
              -3.40673,
              50.23363,
              -8.12158
            ]
          }
        },
        "Handm": {
          "rotation": {
            "1.3333": [
              0,
              0,
              0
            ],
            "1.7083": [
              138.02107,
              43.77421,
              156.59836
            ],
            "1.75": [
              137.41934,
              52.64245,
              154.48371
            ]
          }
        },
        "Handfingers": {
          "rotation": {
            "1.5": [
              0,
              0,
              0
            ],
            "1.75": [
              37.86067,
              16.54993,
              -38.96626
            ]
          }
        },
        "Hand2": {
          "rotation": {
            "0.0": [
              0,
              0,
              0
            ],
            "0.5": [
              0,
              -15,
              -5
            ],
            "1.25": [
              0,
              -15,
              -5
            ],
            "1.75": [
              7.7216,
              38.36115,
              -25.93305
            ]
          }
        },
        "Handm2": {
          "rotation": {
            "0.0": [
              0,
              0,
              0
            ],
            "0.5": [
              163.68361,
              60.41639,
              -167.2615
            ],
            "1.25": [
              163.68,
              60.42,
              -167.26
            ],
            "1.75": [
              86.89794,
              21.26285,
              -83.53293
            ]
          }
        },
        "Handfingers2": {
          "rotation": {
            "0.0": [
              0,
              0,
              0
            ],
            "0.5": [
              0,
              0,
              45
            ],
            "1.5": [
              0,
              0,
              45
            ],
            "1.75": [
              -16.88832,
              -9.17772,
              6.06618
            ]
          }
        },
        "Gadha": {
          "rotation": {
            "1.25": [
              0,
              0,
              0
            ],
            "1.5": [
              43.38543,
              -24.09764,
              -35.84701
            ],
            "1.75": [
              33.64544,
              31.66686,
              -124.67479
            ]
          },
          "position": {
            "1.25": [
              0,
              0,
              0
            ],
            "1.5": [
              -4,
              30,
              7
            ],
            "1.75": [
              -21,
              24,
              7
            ]
          },
          "scale": 1
        },
        "bone2": {
          "rotation": {
            "1.5": [
              0,
              0,
              0
            ],
            "1.75": [
              0,
              -85,
              0
            ]
          },
          "position": [
            0,
            0,
            0
          ]
        },
        "bone": {
          "rotation": {
            "1.5": [
              0,
              0,
              0
            ],
            "1.7083": [
              -180,
              -70,
              -180
            ]
          },
          "position": {
            "1.5": [
              0,
              0,
              0
            ],
            "1.75": [
              0,
              0,
              -1
            ]
          },
          "scale": 1
        }
      }
    }
  }
}