{
  "format_version": "1.8.0",
  "animations": {
    "animation.ms_tirupati.no_pose": {
      "loop": true,
      "animation_length": 2,
      "bones": {
        "F13": {
          "rotation": {
            "0.0": [
              0,
              -27.5,
              0
            ],
            "1.0": [
              0,
              22.5,
              0
            ],
            "2.0": [
              0,
              -27.5,
              0
            ]
          }
        },
        "F12": {
          "rotation": {
            "0.0": [
              0,
              20,
              0
            ],
            "1.0": [
              0,
              -15,
              0
            ],
            "2.0": [
              0,
              20,
              0
            ]
          }
        },
        "F11": {
          "rotation": {
            "0.0": [
              0,
              -15,
              0
            ],
            "1.0": [
              0,
              17.5,
              0
            ],
            "2.0": [
              0,
              -15,
              0
            ]
          }
        },
        "F4": {
          "rotation": {
            "0.0": [
              0,
              15,
              0
            ],
            "1.0": [
              0,
              -7.5,
              0
            ],
            "2.0": [
              0,
              15,
              0
            ]
          }
        },
        "F6": {
          "rotation": {
            "0.0": [
              0,
              10,
              0
            ],
            "1.0": [
              0,
              -20,
              0
            ],
            "2.0": [
              0,
              10,
              0
            ]
          }
        },
        "F5": {
          "rotation": {
            "0.0": [
              0,
              -17.5,
              0
            ],
            "1.0": [
              0,
              12.5,
              0
            ],
            "2.0": [
              0,
              -17.5,
              0
            ]
          }
        },
        "F3": {
          "rotation": {
            "0.0": [
              0,
              -12.5,
              0
            ],
            "1.0": [
              0,
              10,
              0
            ],
            "2.0": [
              0,
              -12.5,
              0
            ]
          }
        },
        "F2": {
          "rotation": {
            "0.0": [
              0,
              15,
              0
            ],
            "1.0": [
              0,
              -7.5,
              0
            ],
            "2.0": [
              0,
              15,
              0
            ]
          }
        },
        "F1": {
          "rotation": {
            "0.0": [
              0,
              -7.5,
              0
            ],
            "1.0": [
              0,
              7.5,
              0
            ],
            "2.0": [
              0,
              -7.5,
              0
            ]
          }
        }
      }
    }
  }
}