{
  "format_version": "1.8.0",
  "animations": {
    "animation.ms_vakrtund.no_pose": {
      "loop": "hold_on_last_frame",
      "animation_length": 10,
      "bones": {
        "Raja": {
          "rotation": [
            0,
            0,
            0
          ],
          "position": {
            "1.5": [
              0,
              0,
              0
            ],
            "2.0": [
              0,
              2,
              0
            ],
            "2.5": [
              0,
              2,
              -13
            ],
            "2.75": [
              0,
              -3,
              -13
            ],
            "7.0": [
              0,
              -3,
              -13
            ],
            "8.5": [
              0,
              -3,
              -13
            ],
            "9.0": [
              0,
              4,
              -13
            ]
          },
          "scale": {
            "1.5": [
              1,
              1,
              1
            ],
            "8.5": [
              1,
              1,
              1
            ],
            "9.0": [
              2.6,
              2.1,
              3
            ]
          }
        },
        "Legs": {
          "rotation": {
            "0.0": [
              0,
              0,
              0
            ],
            "1.5": [
              13.18451,
              9.75923,
              54.28023
            ],
            "2.0": [
              13.18,
              9.76,
              54.28
            ],
            "3.0": [
              114.98181,
              5.77759,
              71.41856
            ]
          },
          "position": {
            "0.0": [
              0,
              0,
              0
            ],
            "1.5": [
              4,
              -2,
              0
            ],
            "2.0": [
              4,
              -2,
              0
            ],
            "3.0": [
              5,
              -2,
              -6
            ]
          },
          "scale": 1
        },
        "Legs2": {
          "rotation": {
            "0.0": [
              0,
              0,
              0
            ],
            "1.5": [
              6.29405,
              15.80059,
              -17.08636
            ],
            "2.0": [
              6.29,
              15.8,
              -17.09
            ],
            "3.0": [
              101.29,
              15.8,
              -17.09
            ]
          },
          "position": {
            "2.0": [
              0,
              0,
              0
            ],
            "3.0": [
              0,
              4,
              -3
            ]
          }
        },
        "Hand": {
          "rotation": [
            0,
            0,
            0
          ],
          "scale": {
            "3.5": [
              1,
              1,
              1
            ],
            "3.5833": [
              0.1,
              1,
              0.2
            ]
          }
        },
        "Hand2": {
          "rotation": {
            "3.5": [
              0,
              0,
              0
            ],
            "3.5833": [
              -2.74715,
              0.30092,
              12.79362
            ]
          },
          "scale": {
            "3.5": [
              1,
              1,
              1
            ],
            "3.5833": [
              0,
              0,
              0.1
            ]
          }
        },
        "Hand4": {
          "rotation": {
            "6.0": [
              0,
              0,
              0
            ],
            "6.0833": [
              9.01791,
              -0.14704,
              43.40262
            ],
            "6.25": [
              48.08438,
              -14.79063,
              3.5324
            ],
            "7.0": [
              48.08,
              -14.79,
              3.53
            ]
          },
          "position": {
            "6.1667": [
              0,
              0,
              0
            ],
            "6.25": [
              0,
              0,
              -3
            ],
            "7.0": [
              0,
              0,
              -3
            ],
            "7.0833": [
              0,
              0,
              0
            ]
          },
          "scale": {
            "6.0": [
              0.1,
              -0.2,
              0
            ],
            "6.25": [
              1,
              1,
              1
            ],
            "7.0": [
              1,
              1,
              1
            ],
            "7.0833": [
              0,
              -0.6,
              0.4
            ]
          }
        },
        "bone3": {
          "rotation": {
            "2.5": [
              0,
              0,
              0
            ],
            "3.0": [
              -62.76109,
              -43.51287,
              19.05671
            ]
          },
          "position": {
            "2.5": [
              0,
              0,
              0
            ],
            "3.0": [
              0,
              -1,
              0
            ]
          },
          "scale": [
            0,
            0.2,
            0.3
          ]
        },
        "Hand6": {
          "rotation": {
            "6.9167": [
              0,
              0,
              0
            ],
            "7.0": [
              0,
              0,
              0
            ],
            "7.0833": [
              16.05564,
              -39.58532,
              5.95776
            ],
            "9.1667": [
              16.06,
              -39.59,
              5.96
            ],
            "9.4167": [
              66.03028,
              -36.4547,
              -39.97453
            ],
            "9.625": [
              -0.40733,
              -38.81534,
              -30.18419
            ]
          },
          "position": {
            "7.0": [
              0,
              0,
              0
            ],
            "7.0833": [
              0,
              0,
              -2
            ]
          },
          "scale": {
            "6.9167": [
              -0.1,
              0.1,
              1
            ],
            "7.0": [
              1,
              1,
              1
            ]
          }
        },
        "H6": {
          "rotation": {
            "7.0": [
              0,
              0,
              0
            ],
            "7.0833": [
              -9.07457,
              0.45924,
              12.59005
            ],
            "9.5": [
              -9.07,
              0.46,
              12.59
            ],
            "9.625": [
              0.54918,
              2.48081,
              -32.9861
            ]
          }
        },
        "bone16": {
          "rotation": {
            "7.0": [
              0,
              0,
              0
            ],
            "7.0833": [
              -2.75024,
              -0.54707,
              32.60857
            ],
            "9.625": [
              5.78162,
              -0.95145,
              -15.19074
            ],
            "9.8333": [
              53.28162,
              -0.95145,
              -15.19074
            ]
          }
        },
        "Hand5": {
          "rotation": {
            "3.4167": [
              0,
              0,
              0
            ],
            "3.5": [
              0,
              0,
              0
            ],
            "3.5833": [
              -0.46256,
              -54.64739,
              -6.48863
            ],
            "6.0": [
              -0.46,
              -54.65,
              -6.49
            ]
          },
          "position": {
            "3.5": [
              0,
              0,
              0
            ],
            "3.5833": [
              0,
              0,
              -3
            ],
            "6.0": [
              0,
              0,
              -3
            ],
            "6.0833": [
              0,
              0,
              1
            ]
          },
          "scale": {
            "3.4167": [
              0.1,
              0.1,
              0.4
            ],
            "3.5": [
              1,
              1,
              1
            ],
            "6.0": [
              1,
              1,
              1
            ],
            "6.0833": [
              0.1,
              0,
              0.7
            ]
          }
        },
        "Hand3": {
          "rotation": {
            "6.9167": [
              0,
              0,
              0
            ],
            "7.0": [
              0,
              0,
              0
            ],
            "7.0833": [
              0.24922,
              -19.89252,
              2.09603
            ]
          },
          "position": {
            "7.0": [
              0,
              0,
              0
            ],
            "7.0833": [
              0,
              0,
              -3
            ]
          },
          "scale": {
            "6.9167": [
              0,
              0.1,
              0.5
            ],
            "7.0": [
              1,
              1,
              1
            ]
          }
        },
        "H3": {
          "rotation": {
            "7.0": [
              0,
              0,
              0
            ],
            "7.0833": [
              0,
              42.5,
              0
            ],
            "9.5": [
              0,
              42.5,
              0
            ],
            "9.6667": [
              -38.41895,
              45.66637,
              -61.30971
            ]
          },
          "position": [
            0,
            0,
            0
          ]
        },
        "Hand7": {
          "rotation": {
            "3.4167": [
              0,
              0,
              0
            ],
            "3.5": [
              0,
              0,
              0
            ],
            "3.5833": [
              -7.8729,
              -32.11164,
              49.2546
            ],
            "6.0": [
              -7.87,
              -32.11,
              49.25
            ]
          },
          "position": {
            "3.5": [
              0,
              0,
              0
            ],
            "3.5833": [
              0,
              0,
              -2
            ],
            "6.0": [
              0,
              0,
              -2
            ],
            "6.0833": [
              0,
              0,
              1
            ]
          },
          "scale": {
            "3.4167": [
              -0.1,
              0.2,
              0.7
            ],
            "3.5": [
              1,
              1,
              1
            ],
            "6.0": [
              1,
              1,
              1
            ],
            "6.0833": [
              0,
              -0.1,
              0.9
            ]
          }
        },
        "Hand8": {
          "rotation": {
            "6.0": [
              0,
              0,
              0
            ],
            "6.0833": [
              6.62078,
              1.35533,
              -72.7495
            ],
            "7.0": [
              6.62,
              1.36,
              -72.75
            ]
          },
          "position": {
            "6.0": [
              0,
              0,
              0
            ],
            "6.0833": [
              0,
              0,
              -3
            ],
            "7.0": [
              0,
              0,
              -3
            ],
            "7.0833": [
              0,
              0,
              0
            ]
          },
          "scale": {
            "6.0": [
              0,
              -0.1,
              0.1
            ],
            "6.0833": [
              1,
              1,
              1
            ],
            "7.0": [
              1,
              1,
              1
            ],
            "7.0833": [
              0.1,
              0,
              0.3
            ]
          }
        },
        "Lion": {
          "rotation": {
            "8.6667": [
              0,
              0,
              0
            ],
            "8.8333": [
              0,
              -100,
              0
            ]
          },
          "position": {
            "8.5": [
              0,
              0,
              0
            ],
            "8.6667": [
              -33,
              0,
              0
            ],
            "9.25": [
              -60,
              0,
              2
            ],
            "9.5417": [
              -60,
              0,
              16
            ],
            "9.75": [
              -60,
              0,
              -27
            ]
          },
          "scale": {
            "8.8333": [
              1,
              1,
              1
            ],
            "9.0": [
              2.1,
              1.7,
              1.6
            ]
          }
        },
        "Faceoflion": {
          "rotation": {
            "3.5": [
              0,
              0,
              0
            ],
            "4.0": [
              -47.15402,
              31.46062,
              -0.97525
            ],
            "9.5": [
              -47.15,
              31.46,
              -0.98
            ],
            "9.7083": [
              -72.15,
              31.46,
              -0.98
            ],
            "9.875": [
              -47.15,
              31.46,
              -0.98
            ]
          }
        },
        "Tail": {
          "rotation": [
            22.26601,
            2.96041,
            -0.89533
          ]
        },
        "bone31": {
          "rotation": {
            "0.0": [
              0,
              0,
              0
            ],
            "1.5": [
              -27.5,
              0,
              0
            ],
            "2.0": [
              -27.5,
              0,
              0
            ],
            "3.0": [
              -117.5,
              0,
              0
            ]
          },
          "position": {
            "2.0": [
              0,
              0,
              0
            ],
            "3.0": [
              0,
              3,
              0
            ]
          },
          "scale": 1
        },
        "bone32": {
          "rotation": {
            "2.0": [
              0,
              0,
              0
            ],
            "3.0": [
              -110,
              0,
              0
            ]
          },
          "position": {
            "2.0": [
              0,
              0,
              0
            ],
            "3.0": [
              0,
              3,
              0
            ]
          }
        },
        "ChakraSudarshan": {
          "rotation": {
            "3.5": [
              -70.44108,
              -22.68667,
              9.44045
            ],
            "4.0": [
              -80,
              0,
              0
            ],
            "4.5": [
              -225.93056,
              5.06472,
              33.19787
            ],
            "5.0": [
              -435.80503,
              -28.57555,
              16.26465
            ],
            "5.5": [
              -554.03528,
              1.27269,
              48.00673
            ],
            "6.0": [
              -704.45221,
              14.29667,
              9.73301
            ]
          },
          "position": {
            "4.0": [
              0,
              0,
              0
            ],
            "4.5": [
              -18,
              0,
              0
            ],
            "5.0": [
              -18,
              58,
              0
            ],
            "5.25": [
              54,
              58,
              -14
            ],
            "5.5": [
              54,
              -79,
              -14
            ],
            "5.75": [
              7,
              -79,
              -15
            ],
            "5.8333": [
              7,
              -79,
              17
            ],
            "6.0": [
              0,
              0,
              0
            ]
          }
        }
      }
    }
  }
}