{
  "format_version": "1.8.0",
  "animations": {
    "animation.ms_vaishnodevi.no_pose": {
      "loop": "hold_on_last_frame",
      "animation_length": 0.5,
      "bones": {
        "Man": {
          "position": {
            "0.0": [
              0,
              0,
              0
            ],
            "0.5": [
              -3,
              9,
              2
            ]
          }
        },
        "Joinleg": {
          "rotation": {
            "0.0": [
              0,
              0,
              0
            ],
            "0.5": [
              16.08224,
              50.63063,
              34.06049
            ]
          }
        },
        "Midleg": {
          "rotation": {
            "0.0": [
              0,
              0,
              0
            ],
            "0.5": [
              82.26421,
              3.20233,
              3.84766
            ]
          }
        },
        "Paul": {
          "rotation": {
            "0.0": [
              0,
              0,
              0
            ],
            "0.5": [
              18.64229,
              -6.96921,
              13.83703
            ]
          }
        },
        "Joinleg2": {
          "rotation": {
            "0.0": [
              0,
              0,
              0
            ],
            "0.5": [
              -70.51479,
              7.06037,
              2.58346
            ]
          }
        },
        "Midleg2": {
          "rotation": {
            "0.0": [
              0,
              0,
              0
            ],
            "0.5": [
              85.16955,
              1.29256,
              14.94548
            ]
          }
        },
        "Paul2": {
          "rotation": {
            "0.0": [
              0,
              0,
              0
            ],
            "0.5": [
              5,
              0,
              0
            ]
          }
        },
        "Sari": {
          "rotation": {
            "0.0": [
              0,
              0,
              0
            ],
            "0.5": [
              -65.12441,
              23.59544,
              -60.96801
            ]
          }
        },
        "Hand": {
          "rotation": {
            "0.0": [
              0,
              0,
              0
            ],
            "0.5": [
              -1.65643,
              19.93456,
              -7.56605
            ]
          }
        },
        "Handm": {
          "rotation": {
            "0.0": [
              0,
              0,
              0
            ],
            "0.5": [
              27.62613,
              20.93273,
              55.36447
            ]
          }
        },
        "Handfingers": {
          "rotation": {
            "0.0": [
              0,
              0,
              0
            ],
            "0.5": [
              76.1361,
              -14.85007,
              2.52204
            ]
          }
        },
        "Base": {
          "rotation": [
            0,
            0,
            0
          ],
          "position": {
            "0.0": [
              0,
              0,
              0
            ],
            "0.5": [
              12,
              -10,
              0
            ]
          },
          "scale": {
            "0.0": [
              1,
              1,
              1
            ],
            "0.5": [
              2,
              2.6,
              1
            ]
          }
        },
        "Tiger": {
          "rotation": {
            "0.0": [
              0,
              0,
              0
            ],
            "0.25": [
              0,
              47.5,
              0
            ],
            "0.5": [
              -180,
              62.5,
              -180
            ]
          },
          "position": {
            "0.0": [
              0,
              0,
              0
            ],
            "0.5": [
              25,
              0,
              5
            ]
          }
        },
        "Face": {
          "rotation": {
            "0.0": [
              0,
              0,
              0
            ],
            "0.5": [
              15.84891,
              -30.49677,
              -10.07166
            ]
          },
          "position": {
            "0.0": [
              0,
              0,
              0
            ],
            "0.5": [
              3,
              0,
              0
            ]
          }
        }
      }
    }
  }
}