{
  "format_version": "1.8.0",
  "animations": {
    "animation.pa_dasavtar.no_pose": {
      "loop": "hold_on_last_frame",
      "animation_length": 20,
      "bones": {
        "Shriram": {
          "rotation": [
            0,
            0,
            0
          ],
          "position": {
            "13.5": [
              45,
              -46,
              -36
            ],
            "15.0": [
              0,
              0,
              0
            ]
          },
          "scale": {
            "13.5": [
              -0.4,
              0,
              0.2
            ],
            "14.0": [
              1,
              1,
              1
            ],
            "14.5": [
              1,
              1,
              1
            ],
            "15.0": [
              1,
              1,
              1
            ]
          }
        },
        "Matsya": {
          "position": {
            "0.0": [
              -37,
              54,
              25
            ],
            "1.5": [
              0,
              0,
              0
            ]
          },
          "scale": {
            "0.0": [
              0,
              7,
              0
            ],
            "0.5": [
              1,
              1,
              1
            ],
            "1.0": [
              1,
              1,
              1
            ],
            "1.5": [
              1,
              1,
              1
            ]
          }
        },
        "Warah": {
          "rotation": [
            0,
            0,
            0
          ],
          "position": {
            "4.0": [
              54,
              31,
              11
            ],
            "5.5": [
              0,
              0,
              0
            ]
          },
          "scale": {
            "4.0": [
              0,
              1.3,
              0
            ],
            "4.5": [
              1,
              1,
              1
            ],
            "5.0": [
              1,
              1,
              1
            ],
            "5.5": [
              1,
              1,
              1
            ]
          }
        },
        "Narshimha": {
          "position": {
            "6.0": [
              -57,
              29,
              9
            ],
            "7.5": [
              0,
              0,
              0
            ]
          },
          "scale": {
            "6.0": [
              0,
              1,
              0
            ],
            "6.5": [
              1,
              1,
              1
            ],
            "7.0": [
              1,
              1,
              1
            ],
            "7.5": [
              1,
              1,
              1
            ]
          }
        },
        "Krishna": {
          "position": {
            "16.0": [
              -55,
              -47,
              -35
            ],
            "17.5": [
              0,
              0,
              0
            ]
          },
          "scale": {
            "16.0": [
              0.2,
              0,
              0.3
            ],
            "16.5": [
              1,
              1,
              1
            ],
            "17.0": [
              1,
              1,
              1
            ],
            "17.5": [
              1,
              1,
              1
            ]
          }
        },
        "Parshuram": {
          "position": {
            "11.0": [
              -78,
              -11,
              -10
            ],
            "12.5": [
              0,
              0,
              0
            ]
          },
          "scale": {
            "11.0": [
              0,
              0,
              0.1
            ],
            "11.5": [
              1,
              1,
              1
            ],
            "12.0": [
              1,
              1,
              1
            ],
            "12.5": [
              1,
              1,
              1
            ]
          }
        },
        "Vaman": {
          "position": {
            "8.5": [
              73,
              -19,
              -7
            ],
            "10.0": [
              0,
              0,
              0
            ]
          },
          "scale": {
            "8.5": [
              0,
              0,
              0.2
            ],
            "9.0": [
              1,
              1,
              1
            ],
            "9.5": [
              1,
              1,
              1
            ],
            "10.0": [
              1,
              1,
              1
            ]
          }
        },
        "Kalki": {
          "position": {
            "18.5": [
              -3,
              -53,
              -42
            ],
            "20.0": [
              0,
              0,
              0
            ]
          },
          "scale": {
            "18.5": [
              0,
              1,
              0
            ],
            "19.0": [
              1,
              1,
              1
            ],
            "19.5": [
              1,
              1,
              1
            ],
            "20.0": [
              1,
              1,
              1
            ]
          }
        },
        "Snake": {
          "rotation": {
            "0.0": [
              0,
              0,
              0
            ],
            "0.5": [
              0,
              0,
              -10
            ],
            "1.0": [
              0,
              0,
              12.5
            ],
            "1.5": [
              0,
              0,
              -2.5
            ],
            "2.0": [
              0,
              -30,
              -2.5
            ],
            "2.5": [
              0,
              25,
              -2.5
            ],
            "3.0": [
              0,
              -20,
              -12.5
            ],
            "3.5": [
              0,
              0,
              15
            ],
            "4.0": [
              0,
              0,
              2.5
            ],
            "4.5": [
              -20,
              0,
              2.5
            ],
            "5.0": [
              2.5,
              0,
              2.5
            ],
            "5.5": [
              2.5,
              0,
              17.5
            ],
            "6.0": [
              2.5,
              0,
              2.5
            ],
            "6.5": [
              2.5,
              0,
              20
            ],
            "7.0": [
              2.5,
              0,
              -2.5
            ],
            "7.5": [
              2.5,
              0,
              7.5
            ],
            "8.0": [
              2.5,
              0,
              -2.5
            ],
            "8.5": [
              2.5,
              0,
              15
            ],
            "9.0": [
              2.5,
              0,
              20
            ],
            "9.5": [
              2.5,
              0,
              5
            ],
            "10.0": [
              2.5,
              0,
              -7.5
            ],
            "10.5": [
              2.5,
              0,
              12.5
            ],
            "11.0": [
              2.5,
              0,
              -12.5
            ],
            "11.5": [
              -7.5,
              0,
              -12.5
            ],
            "12.0": [
              -7.5,
              0,
              7.5
            ],
            "12.5": [
              -7.5,
              -22.5,
              2.5
            ],
            "13.0": [
              -7.5,
              15,
              2.5
            ],
            "13.5": [
              -7.5,
              15,
              15
            ],
            "14.0": [
              -32.5,
              15,
              15
            ],
            "14.5": [
              -5,
              15,
              -7.5
            ],
            "14.9583": [
              -5,
              5,
              0
            ],
            "15.5": [
              -5,
              5,
              0
            ],
            "16.0": [
              -5,
              5,
              -27.5
            ],
            "16.5": [
              -5,
              5,
              25
            ],
            "17.0": [
              -5,
              5,
              -25
            ],
            "17.5": [
              -5,
              5,
              12.5
            ],
            "18.0": [
              -5,
              5,
              -12.5
            ],
            "18.5": [
              -5,
              5,
              15
            ],
            "19.0": [
              -65,
              5,
              10
            ],
            "19.5": [
              -17.5,
              5,
              10
            ],
            "20.0": [
              0,
              0,
              0
            ]
          },
          "position": [
            0,
            0,
            0
          ]
        },
        "Kurma": {
          "position": {
            "2.0": [
              33,
              56,
              24
            ],
            "3.5": [
              0,
              0,
              0
            ]
          },
          "scale": {
            "2.0": [
              0.1,
              0,
              0
            ],
            "2.5": [
              1,
              1,
              1
            ],
            "3.0": [
              1,
              1,
              1
            ],
            "3.5": [
              1,
              1,
              1
            ]
          }
        }
      }
    }
  }
}