{
  "format_version": "1.8.0",
  "animations": {
    "animation.pa_kali.no_pose": {
      "loop": "hold_on_last_frame",
      "animation_length": 15,
      "bones": {
        "Mahakali": {
          "position": {
            "0.0": [
              0,
              0,
              43
            ],
            "8.0": [
              0,
              0,
              0
            ]
          }
        },
        "Hand3": {
          "rotation": {
            "10.0": [
              0,
              0,
              -45
            ],
            "11.0": [
              0,
              0,
              0
            ]
          },
          "scale": {
            "10.0": [
              0.3,
              0.2,
              1
            ],
            "11.0": [
              1,
              1,
              1
            ]
          }
        },
        "Hand4": {
          "rotation": {
            "10.0": [
              0,
              0,
              100
            ],
            "11.0": [
              0,
              0,
              0
            ]
          },
          "scale": {
            "10.0": [
              0,
              0,
              1
            ],
            "11.0": [
              1,
              1,
              1
            ]
          }
        },
        "Hand6": {
          "rotation": {
            "10.0": [
              0,
              0,
              -70
            ],
            "11.0": [
              0,
              0,
              0
            ]
          },
          "scale": {
            "10.0": [
              0,
              0.5,
              0.1
            ],
            "11.0": [
              1,
              1,
              1
            ]
          }
        },
        "Hand5": {
          "rotation": {
            "10.0": [
              0,
              0,
              82.5
            ],
            "11.0": [
              0,
              0,
              0
            ]
          },
          "scale": {
            "10.0": [
              0.1,
              0.2,
              1
            ],
            "11.0": [
              1,
              1,
              1
            ]
          }
        },
        "Mahadev": {
          "rotation": {
            "7.875": [
              0,
              0,
              2.5
            ],
            "8.0": [
              0,
              0,
              -7.5
            ],
            "8.0833": [
              0,
              0,
              2.5
            ]
          }
        },
        "bone": {
          "rotation": [
            52.5,
            -7.5,
            0.72
          ]
        },
        "bone2": {
          "rotation": {
            "0.0": [
              130,
              -5,
              2.5
            ],
            "0.5": [
              67.5,
              -5,
              2.5
            ],
            "1.0": [
              -57.5,
              -5,
              2.5
            ],
            "1.5": [
              45,
              -5,
              2.5
            ],
            "2.0": [
              -45,
              -5,
              2.5
            ],
            "2.5": [
              32.5,
              -5,
              2.5
            ],
            "3.0": [
              55,
              -5,
              2.5
            ],
            "3.5": [
              20,
              -5,
              2.5
            ],
            "8.0": [
              41.14,
              -5,
              2.5
            ],
            "8.0833": [
              95,
              -5,
              2.5
            ]
          },
          "position": [
            0,
            -3,
            4
          ]
        },
        "Legs1": {
          "rotation": {
            "0.0": [
              45,
              0,
              0
            ],
            "0.5": [
              -75,
              0,
              0
            ],
            "1.0": [
              47.5,
              0,
              0
            ],
            "1.5": [
              -62.5,
              0,
              0
            ],
            "2.0": [
              30,
              0,
              0
            ],
            "2.5": [
              -65,
              0,
              0
            ],
            "3.0": [
              25,
              0,
              0
            ],
            "3.5": [
              -55,
              0,
              0
            ],
            "4.0": [
              40,
              0,
              0
            ],
            "4.5": [
              -52.5,
              0,
              0
            ],
            "5.0": [
              52.5,
              0,
              0
            ],
            "5.5": [
              -50,
              0,
              0
            ],
            "6.0": [
              32.5,
              0,
              0
            ],
            "6.5": [
              -72.5,
              0,
              0
            ],
            "7.0": [
              12.5,
              0,
              0
            ]
          }
        },
        "bone6": {
          "rotation": [
            2.5,
            0,
            0
          ]
        },
        "bone8": {
          "rotation": [
            17.5,
            0,
            0
          ]
        },
        "Legs2": {
          "rotation": {
            "0.0": [
              0,
              0,
              0
            ],
            "0.5": [
              95,
              0,
              0
            ],
            "1.0": [
              2.5,
              0,
              0
            ],
            "1.5": [
              100,
              0,
              0
            ],
            "2.0": [
              0,
              0,
              0
            ],
            "2.5": [
              80,
              0,
              0
            ],
            "3.0": [
              5,
              0,
              0
            ],
            "3.5": [
              80,
              0,
              0
            ],
            "4.0": [
              0,
              0,
              0
            ],
            "4.5": [
              72.5,
              0,
              0
            ],
            "5.0": [
              2.5,
              0,
              0
            ],
            "5.5": [
              70,
              0,
              0
            ],
            "6.0": [
              -7.5,
              0,
              0
            ],
            "6.5": [
              65,
              0,
              0
            ],
            "7.0": [
              -20,
              0,
              0
            ],
            "8.0": [
              5,
              0,
              0
            ]
          }
        },
        "bone7": {
          "rotation": {
            "6.7917": [
              -57.5,
              0,
              0
            ],
            "7.5": [
              10,
              0,
              0
            ],
            "8.0": [
              -7.5,
              0,
              0
            ]
          }
        },
        "bone11": {
          "rotation": {
            "0.0": [
              -30,
              0,
              0
            ],
            "0.5": [
              2.5,
              0,
              0
            ],
            "1.0": [
              -40,
              0,
              0
            ],
            "1.5": [
              -7.5,
              0,
              0
            ],
            "2.0": [
              -42.5,
              0,
              0
            ],
            "2.5": [
              -5,
              0,
              0
            ],
            "3.0": [
              -5,
              0,
              -32.5
            ],
            "3.5": [
              -5,
              0,
              17.5
            ],
            "4.0": [
              -5,
              0,
              0
            ],
            "4.5": [
              -17.5,
              0,
              0
            ],
            "5.0": [
              0,
              0,
              0
            ],
            "5.5": [
              -37.5,
              0,
              0
            ],
            "6.0": [
              -37.5,
              0,
              22.5
            ],
            "6.5": [
              -17.5,
              0,
              22.5
            ],
            "7.0": [
              -17.5,
              0,
              12.5
            ],
            "7.5": [
              -45,
              0,
              12.5
            ],
            "8.0": [
              -5,
              0,
              5
            ]
          }
        },
        "Hand1": {
          "rotation": {
            "0.0": [
              0,
              0,
              67.5
            ],
            "0.5": [
              92.5,
              -120,
              -40.07
            ],
            "1.0": [
              86.33,
              -112,
              -47.81
            ],
            "1.5": [
              82.66,
              26,
              -36.8
            ],
            "2.0": [
              -1.2,
              -11,
              21.71
            ],
            "2.5": [
              -46.1,
              -25.08,
              16.26
            ],
            "3.0": [
              -41.91,
              -97.8,
              24.45
            ],
            "3.5": [
              -37.72,
              -88.02,
              77.64
            ],
            "4.0": [
              11.47,
              -50.74,
              80.83
            ],
            "4.4583": [
              -64.84,
              -147.43,
              83.75
            ],
            "5.0": [
              -54.92,
              -24.88,
              132.2
            ],
            "5.5": [
              -45.77,
              -100.73,
              127.89
            ],
            "6.0": [
              -39.12,
              -80.58,
              123.58
            ],
            "8.0": [
              0,
              0,
              -1.18
            ]
          }
        },
        "Hand2": {
          "rotation": {
            "0.0": [
              -5,
              -7.5,
              -10
            ],
            "1.4583": [
              -5,
              -7.5,
              -45
            ],
            "2.0417": [
              -5,
              -72.5,
              -34.16
            ],
            "2.7917": [
              -5,
              -16.82,
              -30.8
            ],
            "8.0": [
              -5,
              -7.5,
              -7.5
            ]
          }
        },
        "Hand7": {
          "rotation": {
            "10.0": [
              0,
              0,
              47.5
            ],
            "11.0": [
              0,
              0,
              0
            ]
          },
          "scale": {
            "10.0": [
              0.2,
              0.4,
              1
            ],
            "11.0": [
              1,
              1,
              1
            ]
          }
        },
        "Hand8": {
          "rotation": {
            "10.0": [
              0,
              0,
              -112.5
            ],
            "11.0": [
              0,
              0,
              0
            ]
          },
          "scale": {
            "10.0": [
              0.3,
              0.5,
              0
            ],
            "11.0": [
              1,
              1,
              1
            ]
          }
        },
        "Leg1": {
          "rotation": {
            "0.0": [
              -112.5,
              45,
              0
            ],
            "0.5": [
              -72.5,
              0,
              0
            ],
            "1.0": [
              65,
              0,
              0
            ],
            "1.5": [
              -67.5,
              0,
              0
            ],
            "2.0": [
              72.5,
              0,
              0
            ],
            "2.5": [
              -30,
              0,
              0
            ],
            "3.0": [
              50,
              0,
              0
            ],
            "3.5": [
              -95,
              0,
              0
            ],
            "4.0": [
              72.5,
              0,
              0
            ],
            "4.5": [
              -65,
              0,
              0
            ],
            "5.0": [
              65,
              0,
              0
            ],
            "5.5": [
              -75,
              0,
              0
            ],
            "6.0": [
              40,
              0,
              0
            ],
            "6.5": [
              -67.5,
              0,
              0
            ],
            "7.0": [
              17.5,
              0,
              0
            ],
            "8.0": [
              -100,
              0,
              0
            ]
          }
        },
        "Leg2": {
          "rotation": {
            "0.5": [
              7.5,
              0,
              0
            ],
            "1.0": [
              -70,
              0,
              0
            ],
            "1.5": [
              65,
              0,
              0
            ],
            "2.0": [
              -72.5,
              0,
              0
            ],
            "2.5": [
              72.5,
              0,
              0
            ],
            "3.0": [
              -35,
              0,
              0
            ],
            "3.5": [
              45,
              0,
              0
            ],
            "4.0": [
              -72.5,
              0,
              0
            ],
            "4.5": [
              70,
              0,
              0
            ],
            "5.0": [
              -65,
              0,
              0
            ],
            "5.5": [
              42.5,
              0,
              0
            ],
            "6.0": [
              -70,
              0,
              0
            ],
            "6.5": [
              40,
              0,
              0
            ],
            "7.0": [
              -102.5,
              0,
              0
            ],
            "8.0": [
              10,
              0,
              0
            ]
          }
        },
        "bone3": {
          "rotation": [
            -17.5,
            0,
            0
          ]
        },
        "bone5": {
          "rotation": {
            "0.5": [
              -7.5,
              0,
              0
            ],
            "1.0": [
              67.5,
              0,
              0
            ],
            "1.5": [
              5,
              0,
              0
            ],
            "2.0": [
              45,
              0,
              0
            ],
            "2.5": [
              -20,
              0,
              0
            ],
            "3.0": [
              25,
              0,
              0
            ],
            "3.5": [
              42.5,
              0,
              0
            ],
            "8.0": [
              -10,
              0,
              0
            ]
          },
          "position": [
            0,
            0,
            -2
          ]
        },
        "Head": {
          "rotation": {
            "8.25": [
              0,
              0,
              0
            ],
            "8.5": [
              27.5,
              20,
              0
            ],
            "10.0": [
              -17.5,
              5,
              0
            ],
            "11.0": [
              -22.5,
              5,
              0
            ],
            "12.0": [
              -15,
              5,
              0
            ]
          }
        }
      }
    }
  }
}