{
  "format_version": "1.8.0",
  "animations": {
    "animation.pa_tutarivadak.no_pose": {
      "loop": "hold_on_last_frame",
      "animation_length": 1.54167,
      "bones": {
        "Man": {
          "rotation": [
            0,
            0,
            0
          ]
        },
        "Body": {
          "rotation": {
            "0.0": [
              50,
              0,
              0
            ],
            "1.5": [
              0,
              0,
              0
            ]
          }
        },
        "Face1": {
          "rotation": [
            5,
            0,
            0
          ]
        },
        "Handcontroll": {
          "rotation": [
            7.5,
            0,
            0
          ]
        },
        "Leg1": {
          "rotation": {
            "0.0": [
              2.5,
              0,
              0
            ],
            "1.5417": [
              0,
              0,
              0
            ]
          }
        },
        "bone8": {
          "rotation": {
            "0.0": [
              -22.5,
              0,
              0
            ],
            "1.5417": [
              0,
              0,
              0
            ]
          }
        },
        "Leg2": {
          "rotation": {
            "0.0": [
              45,
              0,
              0
            ],
            "1.5417": [
              0,
              0,
              0
            ]
          }
        },
        "bone9": {
          "rotation": {
            "0.0": [
              -62.5,
              0,
              0
            ],
            "1.5417": [
              0,
              0,
              0
            ]
          }
        },
        "Tutari": {
          "rotation": {
            "0.0": [
              -45,
              0,
              0
            ],
            "1.5": [
              -15,
              0,
              0
            ]
          }
        }
      }
    }
  }
}