{
  "format_version": "1.8.0",
  "animations": {
    "animation.pa_tashavadak.no_pose": {
      "loop": true,
      "animation_length": 0.5,
      "bones": {
        "Hand1": {
          "rotation": [
            42.5,
            -37.5,
            0
          ]
        },
        "bone4": {
          "rotation": {
            "0.0": [
              -2.5,
              -12.5,
              0
            ],
            "0.0833": [
              -2.5,
              -2.5,
              0
            ],
            "0.1667": [
              -2.5,
              -12.5,
              0
            ],
            "0.25": [
              -2.5,
              -2.5,
              0
            ],
            "0.3333": [
              -2.5,
              -12.5,
              0
            ],
            "0.4167": [
              -2.5,
              -2.5,
              0
            ],
            "0.5": [
              -2.5,
              -12.5,
              0
            ]
          }
        },
        "Hand2": {
          "rotation": [
            30,
            47.5,
            7.5
          ]
        },
        "bone5": {
          "rotation": {
            "0.0": [
              0,
              17.5,
              -15
            ],
            "0.0833": [
              0,
              -10,
              -15
            ],
            "0.1667": [
              0,
              17.5,
              -15
            ],
            "0.25": [
              0,
              -10,
              -15
            ],
            "0.3333": [
              0,
              17.5,
              -15
            ],
            "0.4167": [
              0,
              -10,
              -15
            ],
            "0.5": [
              0,
              17.5,
              -15
            ]
          }
        }
      }
    }
  }
}