{
  "format_version": "1.8.0",
  "minecraft:entity": {
    "description": {
      "identifier": "ms:mawla",
      "is_spawnable": true,
      "is_summonable": true,
      "is_experimental": false
    },
    "component_groups": {
      "minecraft:player_created": {
        "minecraft:behavior.hurt_by_target": {
          "priority": 2,
          "entity_types": {
            "filters": {
              "all_of": [
                {
                  "test": "is_family",
                  "subject": "other",
                  "operator": "!=",
                  "value": "player"
                },
                {
                  "test": "is_family",
                  "subject": "other",
                  "operator": "!=",
                  "value": "creeper"
                }
              ]
            }
          }
        }
      },
      "minecraft:village_created": {
        "minecraft:behavior.defend_village_target": {
          "priority": 1
        },
        "minecraft:dweller": {
          "dwelling_type": "village",
          "dweller_role": "defender",
          "update_interval_base": 60,
          "update_interval_variant": 40,
          "can_find_poi": false,
          "can_migrate": true,
          "first_founding_reward": 0
        }
      }
    },
    "components": {
      "minecraft:type_family": {
        "family": [
          "irongolem",
          "villager"
        ]
      },
      "minecraft:nameable": {
        "alwaysShow": false,
        "allowNameTagRenaming": false
      },
      "minecraft:collision_box": {
        "height": 2.9,
        "width": 1.4
      },
      "minecraft:health": {
        "value": 100,
        "max": 100
      },
      "minecraft:movement": {
        "value": 0.25
      },
      "minecraft:navigation.walk": {
        "can_path_over_water": false,
        "avoid_water": true,
        "avoid_damage_blocks": true
      },
      "minecraft:movement.basic": {},
      "minecraft:jump.static": {},
      "minecraft:can_climb": {},
      "minecraft:attack": {
        "damage": 30
      },
      "minecraft:fall_damage": {
        "value": 0.0
      },
      "minecraft:knockback_resistance": {
        "value": 1.0,
        "max": 1.0
      },
      "minecraft:leashable": {
        "soft_distance": 4.0,
        "hard_distance": 6.0,
        "max_distance": 10.0
      },
      "minecraft:balloonable": {},
      "minecraft:preferred_path": {
        "max_fall_blocks": 1,
        "jump_cost": 5,
        "default_block_cost": 1.5,
        "preferred_path_blocks": [
          {
            "cost": 0,
            "blocks": [
              "grass_path"
            ]
          },
          {
            "cost": 1,
            "blocks": [
              "cobblestone",
              "stone",
              "stonebrick",
              "sandstone",
              "mossy_cobblestone",
              "stone_slab",
              "stone_slab2",
              "stone_slab3",
              "stone_slab4",
              "double_stone_slab",
              "double_stone_slab2",
              "double_stone_slab3",
              "double_stone_slab4",
              "wooden_slab",
              "double_wooden_slab",
              "planks",
              "brick_block",
              "nether_brick",
              "red_nether_brick",
              "end_bricks",
              "red_sandstone",
              "stained_glass",
              "glass",
              "glowstone",
              "prismarine",
              "emerald_block",
              "diamond_block",
              "lapis_block",
              "gold_block",
              "redstone_block",
              "purple_glazed_terracotta",
              "white_glazed_terracotta",
              "orange_glazed_terracotta",
              "magenta_glazed_terracotta",
              "light_blue_glazed_terracotta",
              "yellow_glazed_terracotta",
              "lime_glazed_terracotta",
              "pink_glazed_terracotta",
              "gray_glazed_terracotta",
              "silver_glazed_terracotta",
              "cyan_glazed_terracotta",
              "blue_glazed_terracotta",
              "brown_glazed_terracotta",
              "green_glazed_terracotta",
              "red_glazed_terracotta",
              "black_glazed_terracotta"
            ]
          },
          {
            "cost": 50,
            "blocks": [
              "bed",
              "lectern",
              "composter",
              "grindstone",
              "blast_furnace",
              "smoker",
              "fletching_table",
              "cartography_table",
              "brewing_stand",
              "smithing_table",
              "cauldron",
              "barrel",
              "loom",
              "stonecutter"
            ]
          }
        ]
      },
      "minecraft:behavior.move_towards_target": {
        "priority": 2,
        "speed_multiplier": 0.9,
        "within_radius": 32
      },
      "minecraft:behavior.move_through_village": {
        "priority": 3,
        "speed_multiplier": 0.6,
        "only_at_night": true
      },
      "minecraft:behavior.move_towards_restriction": {
        "priority": 4,
        "speed_multiplier": 1
      },
      "minecraft:behavior.offer_flower": {
        "priority": 5
      },
      "minecraft:behavior.random_stroll": {
        "priority": 6,
        "speed_multiplier": 1,
        "xz_dist": 16
      },
      "minecraft:behavior.look_at_player": {
        "priority": 7,
        "look_distance": 6.0,
        "probability": 0.02
      },
      "minecraft:behavior.random_look_around": {
        "priority": 8
      },
      "minecraft:behavior.nearest_attackable_target": {
        "priority": 3,
        "entity_types": [
          {
            "filters": {
              "any_of": [
                {
                  "test": "is_family",
                  "subject": "other",
                  "value": "hoglin"
                },
                {
                  "test": "is_family",
                  "subject": "other",
                  "value": "hoglin_baby"
                },
                {
                  "test": "is_family",
                  "subject": "other",
                  "value": "pillager"
                },
                {
                  "test": "is_family",
                  "subject": "other",
                  "value": "monster"
                },
                {
                  "test": "is_family",
                  "subject": "other",
                  "value": "illager"
                },
                {
                  "test": "is_family",
                  "subject": "other",
                  "value": "ravager"
                },
                {
                  "test": "is_family",
                  "subject": "other",
                  "value": "blaze"
                },
                {
                  "test": "is_family",
                  "subject": "other",
                  "value": "cavespider"
                },
                {
                  "test": "is_family",
                  "subject": "other",
                  "value": "creeper"
                },
                {
                  "test": "is_family",
                  "subject": "other",
                  "value": "drowned"
                },
                {
                  "test": "is_family",
                  "subject": "other",
                  "value": "zombie"
                },
                {
                  "test": "is_family",
                  "subject": "other",
                  "value": "undead"
                },
                {
                  "test": "is_family",
                  "subject": "other",
                  "value": "guardian_elder"
                },
                {
                  "test": "is_family",
                  "subject": "other",
                  "value": "dragon"
                },
                {
                  "test": "is_family",
                  "subject": "other",
                  "value": "enderman"
                },
                {
                  "test": "is_family",
                  "subject": "other",
                  "value": "endermite"
                },
                {
                  "test": "is_family",
                  "subject": "other",
                  "value": "evocation_illager"
                },
                {
                  "test": "is_family",
                  "subject": "other",
                  "value": "ghast"
                },
                {
                  "test": "is_family",
                  "subject": "other",
                  "value": "husk"
                },
                {
                  "test": "is_family",
                  "subject": "other",
                  "value": "phantom"
                },
                {
                  "test": "is_family",
                  "subject": "other",
                  "value": "silverfish"
                },
                {
                  "test": "is_family",
                  "subject": "other",
                  "value": "skeleton"
                },
                {
                  "test": "is_family",
                  "subject": "other",
                  "value": "skeletonhorse"
                },
                {
                  "test": "is_family",
                  "subject": "other",
                  "value": "slime"
                },
                {
                  "test": "is_family",
                  "subject": "other",
                  "value": "vex"
                },
                {
                  "test": "is_family",
                  "subject": "other",
                  "value": "vindicator"
                },
                {
                  "test": "is_family",
                  "subject": "other",
                  "value": "witch"
                },
                {
                  "test": "is_family",
                  "subject": "other",
                  "value": "wither"
                },
                {
                  "test": "is_family",
                  "subject": "other",
                  "value": "zombiehorse"
                },
                {
                  "test": "is_family",
                  "subject": "other",
                  "value": "zombie_pigman"
                },
                {
                  "test": "is_family",
                  "subject": "other",
                  "value": "zombie_villager"
                }
              ]
            },
            "max_dist": 100,
            "must_see": false
          }
        ],
        "must_see": false,
        "must_reach": true,
        "within_radius": 15
      },
      "minecraft:behavior.hurt_by_target": {
        "priority": 3
      },
      "minecraft:physics": {},
      "minecraft:follow_range": {
        "value": 64
      },
      "minecraft:behavior.open_door": {
        "on_death": "query.last_hit_by_player ? 10 : 0",
        "close_door_after": true
      },
      "minecraft:experience_reward": {
        "on_death": "query.last_hit_by_player ? 10 : 0"
      },
      "minecraft:underwater_movement": {
        "value": 0.02
      },
      "minecraft:scale": {
        "value": 1
      },
      "minecraft:inventory": {
        "inventory_size": 20,
        "container_type": "container"
      },
      "minecraft:behavior.owner_hurt_by_target": {
        "priority": 1
      },
      "minecraft:behavior.owner_hurt_target": {
        "priority": 2
      },
      "minecraft:behavior.avoid_mob_type": {
        "priority": 3,
        "entity_types": [
          {
            "filters": {
              "other_with_families": [
                "ocelot",
                "player"
              ]
            },
            "max_dist": 6,
            "walk_speed_multiplier": 1.0,
            "sprint_speed_multiplier": 1.2
          }
        ],
        "max_dist": 6,
        "walk_speed_multiplier": 1.0,
        "sprint_speed_multiplier": 1.2,
        "sneak_speed_multiplier": 1.0
      },
      "minecraft:behavior.float": {
        "priority": 2,
        "speed_multiplier": 1.0
      },
      "minecraft:tameable": {
        "probability": 0.33,
        "tameItems": [
          "fish",
          "salmon"
        ],
        "tame_event": {
          "event": "minecraft:on_tame",
          "target": "self"
        }
      },
      "minecraft:behavior.follow_owner": {
        "start_distance": 10.0,
        "speed_multiplier": 1.0,
        "stop_distance": 2.0,
        "priority": 6
      },
      "minecraft:on_death": {
        "event": "on:death",
        "target": "self"
      },
      "minecraft:on_hurt": {
        "event": "on:hurt",
        "target": "self"
      },
      "minecraft:on_hurt_by_player": {
        "event": "on:hurt_by_player",
        "target": "self"
      },
      "minecraft:on_ignite": {
        "event": "on:ignite",
        "target": "self"
      },
      "minecraft:on_target_acquired": {
        "event": "on:target_acquired",
        "target": "self"
      },
      "minecraft:on_target_escape": {
        "event": "on:target_escape",
        "target": "self"
      },
      "minecraft:on_wake_with_owner": {
        "event": "on:wake_with_owner",
        "target": "self"
      },
      "minecraft:behavior.melee_attack": {
        "priority": 2,
        "speed_multiplier": 1.0,
        "target_dist": 0.0,
        "max_dist": 3,
        "random_stop_interval": 100,
        "track_target": false,
        "reach_multiplier": 1.4
      },
      "minecraft:annotation.open_door": {},
      "minecraft:behavior.pickup_items": {
        "can_pickup_any_item": true,
        "can_pickup_to_hand_or_equipment": false,
        "goal_radius": "0",
        "max_dist": "0",
        "pickup_based_on_chance": false,
        "speed_multiplier": "0",
        "track_target": false
      },
      "minecraft:loot": {
        "table": "loot_tables/entities/ms_mawla.json"
      }
    },
    "events": {
      "minecraft:from_player": {
        "add": {
          "component_groups": [
            "minecraft:player_created"
          ]
        }
      },
      "minecraft:from_village": {
        "add": {
          "component_groups": [
            "minecraft:village_created"
          ]
        }
      },
      "on:death": {
        "run_command": {
          "command": []
        }
      },
      "on:hurt": {
        "run_command": {
          "command": []
        }
      },
      "on:hurt_by_player": {
        "run_command": {
          "command": []
        }
      },
      "on:ignite": {
        "run_command": {
          "command": []
        }
      },
      "on:target_acquired": {
        "run_command": {
          "command": []
        }
      },
      "on:target_escape": {
        "run_command": {
          "command": []
        }
      },
      "on:wake_with_owner": {
        "run_command": {
          "command": []
        }
      }
    }
  }
}