{
  "format_version": "1.11",
  "minecraft:entity": {
    "description": {
      "identifier": "minecraft:player",
      "is_spawnable": false,
      "is_summonable": false,
      "is_experimental": false,
      "scripts": {
        "animate": [
          "walk",
          "ms:mawala_hat",
          "ms:sadra",
          "ms:kolhapuri",
          "ms:dhotar",
          "ms:pushp_mala",
          "ms:feta"
        ]
      },
      "animations": {
        "walk": "controller.animation.walk",
        "ms:mawala_hat": "controller.animation.ms_mawala_hat",
        "ms:sadra": "controller.animation.ms_sadra",
        "ms:kolhapuri": "controller.animation.ms_kolhapuri",
        "ms:dhotar": "controller.animation.ms_dhotar",
        "ms:pushp_mala": "controller.animation.ms_pushp_mala",
        "ms:feta": "controller.animation.ms_feta"
      }
    },
    "component_groups": {
      "pamobile:respawn": {
        "minecraft:mark_variant": {
          "value": 99999
        },
        "minecraft:health": {
          "value": 20,
          "max": 20
        },
        "minecraft:movement": {
          "value": 0.1
        },
        "minecraft:attack": {
          "damage": 1
        },
        "minecraft:spell_effects": {
          "remove_effects": []
        }
      },
      "ammo:1": {
        "minecraft:mark_variant": {
          "value": 1
        }
      },
      "ms:mawala_hat_event_play": {
        "minecraft:health": {
          "value": 22,
          "max": 22
        },
        "minecraft:movement": {
          "value": 0.1
        },
        "minecraft:spell_effects": {
          "add_effects": [
            {
              "effect": "haste",
              "duration": 60000,
              "amplifier": 1,
              "display_on_screen_animation": false
            },
            {
              "effect": "health_boost",
              "duration": 60000,
              "amplifier": 1,
              "display_on_screen_animation": false
            },
            {
              "effect": "village_hero",
              "duration": 60000,
              "amplifier": 1,
              "display_on_screen_animation": false
            },
            {
              "effect": "jump_boost",
              "duration": 60000,
              "amplifier": 1,
              "display_on_screen_animation": false
            },
            {
              "effect": "night_vision",
              "duration": 60000,
              "amplifier": 1,
              "display_on_screen_animation": false
            },
            {
              "effect": "resistance",
              "duration": 60000,
              "amplifier": 1,
              "display_on_screen_animation": false
            }
          ]
        }
      },
      "ms:sadra_event_play": {
        "minecraft:health": {
          "value": 22,
          "max": 22
        },
        "minecraft:movement": {
          "value": 0.1
        },
        "minecraft:spell_effects": {
          "add_effects": []
        }
      },
      "ms:kolhapuri_event_play": {
        "minecraft:health": {
          "value": 22,
          "max": 22
        },
        "minecraft:movement": {
          "value": 0.1
        },
        "minecraft:spell_effects": {
          "add_effects": []
        }
      },
      "ms:dhotar_event_play": {
        "minecraft:health": {
          "value": 22,
          "max": 22
        },
        "minecraft:movement": {
          "value": 0.1
        },
        "minecraft:spell_effects": {
          "add_effects": []
        }
      },
      "ms:pushp_mala_event_play": {
        "minecraft:health": {
          "value": 22,
          "max": 22
        },
        "minecraft:movement": {
          "value": 0.1
        },
        "minecraft:spell_effects": {
          "add_effects": []
        }
      },
      "ms:feta_event_play": {
        "minecraft:health": {
          "value": 22,
          "max": 22
        },
        "minecraft:movement": {
          "value": 0.1
        },
        "minecraft:spell_effects": {
          "add_effects": []
        }
      }
    },
    "components": {
      "minecraft:type_family": {
        "family": [
          "player"
        ]
      },
      "minecraft:loot": {
        "table": "loot_tables/empty.json"
      },
      "minecraft:collision_box": {
        "width": 0.6,
        "height": 1.8
      },
      "minecraft:can_climb": {},
      "minecraft:movement": {
        "value": 0.1
      },
      "minecraft:environment_sensor": [
        {
          "on_environment": {
            "filters": {
              "any_of": [
                {
                  "test": "is_family",
                  "subject": "self",
                  "value": "player"
                }
              ]
            },
            "event": "pamobile:refresh_player"
          }
        },
        {
          "on_environment": {
            "filters": {
              "all_of": [
                {
                  "test": "has_equipment",
                  "subject": "self",
                  "domain": "hand",
                  "value": "ms:mawala_hat"
                }
              ]
            },
            "event": "ms:mawala_hat_event_hold"
          }
        },
        {
          "on_environment": {
            "filters": {
              "all_of": [
                {
                  "test": "has_equipment",
                  "subject": "self",
                  "domain": "head",
                  "value": "ms:mawala_hat"
                }
              ]
            },
            "event": "ms:mawala_hat_event_play"
          }
        },
        {
          "on_environment": {
            "filters": {
              "all_of": [
                {
                  "test": "has_equipment",
                  "subject": "self",
                  "domain": "hand",
                  "value": "ms:sadra"
                }
              ]
            },
            "event": "ms:sadra_event_hold"
          }
        },
        {
          "on_environment": {
            "filters": {
              "all_of": [
                {
                  "test": "has_equipment",
                  "subject": "self",
                  "domain": "head",
                  "value": "ms:sadra"
                }
              ]
            },
            "event": "ms:sadra_event_play"
          }
        },
        {
          "on_environment": {
            "filters": {
              "all_of": [
                {
                  "test": "has_equipment",
                  "subject": "self",
                  "domain": "hand",
                  "value": "ms:kolhapuri"
                }
              ]
            },
            "event": "ms:kolhapuri_event_hold"
          }
        },
        {
          "on_environment": {
            "filters": {
              "all_of": [
                {
                  "test": "has_equipment",
                  "subject": "self",
                  "domain": "head",
                  "value": "ms:kolhapuri"
                }
              ]
            },
            "event": "ms:kolhapuri_event_play"
          }
        },
        {
          "on_environment": {
            "filters": {
              "all_of": [
                {
                  "test": "has_equipment",
                  "subject": "self",
                  "domain": "hand",
                  "value": "ms:dhotar"
                }
              ]
            },
            "event": "ms:dhotar_event_hold"
          }
        },
        {
          "on_environment": {
            "filters": {
              "all_of": [
                {
                  "test": "has_equipment",
                  "subject": "self",
                  "domain": "head",
                  "value": "ms:dhotar"
                }
              ]
            },
            "event": "ms:dhotar_event_play"
          }
        },
        {
          "on_environment": {
            "filters": {
              "all_of": [
                {
                  "test": "has_equipment",
                  "subject": "self",
                  "domain": "hand",
                  "value": "ms:pushp_mala"
                }
              ]
            },
            "event": "ms:pushp_mala_event_hold"
          }
        },
        {
          "on_environment": {
            "filters": {
              "all_of": [
                {
                  "test": "has_equipment",
                  "subject": "self",
                  "domain": "head",
                  "value": "ms:pushp_mala"
                }
              ]
            },
            "event": "ms:pushp_mala_event_play"
          }
        },
        {
          "on_environment": {
            "filters": {
              "all_of": [
                {
                  "test": "has_equipment",
                  "subject": "self",
                  "domain": "hand",
                  "value": "ms:feta"
                }
              ]
            },
            "event": "ms:feta_event_hold"
          }
        },
        {
          "on_environment": {
            "filters": {
              "all_of": [
                {
                  "test": "has_equipment",
                  "subject": "self",
                  "domain": "head",
                  "value": "ms:feta"
                }
              ]
            },
            "event": "ms:feta_event_play"
          }
        }
      ],
      "minecraft:player.saturation": {
        "value": 20
      },
      "minecraft:player.exhaustion": {
        "value": 0,
        "max": 4
      },
      "minecraft:player.level": {
        "value": 0,
        "max": 24791
      },
      "minecraft:player.experience": {
        "value": 0,
        "max": 1
      },
      "minecraft:breathable": {
        "totalSupply": 15,
        "suffocateTime": -1,
        "inhaleTime": 3.75,
        "generatesBubbles": false
      },
      "minecraft:nameable": {
        "alwaysShow": true,
        "allowNameTagRenaming": false
      },
      "minecraft:physics": {},
      "minecraft:insomnia": {
        "days_until_insomnia": 3
      },
      "minecraft:rideable": {
        "seat_count": 2,
        "family_types": [
          "parrot_tame"
        ],
        "pull_in_entities": true,
        "seats": [
          {
            "position": [
              0.4,
              -0.15,
              0.04
            ],
            "min_rider_count": 0,
            "max_rider_count": 0,
            "lock_rider_rotation": 0
          },
          {
            "position": [
              -0.4,
              -0.15,
              0.04
            ],
            "min_rider_count": 1,
            "max_rider_count": 2,
            "lock_rider_rotation": 0
          }
        ]
      },
      "minecraft:scaffolding_climber": {}
    },
    "events": {
      "pamobile:refresh_player": {
        "add": {
          "component_groups": [
            "pamobile:respawn"
          ]
        },
        "remove": {
          "component_groups": [
            "ms:mawala_hat_event_hold",
            "ms:mawala_hat_event_play",
            "ms:sadra_event_hold",
            "ms:sadra_event_play",
            "ms:kolhapuri_event_hold",
            "ms:kolhapuri_event_play",
            "ms:dhotar_event_hold",
            "ms:dhotar_event_play",
            "ms:pushp_mala_event_hold",
            "ms:pushp_mala_event_play",
            "ms:feta_event_hold",
            "ms:feta_event_play"
          ]
        }
      },
      "minecraft:entity_spawned": {
        "add": {
          "component_groups": [
            "pamobile:respawn"
          ]
        },
        "remove": {}
      },
      "ammo:1": {
        "remove": {
          "component_groups": [
            "ammo:1"
          ]
        },
        "add": {
          "component_groups": [
            "ammo:1"
          ]
        }
      },
      "ammo:2": {
        "remove": {
          "component_groups": [
            "ammo:2"
          ]
        },
        "add": {
          "component_groups": [
            "ammo:2"
          ]
        }
      },
      "ms:mawala_hat_event_hold": {
        "add": {
          "component_groups": [
            "ms:mawala_hat_event_hold"
          ]
        }
      },
      "ms:mawala_hat_event_play": {
        "add": {
          "component_groups": [
            "ms:mawala_hat_event_play"
          ]
        }
      },
      "ms:sadra_event_hold": {
        "add": {
          "component_groups": [
            "ms:sadra_event_hold"
          ]
        }
      },
      "ms:sadra_event_play": {
        "add": {
          "component_groups": [
            "ms:sadra_event_play"
          ]
        }
      },
      "ms:kolhapuri_event_hold": {
        "add": {
          "component_groups": [
            "ms:kolhapuri_event_hold"
          ]
        }
      },
      "ms:kolhapuri_event_play": {
        "add": {
          "component_groups": [
            "ms:kolhapuri_event_play"
          ]
        }
      },
      "ms:dhotar_event_hold": {
        "add": {
          "component_groups": [
            "ms:dhotar_event_hold"
          ]
        }
      },
      "ms:dhotar_event_play": {
        "add": {
          "component_groups": [
            "ms:dhotar_event_play"
          ]
        }
      },
      "ms:pushp_mala_event_hold": {
        "add": {
          "component_groups": [
            "ms:pushp_mala_event_hold"
          ]
        }
      },
      "ms:pushp_mala_event_play": {
        "add": {
          "component_groups": [
            "ms:pushp_mala_event_play"
          ]
        }
      },
      "ms:feta_event_hold": {
        "add": {
          "component_groups": [
            "ms:feta_event_hold"
          ]
        }
      },
      "ms:feta_event_play": {
        "add": {
          "component_groups": [
            "ms:feta_event_play"
          ]
        }
      }
    }
  }
}