{
  "format_version": "1.12.0",
  "minecraft:geometry": [
    {
      "description": {
        "identifier": "geometry.ms_ayyappa",
        "texture_width": 256,
        "texture_height": 256,
        "visible_bounds_width": 5,
        "visible_bounds_height": 6,
        "visible_bounds_offset": [
          0,
          2,
          0
        ]
      },
      "bones": [
        {
          "name": "Ayappa"
        },
        {
          "name": "Legs",
          "cubes": [
            {
              "origin": [
                -5.0,
                20.0,
                -1.75
              ],
              "size": [
                10.0,
                3.0,
                6.0
              ],
              "uv": [
                60,
                81
              ],
              "inflate": 0
            }
          ],
          "parent": "Ayappa"
        },
        {
          "name": "Leg",
          "pivot": [
            -3,
            21,
            2
          ],
          "parent": "Legs",
          "rotation": [
            0,
            15,
            0
          ]
        },
        {
          "name": "Joinleg",
          "pivot": [
            -2.5,
            21,
            1.5
          ],
          "cubes": [
            {
              "origin": [
                -5.0,
                11.0,
                -1.0
              ],
              "size": [
                5.0,
                10.0,
                5.0
              ],
              "uv": [
                0,
                25
              ],
              "inflate": 0
            }
          ],
          "parent": "Leg",
          "rotation": [
            -128.40688,
            -4.73054,
            -51.84375
          ]
        },
        {
          "name": "Midleg",
          "pivot": [
            -2.5,
            12,
            1.25
          ],
          "cubes": [
            {
              "origin": [
                -4.5,
                3.0,
                -0.75
              ],
              "size": [
                4.0,
                9.0,
                4.0
              ],
              "uv": [
                93,
                109
              ],
              "inflate": 0
            }
          ],
          "parent": "Joinleg",
          "rotation": [
            147.5,
            0,
            -5
          ]
        },
        {
          "name": "Paul",
          "pivot": [
            -2.48864,
            3,
            1.29545
          ],
          "cubes": [
            {
              "origin": [
                -5.0,
                0.0,
                2.0
              ],
              "size": [
                5.0,
                1.0,
                3.0
              ],
              "uv": [
                21,
                113
              ],
              "inflate": 0
            },
            {
              "origin": [
                -5.0,
                0.0,
                -3.0
              ],
              "size": [
                5.0,
                1.0,
                3.0
              ],
              "uv": [
                110,
                85
              ],
              "inflate": 0
            },
            {
              "origin": [
                -5.0,
                0.5,
                0.0
              ],
              "size": [
                5.0,
                1.0,
                2.0
              ],
              "uv": [
                119,
                5
              ],
              "inflate": 0
            },
            {
              "origin": [
                -5.0,
                0.0,
                -5.0
              ],
              "size": [
                1.0,
                1.0,
                2.0
              ],
              "uv": [
                48,
                95
              ],
              "inflate": 0
            },
            {
              "origin": [
                -4.0,
                0.0,
                -5.5
              ],
              "size": [
                1.0,
                1.0,
                3.0
              ],
              "uv": [
                71,
                110
              ],
              "inflate": 0
            },
            {
              "origin": [
                -3.0,
                0.0,
                -5.75
              ],
              "size": [
                1.0,
                1.0,
                3.0
              ],
              "uv": [
                61,
                106
              ],
              "inflate": 0
            },
            {
              "origin": [
                -2.0,
                0.0,
                -6.0
              ],
              "size": [
                1.0,
                1.0,
                3.0
              ],
              "uv": [
                105,
                95
              ],
              "inflate": 0
            },
            {
              "origin": [
                -1.0,
                0.0,
                -5.75
              ],
              "size": [
                1.25,
                1.0,
                3.0
              ],
              "uv": [
                78,
                90
              ],
              "inflate": 0
            },
            {
              "origin": [
                -5.0,
                1.0,
                -2.25
              ],
              "size": [
                5.0,
                1.0,
                7.0
              ],
              "uv": [
                107,
                56
              ],
              "inflate": 0
            },
            {
              "origin": [
                -5.0,
                2.0,
                -1.25
              ],
              "size": [
                5.0,
                1.0,
                5.0
              ],
              "uv": [
                109,
                95
              ],
              "inflate": 0
            },
            {
              "origin": [
                -5.0,
                0.5,
                -4.25
              ],
              "size": [
                5.0,
                1.0,
                2.0
              ],
              "uv": [
                115,
                81
              ],
              "inflate": 0
            }
          ],
          "parent": "Midleg",
          "rotation": [
            0,
            0,
            37.5
          ]
        },
        {
          "name": "Leg2",
          "pivot": [
            2,
            21,
            2
          ],
          "parent": "Legs",
          "rotation": [
            0,
            -15,
            0
          ]
        },
        {
          "name": "Joinleg2",
          "pivot": [
            2.5,
            21,
            1.5
          ],
          "cubes": [
            {
              "origin": [
                0.0,
                11.0,
                -1.0
              ],
              "size": [
                5.0,
                10.0,
                5.0
              ],
              "uv": [
                0,
                0
              ],
              "inflate": 0
            }
          ],
          "parent": "Leg2",
          "rotation": [
            -141.85454,
            -7.16701,
            49.04491
          ]
        },
        {
          "name": "Midleg2",
          "pivot": [
            2.5,
            12,
            1.25
          ],
          "cubes": [
            {
              "origin": [
                0.5,
                3.0,
                -0.75
              ],
              "size": [
                4.0,
                9.0,
                4.0
              ],
              "uv": [
                0,
                50
              ],
              "inflate": 0
            }
          ],
          "parent": "Joinleg2",
          "rotation": [
            155,
            0,
            5
          ]
        },
        {
          "name": "Paul2",
          "pivot": [
            2.51136,
            3,
            1.29545
          ],
          "cubes": [
            {
              "origin": [
                0.0,
                0.0,
                2.0
              ],
              "size": [
                5.0,
                1.0,
                3.0
              ],
              "uv": [
                102,
                81
              ],
              "inflate": 0
            },
            {
              "origin": [
                0.0,
                0.0,
                -3.0
              ],
              "size": [
                5.0,
                1.0,
                3.0
              ],
              "uv": [
                86,
                81
              ],
              "inflate": 0
            },
            {
              "origin": [
                0.0,
                0.5,
                0.0
              ],
              "size": [
                5.0,
                1.0,
                2.0
              ],
              "uv": [
                83,
                110
              ],
              "inflate": 0
            },
            {
              "origin": [
                4.0,
                0.0,
                -5.0
              ],
              "size": [
                1.0,
                1.0,
                2.0
              ],
              "uv": [
                60,
                81
              ],
              "inflate": 0
            },
            {
              "origin": [
                3.0,
                0.0,
                -5.5
              ],
              "size": [
                1.0,
                1.0,
                3.0
              ],
              "uv": [
                55,
                81
              ],
              "inflate": 0
            },
            {
              "origin": [
                2.0,
                0.0,
                -5.75
              ],
              "size": [
                1.0,
                1.0,
                3.0
              ],
              "uv": [
                25,
                81
              ],
              "inflate": 0
            },
            {
              "origin": [
                1.0,
                0.0,
                -6.0
              ],
              "size": [
                1.0,
                1.0,
                3.0
              ],
              "uv": [
                15,
                40
              ],
              "inflate": 0
            },
            {
              "origin": [
                0.0,
                0.0,
                -5.75
              ],
              "size": [
                1.25,
                1.0,
                3.0
              ],
              "uv": [
                15,
                0
              ],
              "inflate": 0
            },
            {
              "origin": [
                0.0,
                1.0,
                -2.25
              ],
              "size": [
                5.0,
                1.0,
                7.0
              ],
              "uv": [
                0,
                106
              ],
              "inflate": 0
            },
            {
              "origin": [
                0.0,
                2.0,
                -1.25
              ],
              "size": [
                5.0,
                1.0,
                5.0
              ],
              "uv": [
                0,
                40
              ],
              "inflate": 0
            },
            {
              "origin": [
                0.0,
                0.5,
                -4.25
              ],
              "size": [
                5.0,
                1.0,
                2.0
              ],
              "uv": [
                38,
                102
              ],
              "inflate": 0
            }
          ],
          "parent": "Midleg2",
          "rotation": [
            0,
            0,
            -22.5
          ]
        },
        {
          "name": "Body",
          "pivot": [
            0,
            21,
            0
          ],
          "cubes": [
            {
              "origin": [
                -4.0,
                21.0,
                -1.0
              ],
              "size": [
                8.0,
                2.0,
                5.0
              ],
              "uv": [
                71,
                103
              ],
              "inflate": 0
            },
            {
              "origin": [
                -5.0,
                27.0,
                -1.0
              ],
              "size": [
                10.0,
                7.0,
                5.0
              ],
              "uv": [
                30,
                81
              ],
              "inflate": 0
            },
            {
              "origin": [
                -5.0,
                22.75,
                -1.75
              ],
              "size": [
                10.0,
                12.0,
                5.0
              ],
              "uv": [
                0,
                81
              ],
              "inflate": 0
            },
            {
              "origin": [
                3.0,
                28.75,
                -2.75
              ],
              "size": [
                3.0,
                6.0,
                2.0
              ],
              "uv": [
                22,
                117
              ],
              "inflate": 0
            },
            {
              "origin": [
                -6.0,
                28.75,
                -2.75
              ],
              "size": [
                3.0,
                6.0,
                2.0
              ],
              "uv": [
                22,
                117
              ],
              "inflate": 0
            },
            {
              "origin": [
                3.0,
                22.75,
                -2.75
              ],
              "size": [
                3.0,
                6.0,
                2.0
              ],
              "pivot": [
                4.5,
                28.75,
                -1.75
              ],
              "rotation": [
                -20.94102,
                8.42106,
                20.94102
              ],
              "uv": [
                53,
                115
              ],
              "inflate": 0
            },
            {
              "origin": [
                -6.0,
                23.20672,
                -2.75
              ],
              "size": [
                3.0,
                6.0,
                2.0
              ],
              "pivot": [
                -4.5,
                28.97836,
                -2.89805
              ],
              "rotation": [
                -20.17393,
                -10.17781,
                -25.68482
              ],
              "uv": [
                53,
                115
              ],
              "inflate": 0
            },
            {
              "origin": [
                -3.5,
                19.9026,
                -3.74974
              ],
              "size": [
                3.0,
                6.0,
                2.0
              ],
              "pivot": [
                -2.0,
                25.02392,
                -4.87106
              ],
              "rotation": [
                -40.144,
                -22.32924,
                -24.25045
              ],
              "uv": [
                12,
                115
              ],
              "inflate": 0
            },
            {
              "origin": [
                1.0,
                19.9026,
                -3.74974
              ],
              "size": [
                3.0,
                6.0,
                2.0
              ],
              "pivot": [
                2.5,
                25.02392,
                -4.87106
              ],
              "rotation": [
                -39.32269,
                23.92746,
                26.341
              ],
              "uv": [
                12,
                115
              ],
              "inflate": 0
            },
            {
              "origin": [
                -4.5,
                33.25,
                -1.0
              ],
              "size": [
                9.0,
                1.0,
                5.0
              ],
              "uv": [
                48,
                100
              ],
              "inflate": 0
            },
            {
              "origin": [
                -4.0,
                33.75,
                -1.0
              ],
              "size": [
                8.0,
                1.0,
                5.0
              ],
              "uv": [
                107,
                50
              ],
              "inflate": 0
            },
            {
              "origin": [
                -4.5,
                23.0,
                -1.0
              ],
              "size": [
                9.0,
                4.0,
                5.0
              ],
              "uv": [
                25,
                93
              ],
              "inflate": 0
            }
          ],
          "parent": "Ayappa"
        },
        {
          "name": "Head",
          "pivot": [
            0,
            35,
            2
          ],
          "cubes": [
            {
              "origin": [
                -1.5,
                34.75,
                0.0
              ],
              "size": [
                3.0,
                2.0,
                3.0
              ],
              "uv": [
                119,
                0
              ],
              "inflate": 0
            },
            {
              "origin": [
                -3.0,
                36.0,
                -1.0
              ],
              "size": [
                6.0,
                6.0,
                5.0
              ],
              "uv": [
                21,
                102
              ],
              "inflate": 0
            },
            {
              "origin": [
                -3.0,
                42.0,
                -2.0
              ],
              "size": [
                6.0,
                2.0,
                6.0
              ],
              "uv": [
                43,
                106
              ],
              "inflate": 0
            },
            {
              "origin": [
                -3.0,
                44.0,
                0.0
              ],
              "size": [
                6.0,
                2.0,
                5.0
              ],
              "uv": [
                0,
                15
              ],
              "inflate": 0
            },
            {
              "origin": [
                -2.0,
                46.0,
                0.5
              ],
              "size": [
                4.0,
                2.0,
                4.0
              ],
              "uv": [
                0,
                63
              ],
              "inflate": 0
            },
            {
              "origin": [
                -1.5,
                48.0,
                1.0
              ],
              "size": [
                3.0,
                2.0,
                3.0
              ],
              "uv": [
                115,
                89
              ],
              "inflate": 0
            },
            {
              "origin": [
                -3.0,
                34.0,
                4.0
              ],
              "size": [
                6.0,
                10.0,
                1.0
              ],
              "uv": [
                109,
                109
              ],
              "inflate": 0
            },
            {
              "origin": [
                -3.5,
                44.0,
                -1.0
              ],
              "size": [
                7.0,
                2.0,
                1.0
              ],
              "uv": [
                39,
                114
              ],
              "inflate": 0
            },
            {
              "origin": [
                -2.5,
                46.0,
                -1.0
              ],
              "size": [
                5.0,
                2.0,
                1.0
              ],
              "uv": [
                71,
                100
              ],
              "inflate": 0
            },
            {
              "origin": [
                -4.5,
                44.0,
                0.3
              ],
              "size": [
                5.0,
                8.0,
                0.0
              ],
              "pivot": [
                -2.0,
                47.0,
                0.3
              ],
              "rotation": [
                0.0,
                0.0,
                -30.0
              ],
              "uv": [
                147,
                85
              ],
              "inflate": 0
            },
            {
              "origin": [
                -4.0,
                42.0,
                -1.0
              ],
              "size": [
                1.0,
                2.0,
                5.0
              ],
              "uv": [
                0,
                114
              ],
              "inflate": 0
            },
            {
              "origin": [
                3.0,
                42.0,
                -1.0
              ],
              "size": [
                1.0,
                2.0,
                5.0
              ],
              "uv": [
                32,
                113
              ],
              "inflate": 0
            },
            {
              "origin": [
                -3.5,
                38.0,
                1.0
              ],
              "size": [
                1.0,
                2.0,
                1.0
              ],
              "uv": [
                0,
                25
              ],
              "inflate": 0
            },
            {
              "origin": [
                2.5,
                38.0,
                1.0
              ],
              "size": [
                1.0,
                2.0,
                1.0
              ],
              "uv": [
                0,
                15
              ],
              "inflate": 0
            },
            {
              "origin": [
                3.5,
                38.0,
                -1.0
              ],
              "size": [
                0.0,
                4.0,
                3.0
              ],
              "uv": [
                15,
                22
              ],
              "inflate": 0
            },
            {
              "origin": [
                -3.5,
                38.0,
                -1.0
              ],
              "size": [
                0.0,
                4.0,
                3.0
              ],
              "uv": [
                17,
                12
              ],
              "inflate": 0
            },
            {
              "origin": [
                2.5,
                35.0,
                2.0
              ],
              "size": [
                2.0,
                7.0,
                2.0
              ],
              "uv": [
                71,
                118
              ],
              "inflate": 0
            },
            {
              "origin": [
                -4.5,
                35.0,
                2.0
              ],
              "size": [
                2.0,
                7.0,
                2.0
              ],
              "uv": [
                63,
                118
              ],
              "inflate": 0
            },
            {
              "origin": [
                -0.5,
                37.0,
                -1.75
              ],
              "size": [
                1.0,
                2.0,
                1.0
              ],
              "pivot": [
                0.5,
                37.0,
                -1.0
              ],
              "rotation": [
                -27.5,
                0.0,
                0.0
              ],
              "uv": [
                0,
                0
              ],
              "inflate": 0
            }
          ],
          "parent": "Body"
        },
        {
          "name": "Hand",
          "pivot": [
            5,
            34,
            1
          ],
          "cubes": [
            {
              "origin": [
                5.0,
                31.0,
                -1.0
              ],
              "size": [
                9.0,
                5.0,
                5.0
              ],
              "uv": [
                55,
                90
              ],
              "inflate": 0
            }
          ],
          "parent": "Body",
          "rotation": [
            5.37291,
            15.65914,
            39.50714
          ]
        },
        {
          "name": "Handm",
          "pivot": [
            13.75,
            34,
            0
          ],
          "cubes": [
            {
              "origin": [
                11.75,
                31.5,
                -0.5
              ],
              "size": [
                9.0,
                4.0,
                4.0
              ],
              "uv": [
                0,
                98
              ],
              "inflate": 0
            }
          ],
          "parent": "Hand",
          "rotation": [
            11.77871,
            42.28695,
            -15.44122
          ]
        },
        {
          "name": "Handfingers",
          "pivot": [
            20.25,
            33.5,
            1.5
          ],
          "cubes": [
            {
              "origin": [
                19.75,
                31.5,
                -0.5
              ],
              "size": [
                2.0,
                4.0,
                4.0
              ],
              "uv": [
                75,
                110
              ],
              "inflate": 0
            },
            {
              "origin": [
                21.75,
                31.5,
                -0.5
              ],
              "size": [
                1.0,
                4.0,
                4.0
              ],
              "uv": [
                40,
                117
              ],
              "inflate": 0
            },
            {
              "origin": [
                24.25,
                34.5,
                2.5
              ],
              "size": [
                3.0,
                1.0,
                1.0
              ],
              "pivot": [
                24.75,
                35.0,
                3.0
              ],
              "rotation": [
                0.0,
                22.5,
                0.0
              ],
              "uv": [
                109,
                101
              ],
              "inflate": 0
            },
            {
              "origin": [
                24.25,
                33.5,
                2.5
              ],
              "size": [
                4.0,
                1.0,
                1.0
              ],
              "pivot": [
                24.25,
                34.0,
                3.0
              ],
              "rotation": [
                0.0,
                45.0,
                0.0
              ],
              "uv": [
                10,
                46
              ],
              "inflate": 0
            },
            {
              "origin": [
                24.75,
                32.5,
                2.5
              ],
              "size": [
                3.0,
                1.0,
                1.0
              ],
              "pivot": [
                24.25,
                33.0,
                3.0
              ],
              "rotation": [
                0.0,
                57.5,
                0.0
              ],
              "uv": [
                66,
                106
              ],
              "inflate": 0
            },
            {
              "origin": [
                24.75,
                31.5,
                2.5
              ],
              "size": [
                2.0,
                1.0,
                1.0
              ],
              "pivot": [
                24.75,
                32.0,
                3.0
              ],
              "rotation": [
                0.0,
                32.5,
                0.0
              ],
              "uv": [
                0,
                106
              ],
              "inflate": 0
            },
            {
              "origin": [
                22.75,
                31.5,
                1.5
              ],
              "size": [
                2.0,
                4.0,
                2.0
              ],
              "uv": [
                119,
                14
              ],
              "inflate": 0
            },
            {
              "origin": [
                22.75,
                33.5,
                -0.5
              ],
              "size": [
                1.0,
                2.0,
                2.0
              ],
              "uv": [
                12,
                63
              ],
              "inflate": 0
            },
            {
              "origin": [
                23.75,
                34.5,
                -0.5
              ],
              "size": [
                2.0,
                1.0,
                1.0
              ],
              "pivot": [
                23.75,
                35.0,
                0.0
              ],
              "rotation": [
                0.0,
                52.5,
                0.0
              ],
              "uv": [
                99,
                81
              ],
              "inflate": 0
            }
          ],
          "parent": "Handm",
          "rotation": [
            75.30953,
            -6.75168,
            11.33005
          ]
        },
        {
          "name": "Hand2",
          "pivot": [
            -5,
            34,
            2
          ],
          "cubes": [
            {
              "origin": [
                -5.0,
                31.0,
                0.0
              ],
              "size": [
                9.0,
                5.0,
                5.0
              ],
              "uv": [
                87,
                85
              ],
              "inflate": 0
            }
          ],
          "parent": "Body",
          "rotation": [
            -163.98286,
            0.65437,
            122.41068
          ]
        },
        {
          "name": "Handm2",
          "pivot": [
            3.25,
            33.5,
            2.5
          ],
          "cubes": [
            {
              "origin": [
                1.75,
                31.5,
                0.5
              ],
              "size": [
                9.0,
                4.0,
                4.0
              ],
              "uv": [
                83,
                95
              ],
              "inflate": 0
            }
          ],
          "parent": "Hand2",
          "rotation": [
            -94.86495,
            -69.57793,
            126.33335
          ]
        },
        {
          "name": "Handfingers2",
          "pivot": [
            10.25,
            33.5,
            2.5
          ],
          "cubes": [
            {
              "origin": [
                9.75,
                31.5,
                0.5
              ],
              "size": [
                2.0,
                4.0,
                4.0
              ],
              "uv": [
                63,
                110
              ],
              "inflate": 0
            },
            {
              "origin": [
                11.75,
                31.5,
                0.5
              ],
              "size": [
                1.0,
                4.0,
                4.0
              ],
              "uv": [
                83,
                114
              ],
              "inflate": 0
            },
            {
              "origin": [
                14.25,
                33.5,
                3.5
              ],
              "size": [
                3.0,
                1.0,
                1.0
              ],
              "pivot": [
                14.75,
                35.0,
                4.0
              ],
              "rotation": [
                0.0,
                17.5,
                0.0
              ],
              "uv": [
                38,
                105
              ],
              "inflate": 0
            },
            {
              "origin": [
                14.25,
                32.5,
                3.5
              ],
              "size": [
                4.0,
                1.0,
                1.0
              ],
              "pivot": [
                14.75,
                35.0,
                4.0
              ],
              "rotation": [
                0.0,
                22.5,
                0.0
              ],
              "uv": [
                0,
                46
              ],
              "inflate": 0
            },
            {
              "origin": [
                14.75,
                31.5,
                3.5
              ],
              "size": [
                3.0,
                1.0,
                1.0
              ],
              "pivot": [
                14.75,
                35.0,
                4.0
              ],
              "rotation": [
                0.0,
                77.5,
                0.0
              ],
              "uv": [
                48,
                93
              ],
              "inflate": 0
            },
            {
              "origin": [
                14.75,
                34.5,
                3.5
              ],
              "size": [
                2.0,
                1.0,
                1.0
              ],
              "pivot": [
                14.75,
                35.0,
                4.0
              ],
              "rotation": [
                0.0,
                32.5,
                0.0
              ],
              "uv": [
                86,
                85
              ],
              "inflate": 0
            },
            {
              "origin": [
                12.75,
                31.5,
                2.5
              ],
              "size": [
                2.0,
                4.0,
                2.0
              ],
              "uv": [
                119,
                8
              ],
              "inflate": 0
            },
            {
              "origin": [
                12.75,
                31.5,
                0.5
              ],
              "size": [
                1.0,
                2.0,
                2.0
              ],
              "uv": [
                12,
                50
              ],
              "inflate": 0
            },
            {
              "origin": [
                13.75,
                31.5,
                0.5
              ],
              "size": [
                2.0,
                1.0,
                1.0
              ],
              "pivot": [
                13.75,
                32.0,
                1.0
              ],
              "rotation": [
                0.0,
                -25.0,
                0.0
              ],
              "uv": [
                60,
                85
              ],
              "inflate": 0
            }
          ],
          "parent": "Handm2",
          "rotation": [
            1.7348,
            -74.73094,
            -3.55892
          ]
        },
        {
          "name": "Base",
          "cubes": [
            {
              "origin": [
                -24.0,
                0.0,
                -15.0
              ],
              "size": [
                48.0,
                2.0,
                23.0
              ],
              "uv": [
                0,
                25
              ],
              "inflate": 0
            },
            {
              "origin": [
                -24.0,
                14.0,
                -15.0
              ],
              "size": [
                48.0,
                2.0,
                23.0
              ],
              "uv": [
                0,
                0
              ],
              "inflate": 0
            },
            {
              "origin": [
                -22.0,
                2.0,
                -13.0
              ],
              "size": [
                44.0,
                12.0,
                19.0
              ],
              "uv": [
                0,
                50
              ],
              "inflate": 0
            }
          ]
        },
        {
          "name": "bone",
          "pivot": [
            -0.5,
            37,
            7.5
          ],
          "cubes": [
            {
              "origin": [
                -6.0,
                16.0,
                7.0
              ],
              "size": [
                11.0,
                4.0,
                1.0
              ],
              "uv": [
                107,
                64
              ],
              "inflate": 0
            },
            {
              "origin": [
                -7.0,
                16.0,
                8.0
              ],
              "size": [
                13.0,
                6.0,
                0.0
              ],
              "uv": [
                97,
                103
              ],
              "inflate": 0
            }
          ],
          "parent": "Base"
        },
        {
          "name": "bone2",
          "pivot": [
            -0.5,
            37,
            7.5
          ],
          "cubes": [
            {
              "origin": [
                -6.0,
                16.0,
                7.0
              ],
              "size": [
                11.0,
                4.0,
                1.0
              ],
              "uv": [
                107,
                64
              ],
              "inflate": 0
            },
            {
              "origin": [
                -7.0,
                16.0,
                8.0
              ],
              "size": [
                13.0,
                6.0,
                0.0
              ],
              "uv": [
                97,
                103
              ],
              "inflate": 0
            }
          ],
          "parent": "Base",
          "rotation": [
            0,
            0,
            30
          ]
        },
        {
          "name": "bone3",
          "pivot": [
            -0.5,
            37,
            7.5
          ],
          "cubes": [
            {
              "origin": [
                -6.0,
                16.0,
                7.0
              ],
              "size": [
                11.0,
                4.0,
                1.0
              ],
              "uv": [
                107,
                64
              ],
              "inflate": 0
            },
            {
              "origin": [
                -7.0,
                16.0,
                8.0
              ],
              "size": [
                13.0,
                6.0,
                0.0
              ],
              "uv": [
                97,
                103
              ],
              "inflate": 0
            }
          ],
          "parent": "Base",
          "rotation": [
            0,
            0,
            60
          ]
        },
        {
          "name": "bone4",
          "pivot": [
            -0.5,
            37,
            7.5
          ],
          "cubes": [
            {
              "origin": [
                -6.0,
                16.0,
                7.0
              ],
              "size": [
                11.0,
                4.0,
                1.0
              ],
              "uv": [
                107,
                64
              ],
              "inflate": 0
            },
            {
              "origin": [
                -7.0,
                16.0,
                8.0
              ],
              "size": [
                13.0,
                6.0,
                0.0
              ],
              "uv": [
                97,
                103
              ],
              "inflate": 0
            }
          ],
          "parent": "Base",
          "rotation": [
            0,
            0,
            87.5
          ]
        },
        {
          "name": "bone5",
          "pivot": [
            -0.5,
            37,
            7.5
          ],
          "cubes": [
            {
              "origin": [
                -6.0,
                16.0,
                7.0
              ],
              "size": [
                11.0,
                4.0,
                1.0
              ],
              "uv": [
                107,
                64
              ],
              "inflate": 0
            },
            {
              "origin": [
                -7.0,
                16.0,
                8.0
              ],
              "size": [
                13.0,
                6.0,
                0.0
              ],
              "uv": [
                97,
                103
              ],
              "inflate": 0
            }
          ],
          "parent": "Base",
          "rotation": [
            0,
            0,
            115
          ]
        },
        {
          "name": "bone6",
          "pivot": [
            -0.5,
            37,
            7.5
          ],
          "cubes": [
            {
              "origin": [
                -6.0,
                16.0,
                7.0
              ],
              "size": [
                11.0,
                4.0,
                1.0
              ],
              "uv": [
                107,
                64
              ],
              "inflate": 0
            },
            {
              "origin": [
                -7.0,
                16.0,
                8.0
              ],
              "size": [
                13.0,
                6.0,
                0.0
              ],
              "uv": [
                97,
                103
              ],
              "inflate": 0
            }
          ],
          "parent": "Base",
          "rotation": [
            0,
            0,
            142.5
          ]
        },
        {
          "name": "bone7",
          "pivot": [
            -0.5,
            37,
            7.5
          ],
          "cubes": [
            {
              "origin": [
                -6.0,
                16.0,
                7.0
              ],
              "size": [
                11.0,
                4.0,
                1.0
              ],
              "uv": [
                107,
                64
              ],
              "inflate": 0
            },
            {
              "origin": [
                -7.0,
                16.0,
                8.0
              ],
              "size": [
                13.0,
                6.0,
                0.0
              ],
              "uv": [
                97,
                103
              ],
              "inflate": 0
            }
          ],
          "parent": "Base",
          "rotation": [
            0,
            0,
            170
          ]
        },
        {
          "name": "bone8",
          "pivot": [
            -0.5,
            37,
            7.5
          ],
          "cubes": [
            {
              "origin": [
                -6.0,
                16.0,
                7.0
              ],
              "size": [
                11.0,
                4.0,
                1.0
              ],
              "uv": [
                107,
                64
              ],
              "inflate": 0
            },
            {
              "origin": [
                -7.0,
                16.0,
                8.0
              ],
              "size": [
                13.0,
                6.0,
                0.0
              ],
              "uv": [
                97,
                103
              ],
              "inflate": 0
            }
          ],
          "parent": "Base",
          "rotation": [
            0,
            0,
            -162.5
          ]
        },
        {
          "name": "bone9",
          "pivot": [
            -0.5,
            37,
            7.5
          ],
          "cubes": [
            {
              "origin": [
                -6.0,
                16.0,
                7.0
              ],
              "size": [
                11.0,
                4.0,
                1.0
              ],
              "uv": [
                107,
                64
              ],
              "inflate": 0
            },
            {
              "origin": [
                -7.0,
                16.0,
                8.0
              ],
              "size": [
                13.0,
                6.0,
                0.0
              ],
              "uv": [
                97,
                103
              ],
              "inflate": 0
            }
          ],
          "parent": "Base",
          "rotation": [
            0,
            0,
            -132.5
          ]
        },
        {
          "name": "bone10",
          "pivot": [
            -0.5,
            37,
            7.5
          ],
          "cubes": [
            {
              "origin": [
                -6.0,
                16.0,
                7.0
              ],
              "size": [
                11.0,
                4.0,
                1.0
              ],
              "uv": [
                107,
                64
              ],
              "inflate": 0
            },
            {
              "origin": [
                -7.0,
                16.0,
                8.0
              ],
              "size": [
                13.0,
                6.0,
                0.0
              ],
              "uv": [
                97,
                103
              ],
              "inflate": 0
            }
          ],
          "parent": "Base",
          "rotation": [
            0,
            0,
            -102.5
          ]
        },
        {
          "name": "bone11",
          "pivot": [
            -0.5,
            37,
            7.5
          ],
          "cubes": [
            {
              "origin": [
                -6.0,
                16.0,
                7.0
              ],
              "size": [
                11.0,
                4.0,
                1.0
              ],
              "uv": [
                107,
                64
              ],
              "inflate": 0
            },
            {
              "origin": [
                -7.0,
                16.0,
                8.0
              ],
              "size": [
                13.0,
                6.0,
                0.0
              ],
              "uv": [
                97,
                103
              ],
              "inflate": 0
            }
          ],
          "parent": "Base",
          "rotation": [
            0,
            0,
            -72.5
          ]
        },
        {
          "name": "bone12",
          "pivot": [
            -0.5,
            37,
            7.5
          ],
          "cubes": [
            {
              "origin": [
                -6.0,
                16.0,
                7.0
              ],
              "size": [
                11.0,
                4.0,
                1.0
              ],
              "uv": [
                107,
                64
              ],
              "inflate": 0
            },
            {
              "origin": [
                -7.0,
                16.0,
                8.0
              ],
              "size": [
                13.0,
                6.0,
                0.0
              ],
              "uv": [
                97,
                103
              ],
              "inflate": 0
            }
          ],
          "parent": "Base",
          "rotation": [
            0,
            0,
            -47.5
          ]
        },
        {
          "name": "bone13",
          "pivot": [
            -0.5,
            37,
            7.5
          ],
          "cubes": [
            {
              "origin": [
                -6.0,
                16.0,
                7.0
              ],
              "size": [
                11.0,
                4.0,
                1.0
              ],
              "uv": [
                107,
                64
              ],
              "inflate": 0
            },
            {
              "origin": [
                -7.0,
                16.0,
                8.0
              ],
              "size": [
                13.0,
                6.0,
                0.0
              ],
              "uv": [
                97,
                103
              ],
              "inflate": 0
            }
          ],
          "parent": "Base",
          "rotation": [
            0,
            0,
            -17.5
          ]
        }
      ]
    }
  ]
}