{
  "format_version": "1.12.0",
  "minecraft:geometry": [
    {
      "description": {
        "identifier": "geometry.ms_ambedkar",
        "texture_width": 128,
        "texture_height": 128,
        "visible_bounds_width": 5,
        "visible_bounds_height": 5.5,
        "visible_bounds_offset": [
          0,
          2.25,
          0
        ]
      },
      "bones": [
        {
          "name": "Ambedkar",
          "pivot": [
            0,
            16,
            0
          ]
        },
        {
          "name": "Legs",
          "pivot": [
            0,
            16,
            0
          ],
          "cubes": [
            {
              "origin": [
                -5.0,
                37.0,
                -1.25
              ],
              "size": [
                10.0,
                2.0,
                5.0
              ],
              "uv": [
                98,
                106
              ],
              "inflate": 0
            }
          ],
          "parent": "Ambedkar"
        },
        {
          "name": "Leg",
          "pivot": [
            -3,
            37,
            2
          ],
          "parent": "Legs"
        },
        {
          "name": "Joinleg",
          "pivot": [
            -2.5,
            37,
            1.5
          ],
          "cubes": [
            {
              "origin": [
                -5.0,
                28.0,
                -1.0
              ],
              "size": [
                5.0,
                9.0,
                5.0
              ],
              "uv": [
                79,
                82
              ],
              "inflate": 0
            }
          ],
          "parent": "Leg",
          "rotation": [
            -12.5,
            15,
            0
          ]
        },
        {
          "name": "Midleg",
          "pivot": [
            -2.5,
            28,
            1.25
          ],
          "cubes": [
            {
              "origin": [
                -4.5,
                19.0,
                -0.75
              ],
              "size": [
                4.0,
                9.0,
                4.0
              ],
              "uv": [
                73,
                96
              ],
              "inflate": 0
            }
          ],
          "parent": "Joinleg",
          "rotation": [
            20,
            0,
            0
          ]
        },
        {
          "name": "Paul",
          "pivot": [
            -2.48864,
            19,
            1.29545
          ],
          "cubes": [
            {
              "origin": [
                -5.0,
                16.0,
                2.0
              ],
              "size": [
                5.0,
                1.0,
                3.0
              ],
              "uv": [
                98,
                75
              ],
              "inflate": 0
            },
            {
              "origin": [
                -5.0,
                16.0,
                -5.0
              ],
              "size": [
                5.0,
                1.0,
                5.0
              ],
              "uv": [
                97,
                43
              ],
              "inflate": 0
            },
            {
              "origin": [
                -5.0,
                16.5,
                0.0
              ],
              "size": [
                5.0,
                1.0,
                2.0
              ],
              "uv": [
                101,
                0
              ],
              "inflate": 0
            },
            {
              "origin": [
                -5.0,
                17.0,
                -2.25
              ],
              "size": [
                5.0,
                1.0,
                7.0
              ],
              "uv": [
                92,
                89
              ],
              "inflate": 0
            },
            {
              "origin": [
                -5.0,
                18.0,
                -1.25
              ],
              "size": [
                5.0,
                1.0,
                5.0
              ],
              "uv": [
                96,
                27
              ],
              "inflate": 0
            },
            {
              "origin": [
                -5.0,
                16.5,
                -4.25
              ],
              "size": [
                5.0,
                1.0,
                2.0
              ],
              "uv": [
                100,
                23
              ],
              "inflate": 0
            }
          ],
          "parent": "Midleg",
          "rotation": [
            -7.5,
            0,
            0
          ]
        },
        {
          "name": "Leg2",
          "pivot": [
            2,
            37,
            2
          ],
          "parent": "Legs"
        },
        {
          "name": "Joinleg2",
          "pivot": [
            2.5,
            37,
            1.5
          ],
          "cubes": [
            {
              "origin": [
                0.0,
                28.0,
                -1.0
              ],
              "size": [
                5.0,
                9.0,
                5.0
              ],
              "uv": [
                0,
                27
              ],
              "inflate": 0
            }
          ],
          "parent": "Leg2",
          "rotation": [
            0,
            -15,
            0
          ]
        },
        {
          "name": "Midleg2",
          "pivot": [
            2.5,
            28,
            1.25
          ],
          "cubes": [
            {
              "origin": [
                0.5,
                19.0,
                -0.75
              ],
              "size": [
                4.0,
                9.0,
                4.0
              ],
              "uv": [
                0,
                96
              ],
              "inflate": 0
            }
          ],
          "parent": "Joinleg2"
        },
        {
          "name": "Paul2",
          "pivot": [
            2.51136,
            19,
            1.29545
          ],
          "cubes": [
            {
              "origin": [
                0.0,
                16.0,
                2.0
              ],
              "size": [
                5.0,
                1.0,
                3.0
              ],
              "uv": [
                56,
                63
              ],
              "inflate": 0
            },
            {
              "origin": [
                0.0,
                16.0,
                -5.0
              ],
              "size": [
                5.0,
                1.0,
                5.0
              ],
              "uv": [
                94,
                81
              ],
              "inflate": 0
            },
            {
              "origin": [
                0.0,
                16.5,
                0.0
              ],
              "size": [
                5.0,
                1.0,
                2.0
              ],
              "uv": [
                19,
                77
              ],
              "inflate": 0
            },
            {
              "origin": [
                0.0,
                17.0,
                -2.25
              ],
              "size": [
                5.0,
                1.0,
                7.0
              ],
              "uv": [
                0,
                88
              ],
              "inflate": 0
            },
            {
              "origin": [
                0.0,
                18.0,
                -1.25
              ],
              "size": [
                5.0,
                1.0,
                5.0
              ],
              "uv": [
                83,
                75
              ],
              "inflate": 0
            },
            {
              "origin": [
                0.0,
                16.5,
                -4.25
              ],
              "size": [
                5.0,
                1.0,
                2.0
              ],
              "uv": [
                0,
                23
              ],
              "inflate": 0
            }
          ],
          "parent": "Midleg2"
        },
        {
          "name": "Body",
          "pivot": [
            0,
            37,
            0
          ],
          "cubes": [
            {
              "origin": [
                -4.0,
                37.0,
                -1.0
              ],
              "size": [
                8.0,
                2.0,
                5.0
              ],
              "uv": [
                0,
                16
              ],
              "inflate": 0
            },
            {
              "origin": [
                -5.0,
                43.0,
                -1.0
              ],
              "size": [
                10.0,
                7.0,
                5.0
              ],
              "uv": [
                42,
                51
              ],
              "inflate": 0
            },
            {
              "origin": [
                -6.0,
                36.0,
                -1.75
              ],
              "size": [
                12.0,
                15.0,
                6.0
              ],
              "uv": [
                66,
                27
              ],
              "inflate": 0
            },
            {
              "origin": [
                -4.5,
                49.25,
                -1.0
              ],
              "size": [
                9.0,
                1.0,
                5.0
              ],
              "uv": [
                78,
                9
              ],
              "inflate": 0
            },
            {
              "origin": [
                -4.0,
                49.75,
                -1.0
              ],
              "size": [
                8.0,
                1.0,
                5.0
              ],
              "uv": [
                82,
                69
              ],
              "inflate": 0
            },
            {
              "origin": [
                -4.5,
                39.0,
                -1.0
              ],
              "size": [
                9.0,
                4.0,
                5.0
              ],
              "uv": [
                78,
                0
              ],
              "inflate": 0
            }
          ],
          "parent": "Ambedkar"
        },
        {
          "name": "Head",
          "pivot": [
            0,
            51,
            2
          ],
          "cubes": [
            {
              "origin": [
                -1.5,
                50.75,
                0.0
              ],
              "size": [
                3.0,
                2.0,
                3.0
              ],
              "uv": [
                0,
                59
              ],
              "inflate": 0
            },
            {
              "origin": [
                -3.0,
                52.0,
                -1.0
              ],
              "size": [
                6.0,
                6.0,
                5.0
              ],
              "uv": [
                78,
                15
              ],
              "inflate": 0
            },
            {
              "origin": [
                -3.0,
                58.0,
                -1.5
              ],
              "size": [
                6.0,
                1.0,
                6.0
              ],
              "uv": [
                19,
                118
              ],
              "inflate": 0
            },
            {
              "origin": [
                -3.5,
                53.75,
                -1.25
              ],
              "size": [
                7.0,
                3.0,
                4.0
              ],
              "uv": [
                0,
                41
              ],
              "inflate": 0
            },
            {
              "origin": [
                -3.5,
                54.0,
                1.0
              ],
              "size": [
                1.0,
                2.0,
                1.0
              ],
              "uv": [
                0,
                16
              ],
              "inflate": 0
            },
            {
              "origin": [
                2.5,
                54.0,
                1.0
              ],
              "size": [
                1.0,
                2.0,
                1.0
              ],
              "uv": [
                0,
                8
              ],
              "inflate": 0
            },
            {
              "origin": [
                -0.5,
                53.0,
                -1.75
              ],
              "size": [
                1.0,
                2.0,
                1.0
              ],
              "pivot": [
                0.5,
                53.0,
                -1.0
              ],
              "rotation": [
                -27.5,
                0.0,
                0.0
              ],
              "uv": [
                0,
                0
              ],
              "inflate": 0
            }
          ],
          "parent": "Body"
        },
        {
          "name": "Hand",
          "pivot": [
            5,
            49,
            2
          ],
          "cubes": [
            {
              "origin": [
                5.0,
                46.0,
                0.0
              ],
              "size": [
                9.0,
                5.0,
                5.0
              ],
              "uv": [
                56,
                77
              ],
              "inflate": 0
            }
          ],
          "parent": "Body",
          "rotation": [
            9.45622,
            7.78185,
            64.06762
          ]
        },
        {
          "name": "Handm",
          "pivot": [
            13.75,
            49,
            1
          ],
          "cubes": [
            {
              "origin": [
                11.75,
                46.5,
                0.5
              ],
              "size": [
                9.0,
                4.0,
                4.0
              ],
              "uv": [
                0,
                8
              ],
              "inflate": 0
            },
            {
              "origin": [
                15.75,
                44.5,
                -1.5
              ],
              "size": [
                5.0,
                2.0,
                9.0
              ],
              "uv": [
                0,
                77
              ],
              "inflate": 0
            }
          ],
          "parent": "Hand",
          "rotation": [
            98.26132,
            72.32786,
            110.37648
          ]
        },
        {
          "name": "Handfingers",
          "pivot": [
            20.58421,
            48.77778,
            2.47597
          ],
          "cubes": [
            {
              "origin": [
                19.74714,
                46.5,
                0.36914
              ],
              "size": [
                2.0,
                4.0,
                4.0
              ],
              "uv": [
                100,
                15
              ],
              "inflate": 0
            },
            {
              "origin": [
                21.74714,
                46.5,
                0.36914
              ],
              "size": [
                1.0,
                4.0,
                4.0
              ],
              "uv": [
                102,
                33
              ],
              "inflate": 0
            },
            {
              "origin": [
                24.24714,
                49.5,
                3.36914
              ],
              "size": [
                3.0,
                1.0,
                1.0
              ],
              "pivot": [
                24.24714,
                50.0,
                3.86914
              ],
              "rotation": [
                0.0,
                70.0,
                0.0
              ],
              "uv": [
                70,
                87
              ],
              "inflate": 0
            },
            {
              "origin": [
                24.24714,
                48.5,
                3.36914
              ],
              "size": [
                4.0,
                1.0,
                1.0
              ],
              "pivot": [
                24.74714,
                49.0,
                3.86914
              ],
              "rotation": [
                -180.0,
                70.0,
                180.0
              ],
              "uv": [
                42,
                63
              ],
              "inflate": 0
            },
            {
              "origin": [
                24.76222,
                47.5,
                3.28364
              ],
              "size": [
                3.0,
                1.0,
                1.0
              ],
              "pivot": [
                24.74714,
                48.0,
                3.86914
              ],
              "rotation": [
                -180.0,
                72.5,
                180.0
              ],
              "uv": [
                0,
                83
              ],
              "inflate": 0
            },
            {
              "origin": [
                24.74714,
                46.5,
                3.36914
              ],
              "size": [
                2.0,
                1.0,
                1.0
              ],
              "pivot": [
                24.74714,
                47.0,
                3.86914
              ],
              "rotation": [
                -180.0,
                70.0,
                180.0
              ],
              "uv": [
                66,
                31
              ],
              "inflate": 0
            },
            {
              "origin": [
                22.74714,
                46.5,
                2.36914
              ],
              "size": [
                2.0,
                4.0,
                2.0
              ],
              "uv": [
                19,
                80
              ],
              "inflate": 0
            },
            {
              "origin": [
                22.74714,
                48.5,
                0.36914
              ],
              "size": [
                1.0,
                2.0,
                2.0
              ],
              "uv": [
                8,
                51
              ],
              "inflate": 0
            },
            {
              "origin": [
                23.74714,
                49.5,
                -0.63086
              ],
              "size": [
                2.0,
                1.0,
                1.0
              ],
              "pivot": [
                23.74714,
                50.0,
                0.86914
              ],
              "rotation": [
                -180.0,
                67.5,
                180.0
              ],
              "uv": [
                66,
                29
              ],
              "inflate": 0
            }
          ],
          "parent": "Handm",
          "rotation": [
            90,
            0,
            87.5
          ]
        },
        {
          "name": "Hand2",
          "pivot": [
            -6,
            48,
            3
          ],
          "cubes": [
            {
              "origin": [
                -6.0,
                45.0,
                1.0
              ],
              "size": [
                9.0,
                5.0,
                5.0
              ],
              "uv": [
                28,
                77
              ],
              "inflate": 0
            }
          ],
          "parent": "Body",
          "rotation": [
            -178.50096,
            46.47714,
            176.20334
          ]
        },
        {
          "name": "Handm2",
          "pivot": [
            1.75,
            48,
            2
          ],
          "cubes": [
            {
              "origin": [
                0.75,
                45.5,
                1.5
              ],
              "size": [
                9.0,
                4.0,
                4.0
              ],
              "uv": [
                0,
                0
              ],
              "inflate": 0
            }
          ],
          "parent": "Hand2",
          "rotation": [
            6.02108,
            -21.83803,
            -22.18931
          ]
        },
        {
          "name": "Handfingers2",
          "pivot": [
            9.25,
            47.5,
            3.5
          ],
          "cubes": [
            {
              "origin": [
                8.75,
                45.5,
                1.5
              ],
              "size": [
                2.0,
                4.0,
                4.0
              ],
              "uv": [
                0,
                51
              ],
              "inflate": 0
            },
            {
              "origin": [
                10.75,
                45.5,
                1.5
              ],
              "size": [
                1.0,
                4.0,
                4.0
              ],
              "uv": [
                102,
                5
              ],
              "inflate": 0
            },
            {
              "origin": [
                13.25,
                47.5,
                4.5
              ],
              "size": [
                3.0,
                1.0,
                1.0
              ],
              "pivot": [
                13.75,
                49.0,
                5.0
              ],
              "rotation": [
                -180.0,
                75.0,
                180.0
              ],
              "uv": [
                25,
                80
              ],
              "inflate": 0
            },
            {
              "origin": [
                13.25,
                46.5,
                4.5
              ],
              "size": [
                4.0,
                1.0,
                1.0
              ],
              "pivot": [
                13.75,
                49.0,
                5.0
              ],
              "rotation": [
                -180.0,
                77.5,
                180.0
              ],
              "uv": [
                12,
                23
              ],
              "inflate": 0
            },
            {
              "origin": [
                13.75,
                45.5,
                4.5
              ],
              "size": [
                3.0,
                1.0,
                1.0
              ],
              "pivot": [
                13.75,
                49.0,
                5.0
              ],
              "rotation": [
                -6.39274,
                -8.19579,
                3.19225
              ],
              "uv": [
                79,
                77
              ],
              "inflate": 0
            },
            {
              "origin": [
                13.75,
                48.5,
                4.5
              ],
              "size": [
                2.0,
                1.0,
                1.0
              ],
              "pivot": [
                13.75,
                49.0,
                5.0
              ],
              "rotation": [
                -180.0,
                75.0,
                180.0
              ],
              "uv": [
                66,
                27
              ],
              "inflate": 0
            },
            {
              "origin": [
                11.75,
                45.5,
                3.5
              ],
              "size": [
                2.0,
                4.0,
                2.0
              ],
              "uv": [
                0,
                77
              ],
              "inflate": 0
            },
            {
              "origin": [
                11.75,
                45.5,
                1.5
              ],
              "size": [
                1.0,
                2.0,
                2.0
              ],
              "uv": [
                15,
                27
              ],
              "inflate": 0
            },
            {
              "origin": [
                12.75,
                45.5,
                1.5
              ],
              "size": [
                2.0,
                1.0,
                1.0
              ],
              "pivot": [
                12.75,
                46.0,
                2.0
              ],
              "rotation": [
                0.0,
                -67.5,
                0.0
              ],
              "uv": [
                52,
                63
              ],
              "inflate": 0
            }
          ],
          "parent": "Handm2",
          "rotation": [
            86.10406,
            -6.88542,
            -16.96154
          ]
        },
        {
          "name": "Base",
          "cubes": [
            {
              "origin": [
                -11.0,
                0.0,
                -11.0
              ],
              "size": [
                22.0,
                2.0,
                22.0
              ],
              "uv": [
                0,
                27
              ],
              "inflate": 0
            },
            {
              "origin": [
                -13.0,
                0.0,
                -13.0
              ],
              "size": [
                26.0,
                1.0,
                26.0
              ],
              "uv": [
                0,
                0
              ],
              "inflate": 0
            },
            {
              "origin": [
                -8.0,
                14.0,
                -8.0
              ],
              "size": [
                16.0,
                2.0,
                16.0
              ],
              "uv": [
                56,
                51
              ],
              "inflate": 0
            },
            {
              "origin": [
                -7.0,
                2.0,
                -7.0
              ],
              "size": [
                14.0,
                12.0,
                14.0
              ],
              "uv": [
                0,
                51
              ],
              "inflate": 0
            },
            {
              "origin": [
                7.0,
                0.0,
                -10.0
              ],
              "size": [
                3.0,
                17.0,
                3.0
              ],
              "uv": [
                61,
                87
              ],
              "inflate": 0
            },
            {
              "origin": [
                7.0,
                0.0,
                7.0
              ],
              "size": [
                3.0,
                17.0,
                3.0
              ],
              "uv": [
                49,
                87
              ],
              "inflate": 0
            },
            {
              "origin": [
                -10.0,
                0.0,
                7.0
              ],
              "size": [
                3.0,
                17.0,
                3.0
              ],
              "uv": [
                37,
                87
              ],
              "inflate": 0
            },
            {
              "origin": [
                -10.0,
                0.0,
                -10.0
              ],
              "size": [
                3.0,
                17.0,
                3.0
              ],
              "uv": [
                25,
                87
              ],
              "inflate": 0
            },
            {
              "origin": [
                -11.0,
                17.0,
                -9.0
              ],
              "size": [
                5.0,
                5.0,
                0.0
              ],
              "uv": [
                51,
                77
              ],
              "inflate": 0
            },
            {
              "origin": [
                6.0,
                17.0,
                -9.0
              ],
              "size": [
                5.0,
                5.0,
                0.0
              ],
              "uv": [
                51,
                77
              ],
              "inflate": 0
            },
            {
              "origin": [
                6.0,
                17.0,
                9.0
              ],
              "size": [
                5.0,
                5.0,
                0.0
              ],
              "uv": [
                51,
                77
              ],
              "inflate": 0
            },
            {
              "origin": [
                -11.0,
                17.0,
                9.0
              ],
              "size": [
                5.0,
                5.0,
                0.0
              ],
              "uv": [
                51,
                77
              ],
              "inflate": 0
            }
          ]
        }
      ]
    }
  ]
}