{
  "format_version": "1.12.0",
  "minecraft:geometry": [
    {
      "description": {
        "identifier": "geometry.ms_annapurna",
        "texture_width": 128,
        "texture_height": 128,
        "visible_bounds_width": 5,
        "visible_bounds_height": 6,
        "visible_bounds_offset": [
          0,
          2,
          0
        ]
      },
      "bones": [
        {
          "name": "Man"
        },
        {
          "name": "Legs",
          "cubes": [
            {
              "origin": [
                -5.0,
                21.0,
                -1.25
              ],
              "size": [
                10.0,
                2.0,
                6.0
              ],
              "uv": [
                76,
                51
              ],
              "inflate": 0
            }
          ],
          "parent": "Man"
        },
        {
          "name": "Leg",
          "pivot": [
            -3,
            21,
            2
          ],
          "parent": "Legs"
        },
        {
          "name": "Joinleg",
          "pivot": [
            -2.5,
            21,
            1.5
          ],
          "cubes": [
            {
              "origin": [
                -5.0,
                12.0,
                -1.0
              ],
              "size": [
                5.0,
                9.0,
                5.0
              ],
              "uv": [
                74,
                92
              ],
              "inflate": 0
            }
          ],
          "parent": "Leg",
          "rotation": [
            -76.08998,
            58.8315,
            18.724
          ]
        },
        {
          "name": "Midleg",
          "pivot": [
            -2.5,
            12,
            2.25
          ],
          "cubes": [
            {
              "origin": [
                -4.5,
                3.0,
                0.25
              ],
              "size": [
                5.0,
                9.0,
                5.0
              ],
              "uv": [
                20,
                92
              ],
              "inflate": 0
            }
          ],
          "parent": "Joinleg",
          "rotation": [
            99.66941,
            83.18043,
            -45.62108
          ]
        },
        {
          "name": "Paul",
          "pivot": [
            -2.48864,
            3,
            2.29545
          ],
          "cubes": [
            {
              "origin": [
                -5.0,
                0.0,
                3.0
              ],
              "size": [
                5.0,
                1.0,
                3.0
              ],
              "uv": [
                0,
                54
              ],
              "inflate": 0
            },
            {
              "origin": [
                -5.0,
                0.0,
                -2.0
              ],
              "size": [
                5.0,
                1.0,
                3.0
              ],
              "uv": [
                0,
                50
              ],
              "inflate": 0
            },
            {
              "origin": [
                -5.0,
                0.5,
                1.0
              ],
              "size": [
                5.0,
                1.0,
                2.0
              ],
              "uv": [
                82,
                69
              ],
              "inflate": 0
            },
            {
              "origin": [
                -5.0,
                0.0,
                -4.0
              ],
              "size": [
                1.0,
                1.0,
                2.0
              ],
              "uv": [
                62,
                108
              ],
              "inflate": 0
            },
            {
              "origin": [
                -4.0,
                0.0,
                -4.5
              ],
              "size": [
                1.0,
                1.0,
                3.0
              ],
              "uv": [
                93,
                69
              ],
              "inflate": 0
            },
            {
              "origin": [
                -3.0,
                0.0,
                -4.75
              ],
              "size": [
                1.0,
                1.0,
                3.0
              ],
              "uv": [
                89,
                92
              ],
              "inflate": 0
            },
            {
              "origin": [
                -2.0,
                0.0,
                -5.0
              ],
              "size": [
                1.0,
                1.0,
                3.0
              ],
              "uv": [
                46,
                92
              ],
              "inflate": 0
            },
            {
              "origin": [
                -1.0,
                0.0,
                -4.75
              ],
              "size": [
                1.25,
                1.0,
                3.0
              ],
              "uv": [
                35,
                92
              ],
              "inflate": 0
            },
            {
              "origin": [
                -5.0,
                1.0,
                -1.25
              ],
              "size": [
                5.0,
                1.0,
                7.0
              ],
              "uv": [
                98,
                77
              ],
              "inflate": 0
            },
            {
              "origin": [
                -5.0,
                2.0,
                -0.25
              ],
              "size": [
                5.0,
                1.0,
                5.0
              ],
              "uv": [
                58,
                102
              ],
              "inflate": 0
            },
            {
              "origin": [
                -5.0,
                0.5,
                -3.25
              ],
              "size": [
                5.0,
                1.0,
                2.0
              ],
              "uv": [
                48,
                42
              ],
              "inflate": 0
            }
          ],
          "parent": "Midleg",
          "rotation": [
            42.5,
            0,
            0
          ]
        },
        {
          "name": "Leg2",
          "pivot": [
            2,
            21,
            2
          ],
          "parent": "Legs"
        },
        {
          "name": "Joinleg2",
          "pivot": [
            2.5,
            21,
            1.5
          ],
          "cubes": [
            {
              "origin": [
                0.0,
                12.0,
                -1.0
              ],
              "size": [
                5.0,
                9.0,
                5.0
              ],
              "uv": [
                0,
                92
              ],
              "inflate": 0
            }
          ],
          "parent": "Leg2",
          "rotation": [
            -76.82992,
            -44.86028,
            -19.58629
          ]
        },
        {
          "name": "Midleg2",
          "pivot": [
            2.5,
            12,
            1.25
          ],
          "cubes": [
            {
              "origin": [
                -0.5,
                3.0,
                -0.75
              ],
              "size": [
                5.0,
                9.0,
                5.0
              ],
              "uv": [
                54,
                88
              ],
              "inflate": 0
            }
          ],
          "parent": "Joinleg2",
          "rotation": [
            69.82279,
            -72.71813,
            75.09933
          ]
        },
        {
          "name": "Paul2",
          "pivot": [
            2.51136,
            3,
            1.29545
          ],
          "cubes": [
            {
              "origin": [
                0.0,
                0.0,
                2.0
              ],
              "size": [
                5.0,
                1.0,
                3.0
              ],
              "uv": [
                0,
                31
              ],
              "inflate": 0
            },
            {
              "origin": [
                0.0,
                0.0,
                -3.0
              ],
              "size": [
                5.0,
                1.0,
                3.0
              ],
              "uv": [
                0,
                10
              ],
              "inflate": 0
            },
            {
              "origin": [
                0.0,
                0.5,
                0.0
              ],
              "size": [
                5.0,
                1.0,
                2.0
              ],
              "uv": [
                48,
                34
              ],
              "inflate": 0
            },
            {
              "origin": [
                4.0,
                0.0,
                -5.0
              ],
              "size": [
                1.0,
                1.0,
                2.0
              ],
              "uv": [
                98,
                69
              ],
              "inflate": 0
            },
            {
              "origin": [
                3.0,
                0.0,
                -5.5
              ],
              "size": [
                1.0,
                1.0,
                3.0
              ],
              "uv": [
                15,
                92
              ],
              "inflate": 0
            },
            {
              "origin": [
                2.0,
                0.0,
                -5.75
              ],
              "size": [
                1.0,
                1.0,
                3.0
              ],
              "uv": [
                69,
                89
              ],
              "inflate": 0
            },
            {
              "origin": [
                1.0,
                0.0,
                -6.0
              ],
              "size": [
                1.0,
                1.0,
                3.0
              ],
              "uv": [
                56,
                26
              ],
              "inflate": 0
            },
            {
              "origin": [
                0.0,
                0.0,
                -5.75
              ],
              "size": [
                1.25,
                1.0,
                3.0
              ],
              "uv": [
                56,
                5
              ],
              "inflate": 0
            },
            {
              "origin": [
                0.0,
                1.0,
                -2.25
              ],
              "size": [
                5.0,
                1.0,
                7.0
              ],
              "uv": [
                96,
                13
              ],
              "inflate": 0
            },
            {
              "origin": [
                0.0,
                2.0,
                -1.25
              ],
              "size": [
                5.0,
                1.0,
                5.0
              ],
              "uv": [
                102,
                51
              ],
              "inflate": 0
            },
            {
              "origin": [
                0.0,
                0.5,
                -4.25
              ],
              "size": [
                5.0,
                1.0,
                2.0
              ],
              "uv": [
                48,
                13
              ],
              "inflate": 0
            }
          ],
          "parent": "Midleg2",
          "rotation": [
            72.89033,
            3.73171,
            11.93845
          ]
        },
        {
          "name": "Body",
          "pivot": [
            0,
            21,
            0
          ],
          "cubes": [
            {
              "origin": [
                -4.0,
                21.0,
                -1.0
              ],
              "size": [
                8.0,
                2.0,
                5.0
              ],
              "uv": [
                96,
                0
              ],
              "inflate": 0
            },
            {
              "origin": [
                -5.0,
                27.0,
                -1.0
              ],
              "size": [
                10.0,
                7.0,
                5.0
              ],
              "uv": [
                48,
                45
              ],
              "inflate": 0
            },
            {
              "origin": [
                -5.0,
                24.0,
                -2.0
              ],
              "size": [
                10.0,
                11.0,
                1.0
              ],
              "uv": [
                88,
                32
              ],
              "inflate": 0
            },
            {
              "origin": [
                -4.5,
                33.25,
                -1.0
              ],
              "size": [
                9.0,
                1.0,
                5.0
              ],
              "uv": [
                88,
                26
              ],
              "inflate": 0
            },
            {
              "origin": [
                -4.0,
                33.75,
                -1.0
              ],
              "size": [
                8.0,
                1.0,
                5.0
              ],
              "uv": [
                96,
                7
              ],
              "inflate": 0
            },
            {
              "origin": [
                -4.5,
                23.0,
                -1.0
              ],
              "size": [
                9.0,
                4.0,
                5.0
              ],
              "uv": [
                31,
                83
              ],
              "inflate": 0
            },
            {
              "origin": [
                -5.5,
                23.0,
                -1.25
              ],
              "size": [
                5.0,
                16.0,
                6.0
              ],
              "pivot": [
                -4.5,
                22.0,
                1.25
              ],
              "rotation": [
                0.0,
                0.0,
                37.5
              ],
              "uv": [
                60,
                57
              ],
              "inflate": 0
            },
            {
              "origin": [
                5.05559,
                34.09577,
                4.75
              ],
              "size": [
                15.0,
                6.0,
                0.0
              ],
              "pivot": [
                5.05559,
                36.09577,
                4.75
              ],
              "rotation": [
                3.86032,
                -9.23186,
                87.18821
              ],
              "uv": [
                78,
                45
              ],
              "inflate": 0
            }
          ],
          "parent": "Man"
        },
        {
          "name": "Head",
          "pivot": [
            0,
            35,
            2
          ],
          "cubes": [
            {
              "origin": [
                -1.5,
                34.75,
                0.0
              ],
              "size": [
                3.0,
                2.0,
                3.0
              ],
              "uv": [
                80,
                0
              ],
              "inflate": 0
            },
            {
              "origin": [
                -3.0,
                36.0,
                -1.0
              ],
              "size": [
                6.0,
                6.0,
                5.0
              ],
              "uv": [
                94,
                92
              ],
              "inflate": 0
            },
            {
              "origin": [
                0.25,
                35.5,
                -1.5
              ],
              "size": [
                3.0,
                2.0,
                2.0
              ],
              "uv": [
                76,
                59
              ],
              "inflate": 0
            },
            {
              "origin": [
                -6.0,
                24.0,
                6.0
              ],
              "size": [
                12.0,
                20.0,
                0.0
              ],
              "uv": [
                36,
                63
              ],
              "inflate": 0
            },
            {
              "origin": [
                -9.0,
                39.0,
                5.5
              ],
              "size": [
                18.0,
                21.0,
                0.0
              ],
              "uv": [
                0,
                63
              ],
              "inflate": 0
            },
            {
              "origin": [
                -3.5,
                42.0,
                -1.0
              ],
              "size": [
                7.0,
                3.0,
                6.0
              ],
              "uv": [
                54,
                79
              ],
              "inflate": 0
            },
            {
              "origin": [
                -4.5,
                42.0,
                0.0
              ],
              "size": [
                1.0,
                3.0,
                2.0
              ],
              "uv": [
                9,
                21
              ],
              "inflate": 0
            },
            {
              "origin": [
                3.5,
                42.0,
                0.0
              ],
              "size": [
                1.0,
                3.0,
                2.0
              ],
              "uv": [
                9,
                0
              ],
              "inflate": 0
            },
            {
              "origin": [
                3.5,
                37.0,
                1.0
              ],
              "size": [
                2.0,
                5.0,
                0.0
              ],
              "uv": [
                0,
                21
              ],
              "inflate": 0
            },
            {
              "origin": [
                -5.5,
                37.0,
                1.0
              ],
              "size": [
                2.0,
                5.0,
                0.0
              ],
              "uv": [
                0,
                0
              ],
              "inflate": 0
            },
            {
              "origin": [
                -3.0,
                45.0,
                -0.5
              ],
              "size": [
                6.0,
                1.0,
                5.0
              ],
              "uv": [
                100,
                69
              ],
              "inflate": 0
            },
            {
              "origin": [
                -2.5,
                46.0,
                0.0
              ],
              "size": [
                5.0,
                1.0,
                4.0
              ],
              "uv": [
                48,
                0
              ],
              "inflate": 0
            },
            {
              "origin": [
                -1.5,
                47.0,
                0.5
              ],
              "size": [
                3.0,
                1.0,
                3.0
              ],
              "uv": [
                22,
                84
              ],
              "inflate": 0
            },
            {
              "origin": [
                -3.5,
                35.0,
                4.0
              ],
              "size": [
                7.0,
                8.0,
                2.0
              ],
              "uv": [
                40,
                102
              ],
              "inflate": 0
            },
            {
              "origin": [
                -3.5,
                38.0,
                2.0
              ],
              "size": [
                7.0,
                4.0,
                2.0
              ],
              "uv": [
                94,
                103
              ],
              "inflate": 0
            },
            {
              "origin": [
                -4.5,
                35.0,
                2.0
              ],
              "size": [
                2.0,
                7.0,
                2.0
              ],
              "pivot": [
                -3.5,
                41.5,
                1.5
              ],
              "rotation": [
                2.61298,
                -9.65594,
                4.77926
              ],
              "uv": [
                76,
                106
              ],
              "inflate": 0
            },
            {
              "origin": [
                -5.91809,
                34.99863,
                -1.74521
              ],
              "size": [
                2.0,
                2.0,
                6.0
              ],
              "pivot": [
                -3.91809,
                35.99863,
                1.25479
              ],
              "rotation": [
                5.10017,
                7.82624,
                5.57214
              ],
              "uv": [
                0,
                42
              ],
              "inflate": 0
            },
            {
              "origin": [
                -7.2811,
                26.88014,
                -1.85061
              ],
              "size": [
                3.0,
                10.0,
                1.0
              ],
              "pivot": [
                -5.37729,
                36.37265,
                -1.5253
              ],
              "rotation": [
                -2.39983,
                7.82624,
                5.57214
              ],
              "uv": [
                16,
                106
              ],
              "inflate": 0
            },
            {
              "origin": [
                -7.2811,
                26.88014,
                -1.60061
              ],
              "size": [
                3.0,
                10.0,
                1.0
              ],
              "pivot": [
                -5.37729,
                36.37265,
                -1.5253
              ],
              "rotation": [
                -3.72821,
                7.29033,
                -4.50128
              ],
              "uv": [
                8,
                106
              ],
              "inflate": 0
            },
            {
              "origin": [
                -3.5,
                38.0,
                1.0
              ],
              "size": [
                1.0,
                2.0,
                1.0
              ],
              "uv": [
                48,
                26
              ],
              "inflate": 0
            },
            {
              "origin": [
                2.5,
                38.0,
                1.0
              ],
              "size": [
                1.0,
                2.0,
                1.0
              ],
              "uv": [
                48,
                5
              ],
              "inflate": 0
            },
            {
              "origin": [
                2.5,
                36.0,
                1.5
              ],
              "size": [
                2.0,
                2.0,
                0.0
              ],
              "uv": [
                48,
                47
              ],
              "inflate": 0
            },
            {
              "origin": [
                -4.5,
                36.0,
                1.5
              ],
              "size": [
                2.0,
                2.0,
                0.0
              ],
              "uv": [
                48,
                45
              ],
              "inflate": 0
            },
            {
              "origin": [
                -0.5,
                37.0,
                -1.75
              ],
              "size": [
                1.0,
                2.0,
                1.0
              ],
              "pivot": [
                0.5,
                37.0,
                -1.0
              ],
              "rotation": [
                -27.5,
                0.0,
                0.0
              ],
              "uv": [
                48,
                0
              ],
              "inflate": 0
            }
          ],
          "parent": "Body"
        },
        {
          "name": "Hand",
          "pivot": [
            5,
            34,
            1
          ],
          "cubes": [
            {
              "origin": [
                5.0,
                31.0,
                -1.0
              ],
              "size": [
                9.0,
                5.0,
                5.0
              ],
              "uv": [
                82,
                59
              ],
              "inflate": 0
            }
          ],
          "parent": "Body",
          "rotation": [
            -1.69266,
            -0.30664,
            62.81003
          ]
        },
        {
          "name": "Handm",
          "pivot": [
            14.5,
            36,
            0
          ],
          "cubes": [
            {
              "origin": [
                12.5,
                33.5,
                -0.5
              ],
              "size": [
                9.0,
                4.0,
                4.0
              ],
              "uv": [
                76,
                84
              ],
              "inflate": 0
            },
            {
              "origin": [
                16.5,
                33.0,
                -1.0
              ],
              "size": [
                2.0,
                5.0,
                5.0
              ],
              "uv": [
                0,
                21
              ],
              "inflate": 0
            }
          ],
          "parent": "Hand",
          "rotation": [
            176.52313,
            47.14755,
            -69.09979
          ]
        },
        {
          "name": "Handfingers",
          "pivot": [
            21.33421,
            35.77778,
            1.47597
          ],
          "cubes": [
            {
              "origin": [
                20.49714,
                33.5,
                -0.63086
              ],
              "size": [
                2.0,
                4.0,
                4.0
              ],
              "uv": [
                48,
                26
              ],
              "inflate": 0
            },
            {
              "origin": [
                22.49714,
                33.5,
                -0.63086
              ],
              "size": [
                1.0,
                4.0,
                4.0
              ],
              "uv": [
                24,
                106
              ],
              "inflate": 0
            },
            {
              "origin": [
                24.99714,
                36.5,
                2.36914
              ],
              "size": [
                3.0,
                1.0,
                1.0
              ],
              "pivot": [
                24.99714,
                37.0,
                2.86914
              ],
              "rotation": [
                0.0,
                -7.5,
                0.0
              ],
              "uv": [
                108,
                48
              ],
              "inflate": 0
            },
            {
              "origin": [
                24.99714,
                35.5,
                2.36914
              ],
              "size": [
                4.0,
                1.0,
                1.0
              ],
              "pivot": [
                25.49714,
                36.0,
                2.86914
              ],
              "rotation": [
                0.0,
                -17.5,
                0.0
              ],
              "uv": [
                89,
                0
              ],
              "inflate": 0
            },
            {
              "origin": [
                25.51222,
                34.5,
                2.28364
              ],
              "size": [
                3.0,
                1.0,
                1.0
              ],
              "pivot": [
                25.49714,
                35.0,
                2.86914
              ],
              "rotation": [
                0.0,
                -30.0,
                0.0
              ],
              "uv": [
                100,
                75
              ],
              "inflate": 0
            },
            {
              "origin": [
                25.49714,
                33.5,
                2.36914
              ],
              "size": [
                2.0,
                1.0,
                1.0
              ],
              "pivot": [
                25.49714,
                34.0,
                2.86914
              ],
              "rotation": [
                0.0,
                -25.0,
                0.0
              ],
              "uv": [
                56,
                102
              ],
              "inflate": 0
            },
            {
              "origin": [
                23.49714,
                33.5,
                1.36914
              ],
              "size": [
                2.0,
                4.0,
                2.0
              ],
              "uv": [
                108,
                42
              ],
              "inflate": 0
            },
            {
              "origin": [
                22.49714,
                32.5,
                0.36914
              ],
              "size": [
                8.0,
                6.0,
                1.0
              ],
              "pivot": [
                26.49714,
                35.5,
                1.36914
              ],
              "rotation": [
                0.0,
                -45.0,
                0.0
              ],
              "uv": [
                102,
                85
              ],
              "inflate": 0
            },
            {
              "origin": [
                23.49714,
                33.5,
                1.36914
              ],
              "size": [
                6.0,
                4.0,
                1.0
              ],
              "pivot": [
                26.49714,
                35.5,
                1.36914
              ],
              "rotation": [
                0.0,
                -45.0,
                0.0
              ],
              "uv": [
                66,
                0
              ],
              "inflate": 0
            },
            {
              "origin": [
                22.49714,
                32.5,
                -0.63086
              ],
              "size": [
                1.0,
                6.0,
                1.0
              ],
              "pivot": [
                26.49714,
                35.5,
                1.36914
              ],
              "rotation": [
                0.0,
                -45.0,
                0.0
              ],
              "uv": [
                58,
                108
              ],
              "inflate": 0
            },
            {
              "origin": [
                29.49714,
                32.5,
                -0.63086
              ],
              "size": [
                1.0,
                6.0,
                1.0
              ],
              "pivot": [
                26.49714,
                35.5,
                1.36914
              ],
              "rotation": [
                0.0,
                -45.0,
                0.0
              ],
              "uv": [
                96,
                13
              ],
              "inflate": 0
            },
            {
              "origin": [
                23.49714,
                32.5,
                -0.63086
              ],
              "size": [
                6.0,
                1.0,
                1.0
              ],
              "pivot": [
                26.49714,
                35.5,
                1.36914
              ],
              "rotation": [
                0.0,
                -45.0,
                0.0
              ],
              "uv": [
                0,
                35
              ],
              "inflate": 0
            },
            {
              "origin": [
                23.49714,
                37.5,
                -0.63086
              ],
              "size": [
                6.0,
                1.0,
                1.0
              ],
              "pivot": [
                26.49714,
                35.5,
                1.36914
              ],
              "rotation": [
                0.0,
                -45.0,
                0.0
              ],
              "uv": [
                0,
                14
              ],
              "inflate": 0
            },
            {
              "origin": [
                23.49714,
                35.5,
                -0.63086
              ],
              "size": [
                1.0,
                2.0,
                2.0
              ],
              "uv": [
                48,
                98
              ],
              "inflate": 0
            },
            {
              "origin": [
                24.49714,
                36.5,
                -0.63086
              ],
              "size": [
                2.0,
                1.0,
                1.0
              ],
              "pivot": [
                24.49714,
                37.0,
                -0.13086
              ],
              "rotation": [
                -12.0012,
                9.06524,
                -53.45486
              ],
              "uv": [
                54,
                83
              ],
              "inflate": 0
            }
          ],
          "parent": "Handm",
          "rotation": [
            90,
            0,
            42.5
          ]
        },
        {
          "name": "Hand2",
          "pivot": [
            -5,
            34,
            2
          ],
          "cubes": [
            {
              "origin": [
                -5.0,
                31.0,
                0.0
              ],
              "size": [
                9.0,
                5.0,
                5.0
              ],
              "uv": [
                77,
                74
              ],
              "inflate": 0
            }
          ],
          "parent": "Body",
          "rotation": [
            -172.43723,
            -3.29338,
            151.33443
          ]
        },
        {
          "name": "Handm2",
          "pivot": [
            3,
            33.5,
            2.5
          ],
          "cubes": [
            {
              "origin": [
                1.75,
                31.5,
                0.5
              ],
              "size": [
                9.0,
                4.0,
                4.0
              ],
              "uv": [
                0,
                84
              ],
              "inflate": 0
            },
            {
              "origin": [
                6.75,
                31.0,
                0.0
              ],
              "size": [
                2.0,
                5.0,
                5.0
              ],
              "uv": [
                0,
                0
              ],
              "inflate": 0
            }
          ],
          "parent": "Hand2",
          "rotation": [
            12.71841,
            -54.81354,
            -53.10147
          ]
        },
        {
          "name": "Handfingers2",
          "pivot": [
            10.25,
            33.5,
            2.5
          ],
          "cubes": [
            {
              "origin": [
                9.75,
                31.5,
                0.5
              ],
              "size": [
                2.0,
                4.0,
                4.0
              ],
              "uv": [
                48,
                5
              ],
              "inflate": 0
            },
            {
              "origin": [
                11.75,
                31.5,
                0.5
              ],
              "size": [
                1.0,
                4.0,
                4.0
              ],
              "uv": [
                40,
                92
              ],
              "inflate": 0
            },
            {
              "origin": [
                14.25,
                33.5,
                3.5
              ],
              "size": [
                3.0,
                1.0,
                1.0
              ],
              "pivot": [
                14.75,
                35.0,
                4.0
              ],
              "rotation": [
                -180.0,
                75.0,
                180.0
              ],
              "uv": [
                40,
                100
              ],
              "inflate": 0
            },
            {
              "origin": [
                14.25,
                32.5,
                3.5
              ],
              "size": [
                4.0,
                1.0,
                1.0
              ],
              "pivot": [
                14.75,
                35.0,
                4.0
              ],
              "rotation": [
                -180.0,
                77.5,
                180.0
              ],
              "uv": [
                82,
                72
              ],
              "inflate": 0
            },
            {
              "origin": [
                14.75,
                31.5,
                3.5
              ],
              "size": [
                3.0,
                1.0,
                1.0
              ],
              "pivot": [
                14.75,
                35.0,
                4.0
              ],
              "rotation": [
                -180.0,
                70.0,
                180.0
              ],
              "uv": [
                92,
                2
              ],
              "inflate": 0
            },
            {
              "origin": [
                14.75,
                34.5,
                3.5
              ],
              "size": [
                2.0,
                1.0,
                1.0
              ],
              "pivot": [
                14.75,
                35.0,
                4.0
              ],
              "rotation": [
                -180.0,
                75.0,
                180.0
              ],
              "uv": [
                10,
                46
              ],
              "inflate": 0
            },
            {
              "origin": [
                12.75,
                31.5,
                2.5
              ],
              "size": [
                2.0,
                4.0,
                2.0
              ],
              "uv": [
                84,
                106
              ],
              "inflate": 0
            },
            {
              "origin": [
                12.75,
                27.5,
                2.0
              ],
              "size": [
                1.0,
                11.0,
                1.0
              ],
              "uv": [
                34,
                106
              ],
              "inflate": 0
            },
            {
              "origin": [
                12.25,
                25.5,
                1.5
              ],
              "size": [
                1.0,
                2.0,
                2.0
              ],
              "uv": [
                0,
                42
              ],
              "inflate": 0
            },
            {
              "origin": [
                12.75,
                25.0,
                1.0
              ],
              "size": [
                1.0,
                3.0,
                3.0
              ],
              "uv": [
                105,
                57
              ],
              "inflate": 0
            },
            {
              "origin": [
                12.75,
                31.5,
                0.5
              ],
              "size": [
                1.0,
                2.0,
                2.0
              ],
              "uv": [
                10,
                42
              ],
              "inflate": 0
            },
            {
              "origin": [
                13.75,
                31.5,
                0.5
              ],
              "size": [
                2.0,
                1.0,
                1.0
              ],
              "pivot": [
                13.75,
                32.0,
                1.0
              ],
              "rotation": [
                0.0,
                -67.5,
                0.0
              ],
              "uv": [
                0,
                46
              ],
              "inflate": 0
            }
          ],
          "parent": "Handm2",
          "rotation": [
            -137.86149,
            -45.64091,
            -17.58137
          ]
        },
        {
          "name": "Lotus",
          "pivot": [
            0,
            4,
            0
          ],
          "cubes": [
            {
              "origin": [
                -8.0,
                11.0,
                -8.0
              ],
              "size": [
                16.0,
                5.0,
                16.0
              ],
              "uv": [
                48,
                5
              ],
              "inflate": 0
            },
            {
              "origin": [
                -8.0,
                11.0,
                -8.0
              ],
              "size": [
                16.0,
                5.0,
                16.0
              ],
              "pivot": [
                0.0,
                13.5,
                0.0
              ],
              "rotation": [
                0.0,
                -50.0,
                0.0
              ],
              "uv": [
                0,
                42
              ],
              "inflate": 0
            },
            {
              "origin": [
                -8.0,
                11.0,
                -8.0
              ],
              "size": [
                16.0,
                5.0,
                16.0
              ],
              "pivot": [
                0.0,
                13.5,
                0.0
              ],
              "rotation": [
                0.0,
                -70.0,
                0.0
              ],
              "uv": [
                0,
                21
              ],
              "inflate": 0
            },
            {
              "origin": [
                -8.0,
                11.0,
                -8.0
              ],
              "size": [
                16.0,
                5.0,
                16.0
              ],
              "pivot": [
                0.0,
                13.5,
                0.0
              ],
              "rotation": [
                -180.0,
                -70.0,
                180.0
              ],
              "uv": [
                0,
                0
              ],
              "inflate": 0
            }
          ]
        },
        {
          "name": "Paklya",
          "parent": "Lotus"
        },
        {
          "name": "bone",
          "cubes": [
            {
              "origin": [
                -6.0,
                15.0,
                -26.0
              ],
              "size": [
                12.0,
                0.0,
                19.0
              ],
              "pivot": [
                0.0,
                15.0,
                -8.0
              ],
              "rotation": [
                -37.5,
                0.0,
                0.0
              ],
              "uv": [
                45,
                26
              ],
              "inflate": 0
            },
            {
              "origin": [
                -6.0,
                15.0,
                -26.0
              ],
              "size": [
                12.0,
                0.0,
                19.0
              ],
              "pivot": [
                0.0,
                15.0,
                -8.0
              ],
              "rotation": [
                47.5,
                0.0,
                0.0
              ],
              "uv": [
                45,
                26
              ],
              "inflate": 0
            }
          ],
          "parent": "Paklya"
        },
        {
          "name": "bone2",
          "cubes": [
            {
              "origin": [
                -6.0,
                15.0,
                -26.0
              ],
              "size": [
                12.0,
                0.0,
                19.0
              ],
              "pivot": [
                0.0,
                15.0,
                -8.0
              ],
              "rotation": [
                -37.5,
                0.0,
                0.0
              ],
              "uv": [
                45,
                26
              ],
              "inflate": 0
            },
            {
              "origin": [
                -6.0,
                15.0,
                -26.0
              ],
              "size": [
                12.0,
                0.0,
                19.0
              ],
              "pivot": [
                0.0,
                15.0,
                -8.0
              ],
              "rotation": [
                47.5,
                0.0,
                0.0
              ],
              "uv": [
                45,
                26
              ],
              "inflate": 0
            }
          ],
          "parent": "Paklya",
          "rotation": [
            0,
            -90,
            0
          ]
        },
        {
          "name": "bone3",
          "cubes": [
            {
              "origin": [
                -6.0,
                15.0,
                -26.0
              ],
              "size": [
                12.0,
                0.0,
                19.0
              ],
              "pivot": [
                0.0,
                15.0,
                -8.0
              ],
              "rotation": [
                -37.5,
                0.0,
                0.0
              ],
              "uv": [
                45,
                26
              ],
              "inflate": 0
            },
            {
              "origin": [
                -6.0,
                15.0,
                -26.0
              ],
              "size": [
                12.0,
                0.0,
                19.0
              ],
              "pivot": [
                0.0,
                15.0,
                -8.0
              ],
              "rotation": [
                47.5,
                0.0,
                0.0
              ],
              "uv": [
                45,
                26
              ],
              "inflate": 0
            }
          ],
          "parent": "Paklya",
          "rotation": [
            -180,
            0,
            180
          ]
        },
        {
          "name": "bone4",
          "cubes": [
            {
              "origin": [
                -6.0,
                15.0,
                -26.0
              ],
              "size": [
                12.0,
                0.0,
                19.0
              ],
              "pivot": [
                0.0,
                15.0,
                -8.0
              ],
              "rotation": [
                -37.5,
                0.0,
                0.0
              ],
              "uv": [
                45,
                26
              ],
              "inflate": 0
            },
            {
              "origin": [
                -6.0,
                15.0,
                -26.0
              ],
              "size": [
                12.0,
                0.0,
                19.0
              ],
              "pivot": [
                0.0,
                15.0,
                -8.0
              ],
              "rotation": [
                47.5,
                0.0,
                0.0
              ],
              "uv": [
                45,
                26
              ],
              "inflate": 0
            }
          ],
          "parent": "Paklya",
          "rotation": [
            0,
            90,
            0
          ]
        },
        {
          "name": "bone5",
          "cubes": [
            {
              "origin": [
                -6.0,
                15.0,
                -26.0
              ],
              "size": [
                12.0,
                0.0,
                19.0
              ],
              "pivot": [
                0.0,
                15.0,
                -8.0
              ],
              "rotation": [
                -37.5,
                0.0,
                0.0
              ],
              "uv": [
                45,
                26
              ],
              "inflate": 0
            },
            {
              "origin": [
                -6.0,
                15.0,
                -26.0
              ],
              "size": [
                12.0,
                0.0,
                19.0
              ],
              "pivot": [
                0.0,
                15.0,
                -8.0
              ],
              "rotation": [
                47.5,
                0.0,
                0.0
              ],
              "uv": [
                45,
                26
              ],
              "inflate": 0
            }
          ],
          "parent": "Paklya",
          "rotation": [
            0,
            45,
            0
          ]
        },
        {
          "name": "bone6",
          "cubes": [
            {
              "origin": [
                -6.0,
                15.0,
                -26.0
              ],
              "size": [
                12.0,
                0.0,
                19.0
              ],
              "pivot": [
                0.0,
                15.0,
                -8.0
              ],
              "rotation": [
                -37.5,
                0.0,
                0.0
              ],
              "uv": [
                45,
                26
              ],
              "inflate": 0
            },
            {
              "origin": [
                -6.0,
                15.0,
                -26.0
              ],
              "size": [
                12.0,
                0.0,
                19.0
              ],
              "pivot": [
                0.0,
                15.0,
                -8.0
              ],
              "rotation": [
                47.5,
                0.0,
                0.0
              ],
              "uv": [
                45,
                26
              ],
              "inflate": 0
            }
          ],
          "parent": "Paklya",
          "rotation": [
            0,
            -45,
            0
          ]
        },
        {
          "name": "bone7",
          "cubes": [
            {
              "origin": [
                -6.0,
                15.0,
                -26.0
              ],
              "size": [
                12.0,
                0.0,
                19.0
              ],
              "pivot": [
                0.0,
                15.0,
                -8.0
              ],
              "rotation": [
                -37.5,
                0.0,
                0.0
              ],
              "uv": [
                45,
                26
              ],
              "inflate": 0
            },
            {
              "origin": [
                -6.0,
                15.0,
                -26.0
              ],
              "size": [
                12.0,
                0.0,
                19.0
              ],
              "pivot": [
                0.0,
                15.0,
                -8.0
              ],
              "rotation": [
                47.5,
                0.0,
                0.0
              ],
              "uv": [
                45,
                26
              ],
              "inflate": 0
            }
          ],
          "parent": "Paklya",
          "rotation": [
            -180,
            -45,
            180
          ]
        },
        {
          "name": "bone8",
          "cubes": [
            {
              "origin": [
                -6.0,
                15.0,
                -26.0
              ],
              "size": [
                12.0,
                0.0,
                19.0
              ],
              "pivot": [
                0.0,
                15.0,
                -8.0
              ],
              "rotation": [
                -37.5,
                0.0,
                0.0
              ],
              "uv": [
                45,
                26
              ],
              "inflate": 0
            },
            {
              "origin": [
                -6.0,
                15.0,
                -26.0
              ],
              "size": [
                12.0,
                0.0,
                19.0
              ],
              "pivot": [
                0.0,
                15.0,
                -8.0
              ],
              "rotation": [
                47.5,
                0.0,
                0.0
              ],
              "uv": [
                45,
                26
              ],
              "inflate": 0
            }
          ],
          "parent": "Paklya",
          "rotation": [
            -180,
            45,
            180
          ]
        },
        {
          "name": "Base",
          "pivot": [
            0,
            4,
            0
          ],
          "cubes": [
            {
              "origin": [
                -1.0,
                1.0,
                -1.0
              ],
              "size": [
                2.0,
                11.0,
                2.0
              ],
              "uv": [
                0,
                106
              ],
              "inflate": 0
            }
          ],
          "parent": "Lotus"
        }
      ]
    }
  ]
}