{
  "format_version": "1.12.0",
  "minecraft:geometry": [
    {
      "description": {
        "identifier": "geometry.ms_agnidev",
        "texture_width": 128,
        "texture_height": 128,
        "visible_bounds_width": 5,
        "visible_bounds_height": 5,
        "visible_bounds_offset": [
          0,
          1.5,
          0
        ]
      },
      "bones": [
        {
          "name": "Agnidev"
        },
        {
          "name": "Legs",
          "cubes": [
            {
              "origin": [
                -4.5,
                21.0,
                -1.5
              ],
              "size": [
                9.0,
                1.0,
                6.0
              ],
              "uv": [
                40,
                16
              ],
              "inflate": 0
            },
            {
              "origin": [
                -1.0,
                5.0,
                -2.0
              ],
              "size": [
                2.0,
                16.0,
                6.0
              ],
              "uv": [
                30,
                0
              ],
              "inflate": 0
            }
          ],
          "parent": "Agnidev"
        },
        {
          "name": "Leg",
          "pivot": [
            -3,
            21,
            2
          ],
          "parent": "Legs"
        },
        {
          "name": "Joinleg",
          "pivot": [
            -2.5,
            21,
            1.5
          ],
          "cubes": [
            {
              "origin": [
                -5.0,
                7.0,
                -1.0
              ],
              "size": [
                5.0,
                14.0,
                5.0
              ],
              "uv": [
                25,
                26
              ],
              "inflate": 0
            }
          ],
          "parent": "Leg",
          "rotation": [
            0,
            15,
            5
          ]
        },
        {
          "name": "Midleg",
          "pivot": [
            -2.5,
            12,
            1.25
          ],
          "cubes": [
            {
              "origin": [
                -4.5,
                3.0,
                -0.75
              ],
              "size": [
                4.0,
                9.0,
                4.0
              ],
              "uv": [
                16,
                65
              ],
              "inflate": 0
            }
          ],
          "parent": "Joinleg",
          "rotation": [
            0,
            0,
            -5
          ]
        },
        {
          "name": "Paul",
          "pivot": [
            -2.48864,
            3,
            1.29545
          ],
          "cubes": [
            {
              "origin": [
                -5.0,
                0.0,
                2.0
              ],
              "size": [
                5.0,
                1.0,
                3.0
              ],
              "uv": [
                72,
                62
              ],
              "inflate": 0
            },
            {
              "origin": [
                -5.0,
                0.0,
                -3.0
              ],
              "size": [
                5.0,
                1.0,
                3.0
              ],
              "uv": [
                68,
                0
              ],
              "inflate": 0
            },
            {
              "origin": [
                -5.0,
                0.5,
                0.0
              ],
              "size": [
                5.0,
                1.0,
                2.0
              ],
              "uv": [
                79,
                42
              ],
              "inflate": 0
            },
            {
              "origin": [
                -5.0,
                0.0,
                -5.0
              ],
              "size": [
                1.0,
                1.0,
                2.0
              ],
              "uv": [
                21,
                58
              ],
              "inflate": 0
            },
            {
              "origin": [
                -4.0,
                0.0,
                -5.5
              ],
              "size": [
                1.0,
                1.0,
                3.0
              ],
              "uv": [
                82,
                77
              ],
              "inflate": 0
            },
            {
              "origin": [
                -3.0,
                0.0,
                -5.75
              ],
              "size": [
                1.0,
                1.0,
                3.0
              ],
              "uv": [
                58,
                82
              ],
              "inflate": 0
            },
            {
              "origin": [
                -2.0,
                0.0,
                -6.0
              ],
              "size": [
                1.0,
                1.0,
                3.0
              ],
              "uv": [
                81,
                33
              ],
              "inflate": 0
            },
            {
              "origin": [
                -1.0,
                0.0,
                -5.75
              ],
              "size": [
                1.25,
                1.0,
                3.0
              ],
              "uv": [
                81,
                13
              ],
              "inflate": 0
            },
            {
              "origin": [
                -5.0,
                1.0,
                -2.25
              ],
              "size": [
                5.0,
                1.0,
                7.0
              ],
              "uv": [
                55,
                62
              ],
              "inflate": 0
            },
            {
              "origin": [
                -5.0,
                2.0,
                -1.25
              ],
              "size": [
                5.0,
                1.0,
                5.0
              ],
              "uv": [
                68,
                27
              ],
              "inflate": 0
            },
            {
              "origin": [
                -5.0,
                0.5,
                -4.25
              ],
              "size": [
                5.0,
                1.0,
                2.0
              ],
              "uv": [
                78,
                69
              ],
              "inflate": 0
            }
          ],
          "parent": "Midleg"
        },
        {
          "name": "Leg2",
          "pivot": [
            2,
            21,
            2
          ],
          "parent": "Legs"
        },
        {
          "name": "Joinleg2",
          "pivot": [
            2.5,
            21,
            1.5
          ],
          "cubes": [
            {
              "origin": [
                0.0,
                7.0,
                -1.0
              ],
              "size": [
                5.0,
                14.0,
                5.0
              ],
              "uv": [
                10,
                12
              ],
              "inflate": 0
            }
          ],
          "parent": "Leg2",
          "rotation": [
            0,
            -15,
            -5
          ]
        },
        {
          "name": "Midleg2",
          "pivot": [
            2.5,
            12,
            1.25
          ],
          "cubes": [
            {
              "origin": [
                0.5,
                3.0,
                -0.75
              ],
              "size": [
                4.0,
                9.0,
                4.0
              ],
              "uv": [
                0,
                65
              ],
              "inflate": 0
            }
          ],
          "parent": "Joinleg2",
          "rotation": [
            0,
            0,
            5
          ]
        },
        {
          "name": "Paul2",
          "pivot": [
            2.51136,
            3,
            1.29545
          ],
          "cubes": [
            {
              "origin": [
                0.0,
                0.0,
                2.0
              ],
              "size": [
                5.0,
                1.0,
                3.0
              ],
              "uv": [
                63,
                51
              ],
              "inflate": 0
            },
            {
              "origin": [
                0.0,
                0.0,
                -3.0
              ],
              "size": [
                5.0,
                1.0,
                3.0
              ],
              "uv": [
                46,
                12
              ],
              "inflate": 0
            },
            {
              "origin": [
                0.0,
                0.5,
                0.0
              ],
              "size": [
                5.0,
                1.0,
                2.0
              ],
              "uv": [
                76,
                51
              ],
              "inflate": 0
            },
            {
              "origin": [
                4.0,
                0.0,
                -5.0
              ],
              "size": [
                1.0,
                1.0,
                2.0
              ],
              "uv": [
                40,
                25
              ],
              "inflate": 0
            },
            {
              "origin": [
                3.0,
                0.0,
                -5.5
              ],
              "size": [
                1.0,
                1.0,
                3.0
              ],
              "uv": [
                80,
                73
              ],
              "inflate": 0
            },
            {
              "origin": [
                2.0,
                0.0,
                -5.75
              ],
              "size": [
                1.0,
                1.0,
                3.0
              ],
              "uv": [
                79,
                45
              ],
              "inflate": 0
            },
            {
              "origin": [
                1.0,
                0.0,
                -6.0
              ],
              "size": [
                1.0,
                1.0,
                3.0
              ],
              "uv": [
                36,
                76
              ],
              "inflate": 0
            },
            {
              "origin": [
                0.0,
                0.0,
                -5.75
              ],
              "size": [
                1.25,
                1.0,
                3.0
              ],
              "uv": [
                12,
                65
              ],
              "inflate": 0
            },
            {
              "origin": [
                0.0,
                1.0,
                -2.25
              ],
              "size": [
                5.0,
                1.0,
                7.0
              ],
              "uv": [
                61,
                5
              ],
              "inflate": 0
            },
            {
              "origin": [
                0.0,
                2.0,
                -1.25
              ],
              "size": [
                5.0,
                1.0,
                5.0
              ],
              "uv": [
                68,
                20
              ],
              "inflate": 0
            },
            {
              "origin": [
                0.0,
                0.5,
                -4.25
              ],
              "size": [
                5.0,
                1.0,
                2.0
              ],
              "uv": [
                72,
                66
              ],
              "inflate": 0
            }
          ],
          "parent": "Midleg2"
        },
        {
          "name": "Body",
          "pivot": [
            0,
            21,
            0
          ],
          "cubes": [
            {
              "origin": [
                -4.0,
                21.0,
                -1.0
              ],
              "size": [
                8.0,
                2.0,
                5.0
              ],
              "uv": [
                0,
                58
              ],
              "inflate": 0
            },
            {
              "origin": [
                -5.0,
                27.0,
                -1.0
              ],
              "size": [
                10.0,
                7.0,
                5.0
              ],
              "uv": [
                0,
                0
              ],
              "inflate": 0
            },
            {
              "origin": [
                -5.0,
                24.0,
                -1.5
              ],
              "size": [
                10.0,
                11.0,
                1.0
              ],
              "uv": [
                46,
                0
              ],
              "inflate": 0
            },
            {
              "origin": [
                1.0,
                11.75,
                -1.25
              ],
              "size": [
                5.0,
                23.0,
                1.0
              ],
              "pivot": [
                2.5,
                33.5,
                -1.5
              ],
              "rotation": [
                0.0,
                0.0,
                20.0
              ],
              "uv": [
                28,
                45
              ],
              "inflate": 0
            },
            {
              "origin": [
                1.0,
                34.75,
                -1.25
              ],
              "size": [
                5.0,
                1.0,
                6.0
              ],
              "pivot": [
                2.5,
                33.5,
                -1.5
              ],
              "rotation": [
                0.0,
                0.0,
                20.0
              ],
              "uv": [
                63,
                44
              ],
              "inflate": 0
            },
            {
              "origin": [
                -15.0,
                32.0,
                4.0
              ],
              "size": [
                12.0,
                1.0,
                1.0
              ],
              "pivot": [
                -2.0,
                32.5,
                4.5
              ],
              "rotation": [
                0.0,
                0.0,
                -67.5
              ],
              "uv": [
                63,
                40
              ],
              "inflate": 0
            },
            {
              "origin": [
                -13.00003,
                19.9728,
                4.0
              ],
              "size": [
                6.0,
                1.0,
                1.0
              ],
              "pivot": [
                -7.0,
                20.5,
                4.5
              ],
              "rotation": [
                0.0,
                -80.0,
                -67.5
              ],
              "uv": [
                63,
                42
              ],
              "inflate": 0
            },
            {
              "origin": [
                -12.93075,
                19.35549,
                -1.86795
              ],
              "size": [
                6.0,
                1.0,
                1.0
              ],
              "pivot": [
                -7.0,
                19.5,
                -1.5
              ],
              "rotation": [
                -145.95742,
                -28.9218,
                60.15635
              ],
              "uv": [
                0,
                38
              ],
              "inflate": 0
            },
            {
              "origin": [
                -15.26358,
                23.53617,
                0.6906
              ],
              "size": [
                7.0,
                1.0,
                1.0
              ],
              "pivot": [
                -9.0,
                24.5,
                -1.5
              ],
              "rotation": [
                -138.21924,
                1.13511,
                45.36176
              ],
              "uv": [
                30,
                23
              ],
              "inflate": 0
            },
            {
              "origin": [
                -15.35852,
                25.65799,
                -5.05756
              ],
              "size": [
                1.0,
                6.0,
                1.0
              ],
              "pivot": [
                -13.41392,
                26.28302,
                -4.03541
              ],
              "rotation": [
                -165.98032,
                2.97107,
                38.08495
              ],
              "uv": [
                82,
                81
              ],
              "inflate": 0
            },
            {
              "origin": [
                -17.82001,
                22.99572,
                -4.77522
              ],
              "size": [
                0.0,
                24.0,
                5.0
              ],
              "pivot": [
                -17.32001,
                23.49572,
                -2.27522
              ],
              "rotation": [
                -179.08401,
                11.63402,
                -3.92153
              ],
              "uv": [
                0,
                7
              ],
              "inflate": 0
            },
            {
              "origin": [
                -4.5,
                33.25,
                -1.0
              ],
              "size": [
                9.0,
                1.0,
                5.0
              ],
              "uv": [
                40,
                50
              ],
              "inflate": 0
            },
            {
              "origin": [
                -4.0,
                33.75,
                -1.0
              ],
              "size": [
                8.0,
                1.0,
                5.0
              ],
              "uv": [
                62,
                56
              ],
              "inflate": 0
            },
            {
              "origin": [
                -4.5,
                23.0,
                -1.0
              ],
              "size": [
                9.0,
                4.0,
                5.0
              ],
              "uv": [
                45,
                23
              ],
              "inflate": 0
            }
          ],
          "parent": "Agnidev"
        },
        {
          "name": "Head",
          "pivot": [
            0,
            35,
            2
          ],
          "cubes": [
            {
              "origin": [
                -1.5,
                34.75,
                0.0
              ],
              "size": [
                3.0,
                2.0,
                3.0
              ],
              "uv": [
                10,
                78
              ],
              "inflate": 0
            },
            {
              "origin": [
                -3.0,
                36.0,
                -1.0
              ],
              "size": [
                6.0,
                6.0,
                5.0
              ],
              "uv": [
                40,
                56
              ],
              "inflate": 0
            },
            {
              "origin": [
                3.0,
                33.0,
                2.0
              ],
              "size": [
                2.0,
                9.0,
                2.0
              ],
              "uv": [
                74,
                76
              ],
              "inflate": 0
            },
            {
              "origin": [
                -5.0,
                33.0,
                2.0
              ],
              "size": [
                2.0,
                9.0,
                2.0
              ],
              "uv": [
                66,
                76
              ],
              "inflate": 0
            },
            {
              "origin": [
                -3.0,
                31.0,
                4.0
              ],
              "size": [
                6.0,
                11.0,
                1.0
              ],
              "uv": [
                52,
                70
              ],
              "inflate": 0
            },
            {
              "origin": [
                -3.0,
                42.0,
                -1.0
              ],
              "size": [
                6.0,
                2.0,
                5.0
              ],
              "uv": [
                64,
                13
              ],
              "inflate": 0
            },
            {
              "origin": [
                -5.0,
                42.0,
                3.0
              ],
              "size": [
                2.0,
                5.0,
                1.0
              ],
              "uv": [
                40,
                0
              ],
              "inflate": 0
            },
            {
              "origin": [
                3.0,
                42.0,
                3.0
              ],
              "size": [
                2.0,
                5.0,
                1.0
              ],
              "uv": [
                30,
                0
              ],
              "inflate": 0
            },
            {
              "origin": [
                5.0,
                45.0,
                3.0
              ],
              "size": [
                1.0,
                2.0,
                1.0
              ],
              "uv": [
                10,
                12
              ],
              "inflate": 0
            },
            {
              "origin": [
                -6.0,
                45.0,
                3.0
              ],
              "size": [
                1.0,
                2.0,
                1.0
              ],
              "uv": [
                0,
                0
              ],
              "inflate": 0
            },
            {
              "origin": [
                -5.0,
                42.0,
                -1.25
              ],
              "size": [
                10.0,
                7.0,
                0.0
              ],
              "uv": [
                32,
                69
              ],
              "inflate": 0
            },
            {
              "origin": [
                -2.0,
                44.0,
                0.0
              ],
              "size": [
                4.0,
                2.0,
                4.0
              ],
              "uv": [
                66,
                70
              ],
              "inflate": 0
            },
            {
              "origin": [
                -1.0,
                48.0,
                1.0
              ],
              "size": [
                2.0,
                2.0,
                2.0
              ],
              "uv": [
                57,
                56
              ],
              "inflate": 0
            },
            {
              "origin": [
                -1.5,
                46.0,
                0.0
              ],
              "size": [
                3.0,
                2.0,
                4.0
              ],
              "uv": [
                71,
                33
              ],
              "inflate": 0
            },
            {
              "origin": [
                -3.5,
                38.0,
                1.0
              ],
              "size": [
                1.0,
                2.0,
                1.0
              ],
              "uv": [
                0,
                40
              ],
              "inflate": 0
            },
            {
              "origin": [
                2.5,
                38.0,
                1.0
              ],
              "size": [
                1.0,
                2.0,
                1.0
              ],
              "uv": [
                25,
                12
              ],
              "inflate": 0
            },
            {
              "origin": [
                -0.5,
                37.0,
                -1.75
              ],
              "size": [
                1.0,
                2.0,
                1.0
              ],
              "pivot": [
                0.5,
                37.0,
                -1.0
              ],
              "rotation": [
                -27.5,
                0.0,
                0.0
              ],
              "uv": [
                25,
                0
              ],
              "inflate": 0
            }
          ],
          "parent": "Body"
        },
        {
          "name": "Hand",
          "pivot": [
            5,
            34,
            1
          ],
          "cubes": [
            {
              "origin": [
                5.0,
                31.0,
                -1.0
              ],
              "size": [
                9.0,
                5.0,
                5.0
              ],
              "uv": [
                40,
                40
              ],
              "inflate": 0
            }
          ],
          "parent": "Body",
          "rotation": [
            13.80026,
            10.46535,
            38.59396
          ]
        },
        {
          "name": "Handm",
          "pivot": [
            13.75,
            34,
            0
          ],
          "cubes": [
            {
              "origin": [
                11.75,
                31.5,
                -0.5
              ],
              "size": [
                9.0,
                4.0,
                4.0
              ],
              "uv": [
                0,
                50
              ],
              "inflate": 0
            }
          ],
          "parent": "Hand",
          "rotation": [
            -11.49751,
            24.63335,
            -45.80763
          ]
        },
        {
          "name": "Handfingers",
          "pivot": [
            20.25,
            33.5,
            1.5
          ],
          "cubes": [
            {
              "origin": [
                19.75,
                31.5,
                -0.5
              ],
              "size": [
                2.0,
                4.0,
                4.0
              ],
              "uv": [
                40,
                76
              ],
              "inflate": 0
            },
            {
              "origin": [
                21.75,
                31.5,
                -0.5
              ],
              "size": [
                1.0,
                4.0,
                4.0
              ],
              "uv": [
                78,
                4
              ],
              "inflate": 0
            },
            {
              "origin": [
                24.25,
                34.5,
                2.5
              ],
              "size": [
                3.0,
                1.0,
                1.0
              ],
              "pivot": [
                24.75,
                35.0,
                3.0
              ],
              "rotation": [
                0.0,
                -15.0,
                0.0
              ],
              "uv": [
                40,
                67
              ],
              "inflate": 0
            },
            {
              "origin": [
                24.25,
                33.5,
                2.5
              ],
              "size": [
                4.0,
                1.0,
                1.0
              ],
              "pivot": [
                24.25,
                34.0,
                3.0
              ],
              "rotation": [
                0.0,
                -22.5,
                0.0
              ],
              "uv": [
                14,
                38
              ],
              "inflate": 0
            },
            {
              "origin": [
                24.75,
                32.5,
                2.5
              ],
              "size": [
                3.0,
                1.0,
                1.0
              ],
              "pivot": [
                24.25,
                33.0,
                3.0
              ],
              "rotation": [
                0.0,
                -25.0,
                0.0
              ],
              "uv": [
                67,
                33
              ],
              "inflate": 0
            },
            {
              "origin": [
                24.75,
                31.5,
                2.5
              ],
              "size": [
                2.0,
                1.0,
                1.0
              ],
              "pivot": [
                24.75,
                32.0,
                3.0
              ],
              "rotation": [
                0.0,
                -12.5,
                0.0
              ],
              "uv": [
                6,
                78
              ],
              "inflate": 0
            },
            {
              "origin": [
                22.75,
                31.5,
                1.5
              ],
              "size": [
                2.0,
                4.0,
                2.0
              ],
              "uv": [
                50,
                82
              ],
              "inflate": 0
            },
            {
              "origin": [
                24.75,
                33.5,
                -4.5
              ],
              "size": [
                7.0,
                0.0,
                7.0
              ],
              "uv": [
                3,
                31
              ],
              "inflate": 0
            },
            {
              "origin": [
                22.75,
                33.5,
                -0.5
              ],
              "size": [
                1.0,
                2.0,
                2.0
              ],
              "uv": [
                22,
                50
              ],
              "inflate": 0
            },
            {
              "origin": [
                23.75,
                34.5,
                -0.5
              ],
              "size": [
                2.0,
                1.0,
                1.0
              ],
              "pivot": [
                23.75,
                35.0,
                0.0
              ],
              "rotation": [
                -11.26653,
                25.25199,
                -25.03149
              ],
              "uv": [
                54,
                67
              ],
              "inflate": 0
            }
          ],
          "parent": "Handm",
          "rotation": [
            -87.69009,
            0.95645,
            -22.48072
          ]
        },
        {
          "name": "Hand2",
          "pivot": [
            -5,
            34,
            2
          ],
          "cubes": [
            {
              "origin": [
                -5.0,
                31.0,
                0.0
              ],
              "size": [
                9.0,
                5.0,
                5.0
              ],
              "uv": [
                0,
                40
              ],
              "inflate": 0
            }
          ],
          "parent": "Body",
          "rotation": [
            180,
            -5,
            132.5
          ]
        },
        {
          "name": "Handm2",
          "pivot": [
            2.75,
            34,
            1
          ],
          "cubes": [
            {
              "origin": [
                1.75,
                31.5,
                0.5
              ],
              "size": [
                9.0,
                4.0,
                4.0
              ],
              "uv": [
                45,
                32
              ],
              "inflate": 0
            }
          ],
          "parent": "Hand2",
          "rotation": [
            0,
            -40,
            0
          ]
        },
        {
          "name": "Handfingers2",
          "pivot": [
            10.25,
            33.5,
            2.5
          ],
          "cubes": [
            {
              "origin": [
                9.75,
                31.5,
                0.5
              ],
              "size": [
                2.0,
                4.0,
                4.0
              ],
              "uv": [
                28,
                76
              ],
              "inflate": 0
            },
            {
              "origin": [
                11.75,
                31.5,
                0.5
              ],
              "size": [
                1.0,
                4.0,
                4.0
              ],
              "uv": [
                0,
                78
              ],
              "inflate": 0
            },
            {
              "origin": [
                14.25,
                33.5,
                3.5
              ],
              "size": [
                3.0,
                1.0,
                1.0
              ],
              "pivot": [
                14.75,
                35.0,
                4.0
              ],
              "rotation": [
                -180.0,
                75.0,
                180.0
              ],
              "uv": [
                64,
                20
              ],
              "inflate": 0
            },
            {
              "origin": [
                14.25,
                32.5,
                3.5
              ],
              "size": [
                4.0,
                1.0,
                1.0
              ],
              "pivot": [
                14.75,
                35.0,
                4.0
              ],
              "rotation": [
                -180.0,
                77.5,
                180.0
              ],
              "uv": [
                0,
                36
              ],
              "inflate": 0
            },
            {
              "origin": [
                14.75,
                31.5,
                3.5
              ],
              "size": [
                3.0,
                1.0,
                1.0
              ],
              "pivot": [
                14.75,
                35.0,
                4.0
              ],
              "rotation": [
                -180.0,
                70.0,
                180.0
              ],
              "uv": [
                59,
                13
              ],
              "inflate": 0
            },
            {
              "origin": [
                14.75,
                34.5,
                3.5
              ],
              "size": [
                2.0,
                1.0,
                1.0
              ],
              "pivot": [
                14.75,
                35.0,
                4.0
              ],
              "rotation": [
                -180.0,
                75.0,
                180.0
              ],
              "uv": [
                48,
                67
              ],
              "inflate": 0
            },
            {
              "origin": [
                12.75,
                31.5,
                2.5
              ],
              "size": [
                2.0,
                4.0,
                2.0
              ],
              "uv": [
                20,
                81
              ],
              "inflate": 0
            },
            {
              "origin": [
                12.75,
                31.5,
                0.5
              ],
              "size": [
                1.0,
                2.0,
                2.0
              ],
              "uv": [
                44,
                23
              ],
              "inflate": 0
            },
            {
              "origin": [
                13.75,
                31.5,
                0.5
              ],
              "size": [
                2.0,
                1.0,
                1.0
              ],
              "pivot": [
                13.75,
                32.0,
                1.0
              ],
              "rotation": [
                0.0,
                -67.5,
                0.0
              ],
              "uv": [
                21,
                61
              ],
              "inflate": 0
            }
          ],
          "parent": "Handm2",
          "rotation": [
            180,
            -47.5,
            0
          ]
        }
      ]
    }
  ]
}