{
  "format_version": "1.12.0",
  "minecraft:geometry": [
    {
      "description": {
        "identifier": "geometry.ms_bhairav",
        "texture_width": 128,
        "texture_height": 128,
        "visible_bounds_width": 5,
        "visible_bounds_height": 5,
        "visible_bounds_offset": [
          0,
          1.5,
          0
        ]
      },
      "bones": [
        {
          "name": "Man"
        },
        {
          "name": "Legs",
          "cubes": [
            {
              "origin": [
                -6.0,
                5.0,
                -2.0
              ],
              "size": [
                12.0,
                16.0,
                7.0
              ],
              "uv": [
                0,
                0
              ],
              "inflate": 0
            },
            {
              "origin": [
                -5.0,
                21.0,
                -1.25
              ],
              "size": [
                10.0,
                2.0,
                6.0
              ],
              "uv": [
                38,
                0
              ],
              "inflate": 0
            }
          ],
          "parent": "Man"
        },
        {
          "name": "Leg",
          "pivot": [
            -3,
            21,
            2
          ],
          "parent": "Legs"
        },
        {
          "name": "Joinleg",
          "pivot": [
            -2.5,
            21,
            1.5
          ],
          "cubes": [
            {
              "origin": [
                -5.0,
                12.0,
                -1.0
              ],
              "size": [
                5.0,
                9.0,
                5.0
              ],
              "uv": [
                41,
                61
              ],
              "inflate": 0
            }
          ],
          "parent": "Leg",
          "rotation": [
            0,
            15,
            5
          ]
        },
        {
          "name": "Midleg",
          "pivot": [
            -2.5,
            12,
            1.25
          ],
          "cubes": [
            {
              "origin": [
                -4.5,
                3.0,
                -0.75
              ],
              "size": [
                4.0,
                9.0,
                4.0
              ],
              "uv": [
                20,
                73
              ],
              "inflate": 0
            }
          ],
          "parent": "Joinleg",
          "rotation": [
            0,
            0,
            -5
          ]
        },
        {
          "name": "Paul",
          "pivot": [
            -2.48864,
            3,
            1.29545
          ],
          "cubes": [
            {
              "origin": [
                -5.0,
                0.0,
                2.0
              ],
              "size": [
                5.0,
                1.0,
                3.0
              ],
              "uv": [
                89,
                43
              ],
              "inflate": 0
            },
            {
              "origin": [
                -5.0,
                0.0,
                -3.0
              ],
              "size": [
                5.0,
                1.0,
                3.0
              ],
              "uv": [
                82,
                39
              ],
              "inflate": 0
            },
            {
              "origin": [
                -5.0,
                0.5,
                0.0
              ],
              "size": [
                5.0,
                1.0,
                2.0
              ],
              "uv": [
                87,
                24
              ],
              "inflate": 0
            },
            {
              "origin": [
                -5.0,
                0.0,
                -5.0
              ],
              "size": [
                1.0,
                1.0,
                2.0
              ],
              "uv": [
                0,
                27
              ],
              "inflate": 0
            },
            {
              "origin": [
                -4.0,
                0.0,
                -5.5
              ],
              "size": [
                1.0,
                1.0,
                3.0
              ],
              "uv": [
                24,
                92
              ],
              "inflate": 0
            },
            {
              "origin": [
                -3.0,
                0.0,
                -5.75
              ],
              "size": [
                1.0,
                1.0,
                3.0
              ],
              "uv": [
                16,
                92
              ],
              "inflate": 0
            },
            {
              "origin": [
                -2.0,
                0.0,
                -6.0
              ],
              "size": [
                1.0,
                1.0,
                3.0
              ],
              "uv": [
                8,
                92
              ],
              "inflate": 0
            },
            {
              "origin": [
                -1.0,
                0.0,
                -5.75
              ],
              "size": [
                1.25,
                1.0,
                3.0
              ],
              "uv": [
                0,
                92
              ],
              "inflate": 0
            },
            {
              "origin": [
                -5.0,
                1.0,
                -2.25
              ],
              "size": [
                5.0,
                1.0,
                7.0
              ],
              "uv": [
                63,
                19
              ],
              "inflate": 0
            },
            {
              "origin": [
                -5.0,
                2.0,
                -1.25
              ],
              "size": [
                5.0,
                1.0,
                5.0
              ],
              "uv": [
                79,
                33
              ],
              "inflate": 0
            },
            {
              "origin": [
                -5.0,
                0.5,
                -4.25
              ],
              "size": [
                5.0,
                1.0,
                2.0
              ],
              "uv": [
                63,
                27
              ],
              "inflate": 0
            }
          ],
          "parent": "Midleg"
        },
        {
          "name": "Leg2",
          "pivot": [
            2,
            21,
            2
          ],
          "parent": "Legs"
        },
        {
          "name": "Joinleg2",
          "pivot": [
            2.5,
            21,
            1.5
          ],
          "cubes": [
            {
              "origin": [
                0.0,
                12.0,
                -1.0
              ],
              "size": [
                5.0,
                9.0,
                5.0
              ],
              "uv": [
                21,
                59
              ],
              "inflate": 0
            }
          ],
          "parent": "Leg2",
          "rotation": [
            0,
            -15,
            -5
          ]
        },
        {
          "name": "Midleg2",
          "pivot": [
            2.5,
            12,
            1.25
          ],
          "cubes": [
            {
              "origin": [
                0.5,
                3.0,
                -0.75
              ],
              "size": [
                4.0,
                9.0,
                4.0
              ],
              "uv": [
                57,
                72
              ],
              "inflate": 0
            }
          ],
          "parent": "Joinleg2",
          "rotation": [
            0,
            0,
            5
          ]
        },
        {
          "name": "Paul2",
          "pivot": [
            2.51136,
            3,
            1.29545
          ],
          "cubes": [
            {
              "origin": [
                0.0,
                0.0,
                2.0
              ],
              "size": [
                5.0,
                1.0,
                3.0
              ],
              "uv": [
                80,
                0
              ],
              "inflate": 0
            },
            {
              "origin": [
                0.0,
                0.0,
                -3.0
              ],
              "size": [
                5.0,
                1.0,
                3.0
              ],
              "uv": [
                61,
                9
              ],
              "inflate": 0
            },
            {
              "origin": [
                0.0,
                0.5,
                0.0
              ],
              "size": [
                5.0,
                1.0,
                2.0
              ],
              "uv": [
                14,
                52
              ],
              "inflate": 0
            },
            {
              "origin": [
                4.0,
                0.0,
                -5.0
              ],
              "size": [
                1.0,
                1.0,
                2.0
              ],
              "uv": [
                0,
                4
              ],
              "inflate": 0
            },
            {
              "origin": [
                3.0,
                0.0,
                -5.5
              ],
              "size": [
                1.0,
                1.0,
                3.0
              ],
              "uv": [
                91,
                14
              ],
              "inflate": 0
            },
            {
              "origin": [
                2.0,
                0.0,
                -5.75
              ],
              "size": [
                1.0,
                1.0,
                3.0
              ],
              "uv": [
                91,
                4
              ],
              "inflate": 0
            },
            {
              "origin": [
                1.0,
                0.0,
                -6.0
              ],
              "size": [
                1.0,
                1.0,
                3.0
              ],
              "uv": [
                48,
                86
              ],
              "inflate": 0
            },
            {
              "origin": [
                0.0,
                0.0,
                -5.75
              ],
              "size": [
                1.25,
                1.0,
                3.0
              ],
              "uv": [
                28,
                86
              ],
              "inflate": 0
            },
            {
              "origin": [
                0.0,
                1.0,
                -2.25
              ],
              "size": [
                5.0,
                1.0,
                7.0
              ],
              "uv": [
                63,
                1
              ],
              "inflate": 0
            },
            {
              "origin": [
                0.0,
                2.0,
                -1.25
              ],
              "size": [
                5.0,
                1.0,
                5.0
              ],
              "uv": [
                79,
                27
              ],
              "inflate": 0
            },
            {
              "origin": [
                0.0,
                0.5,
                -4.25
              ],
              "size": [
                5.0,
                1.0,
                2.0
              ],
              "uv": [
                0,
                52
              ],
              "inflate": 0
            }
          ],
          "parent": "Midleg2"
        },
        {
          "name": "Body",
          "pivot": [
            0,
            21,
            0
          ],
          "cubes": [
            {
              "origin": [
                -4.0,
                21.0,
                -1.0
              ],
              "size": [
                8.0,
                2.0,
                5.0
              ],
              "uv": [
                56,
                36
              ],
              "inflate": 0
            },
            {
              "origin": [
                -5.0,
                27.0,
                -1.0
              ],
              "size": [
                10.0,
                7.0,
                5.0
              ],
              "uv": [
                33,
                18
              ],
              "inflate": 0
            },
            {
              "origin": [
                -4.5,
                33.25,
                -1.0
              ],
              "size": [
                9.0,
                1.0,
                5.0
              ],
              "uv": [
                56,
                30
              ],
              "inflate": 0
            },
            {
              "origin": [
                -4.0,
                33.75,
                -1.0
              ],
              "size": [
                8.0,
                1.0,
                5.0
              ],
              "uv": [
                61,
                13
              ],
              "inflate": 0
            },
            {
              "origin": [
                -4.5,
                23.0,
                -1.0
              ],
              "size": [
                9.0,
                4.0,
                5.0
              ],
              "uv": [
                23,
                50
              ],
              "inflate": 0
            },
            {
              "origin": [
                -5.5,
                23.0,
                -1.5
              ],
              "size": [
                11.0,
                12.0,
                7.0
              ],
              "uv": [
                0,
                23
              ],
              "inflate": 0
            },
            {
              "origin": [
                2.5,
                32.0,
                -2.5
              ],
              "size": [
                3.0,
                3.0,
                2.0
              ],
              "uv": [
                23,
                42
              ],
              "inflate": 0
            },
            {
              "origin": [
                -5.5,
                32.0,
                -2.5
              ],
              "size": [
                3.0,
                3.0,
                2.0
              ],
              "uv": [
                23,
                42
              ],
              "inflate": 0
            },
            {
              "origin": [
                -4.5,
                28.0,
                -2.5
              ],
              "size": [
                3.0,
                3.0,
                2.0
              ],
              "uv": [
                23,
                42
              ],
              "inflate": 0
            },
            {
              "origin": [
                -3.5,
                24.0,
                -2.5
              ],
              "size": [
                3.0,
                3.0,
                2.0
              ],
              "uv": [
                23,
                42
              ],
              "inflate": 0
            },
            {
              "origin": [
                0.5,
                24.0,
                -2.5
              ],
              "size": [
                3.0,
                3.0,
                2.0
              ],
              "uv": [
                23,
                42
              ],
              "inflate": 0
            },
            {
              "origin": [
                -1.5,
                20.0,
                -2.5
              ],
              "size": [
                3.0,
                3.0,
                2.0
              ],
              "uv": [
                23,
                42
              ],
              "inflate": 0
            },
            {
              "origin": [
                1.5,
                28.0,
                -2.5
              ],
              "size": [
                3.0,
                3.0,
                2.0
              ],
              "uv": [
                23,
                42
              ],
              "inflate": 0
            },
            {
              "origin": [
                3.5,
                31.0,
                -1.75
              ],
              "size": [
                1.0,
                1.0,
                1.0
              ],
              "uv": [
                38,
                11
              ],
              "inflate": 0
            },
            {
              "origin": [
                -4.5,
                31.0,
                -1.75
              ],
              "size": [
                1.0,
                1.0,
                1.0
              ],
              "uv": [
                38,
                11
              ],
              "inflate": 0
            },
            {
              "origin": [
                -3.5,
                27.0,
                -1.75
              ],
              "size": [
                1.0,
                1.0,
                1.0
              ],
              "uv": [
                38,
                11
              ],
              "inflate": 0
            },
            {
              "origin": [
                2.5,
                27.0,
                -1.75
              ],
              "size": [
                1.0,
                1.0,
                1.0
              ],
              "uv": [
                38,
                11
              ],
              "inflate": 0
            },
            {
              "origin": [
                0.5,
                23.0,
                -1.75
              ],
              "size": [
                1.0,
                1.0,
                1.0
              ],
              "uv": [
                38,
                11
              ],
              "inflate": 0
            },
            {
              "origin": [
                -1.5,
                23.0,
                -1.75
              ],
              "size": [
                1.0,
                1.0,
                1.0
              ],
              "uv": [
                38,
                11
              ],
              "inflate": 0
            }
          ],
          "parent": "Man"
        },
        {
          "name": "Head",
          "pivot": [
            0,
            35,
            2
          ],
          "cubes": [
            {
              "origin": [
                -1.5,
                34.75,
                0.0
              ],
              "size": [
                3.0,
                2.0,
                3.0
              ],
              "uv": [
                31,
                0
              ],
              "inflate": 0
            },
            {
              "origin": [
                -3.0,
                36.0,
                -1.0
              ],
              "size": [
                6.0,
                6.0,
                5.0
              ],
              "uv": [
                61,
                61
              ],
              "inflate": 0
            },
            {
              "origin": [
                -5.0,
                22.0,
                6.0
              ],
              "size": [
                10.0,
                20.0,
                0.0
              ],
              "uv": [
                36,
                30
              ],
              "inflate": 0
            },
            {
              "origin": [
                -3.5,
                42.0,
                -1.0
              ],
              "size": [
                7.0,
                3.0,
                6.0
              ],
              "uv": [
                50,
                44
              ],
              "inflate": 0
            },
            {
              "origin": [
                -3.0,
                45.0,
                0.0
              ],
              "size": [
                6.0,
                2.0,
                4.0
              ],
              "uv": [
                78,
                58
              ],
              "inflate": 0
            },
            {
              "origin": [
                -3.5,
                45.0,
                -0.5
              ],
              "size": [
                7.0,
                1.0,
                5.0
              ],
              "uv": [
                70,
                43
              ],
              "inflate": 0
            },
            {
              "origin": [
                -2.0,
                47.0,
                0.0
              ],
              "size": [
                4.0,
                2.0,
                4.0
              ],
              "uv": [
                16,
                86
              ],
              "inflate": 0
            },
            {
              "origin": [
                -1.0,
                49.0,
                1.0
              ],
              "size": [
                2.0,
                2.0,
                2.0
              ],
              "uv": [
                56,
                61
              ],
              "inflate": 0
            },
            {
              "origin": [
                -3.5,
                35.0,
                4.0
              ],
              "size": [
                7.0,
                8.0,
                2.0
              ],
              "uv": [
                73,
                72
              ],
              "inflate": 0
            },
            {
              "origin": [
                -3.5,
                35.0,
                2.0
              ],
              "size": [
                7.0,
                7.0,
                2.0
              ],
              "uv": [
                77,
                49
              ],
              "inflate": 0
            },
            {
              "origin": [
                3.5,
                35.0,
                -2.0
              ],
              "size": [
                2.0,
                1.0,
                6.0
              ],
              "uv": [
                50,
                85
              ],
              "inflate": 0
            },
            {
              "origin": [
                -5.5,
                35.0,
                -2.0
              ],
              "size": [
                2.0,
                1.0,
                6.0
              ],
              "uv": [
                83,
                64
              ],
              "inflate": 0
            },
            {
              "origin": [
                5.5,
                17.0,
                -4.0
              ],
              "size": [
                0.0,
                19.0,
                4.0
              ],
              "pivot": [
                5.5,
                36.0,
                -2.0
              ],
              "rotation": [
                0.0,
                0.0,
                -2.5
              ],
              "uv": [
                8,
                59
              ],
              "inflate": 0
            },
            {
              "origin": [
                -5.5,
                17.0,
                -4.0
              ],
              "size": [
                0.0,
                19.0,
                4.0
              ],
              "pivot": [
                -5.5,
                36.0,
                -2.0
              ],
              "rotation": [
                0.0,
                0.0,
                2.5
              ],
              "uv": [
                0,
                59
              ],
              "inflate": 0
            },
            {
              "origin": [
                -3.5,
                38.0,
                1.0
              ],
              "size": [
                1.0,
                2.0,
                1.0
              ],
              "uv": [
                38,
                8
              ],
              "inflate": 0
            },
            {
              "origin": [
                2.5,
                38.0,
                1.0
              ],
              "size": [
                1.0,
                2.0,
                1.0
              ],
              "uv": [
                29,
                26
              ],
              "inflate": 0
            },
            {
              "origin": [
                3.5,
                36.0,
                1.5
              ],
              "size": [
                2.0,
                2.0,
                0.0
              ],
              "uv": [
                0,
                42
              ],
              "inflate": 0
            },
            {
              "origin": [
                -5.5,
                36.0,
                1.5
              ],
              "size": [
                2.0,
                2.0,
                0.0
              ],
              "uv": [
                40,
                0
              ],
              "inflate": 0
            },
            {
              "origin": [
                -0.5,
                37.0,
                -1.75
              ],
              "size": [
                1.0,
                2.0,
                1.0
              ],
              "pivot": [
                0.5,
                37.0,
                -1.0
              ],
              "rotation": [
                -27.5,
                0.0,
                0.0
              ],
              "uv": [
                29,
                23
              ],
              "inflate": 0
            }
          ],
          "parent": "Body"
        },
        {
          "name": "Hand",
          "pivot": [
            5,
            34,
            1
          ],
          "cubes": [
            {
              "origin": [
                5.0,
                31.0,
                -1.0
              ],
              "size": [
                9.0,
                5.0,
                5.0
              ],
              "uv": [
                0,
                42
              ],
              "inflate": 0
            }
          ],
          "parent": "Body",
          "rotation": [
            3.18458,
            -6.79382,
            37.31092
          ]
        },
        {
          "name": "Handm",
          "pivot": [
            12.68264,
            33.83771,
            0.83344
          ],
          "cubes": [
            {
              "origin": [
                11.92325,
                32.70347,
                -0.59599
              ],
              "size": [
                9.0,
                4.0,
                4.0
              ],
              "uv": [
                0,
                55
              ],
              "inflate": 0
            },
            {
              "origin": [
                15.92325,
                32.20347,
                -1.09599
              ],
              "size": [
                2.0,
                5.0,
                5.0
              ],
              "uv": [
                82,
                14
              ],
              "inflate": 0
            }
          ],
          "parent": "Hand",
          "rotation": [
            -80.86233,
            24.74585,
            4.57165
          ]
        },
        {
          "name": "Handfingers",
          "pivot": [
            20.75746,
            34.98125,
            1.37998
          ],
          "cubes": [
            {
              "origin": [
                19.92039,
                32.70347,
                -0.72685
              ],
              "size": [
                2.0,
                4.0,
                4.0
              ],
              "uv": [
                62,
                88
              ],
              "inflate": 0
            },
            {
              "origin": [
                21.92039,
                32.70347,
                -0.72685
              ],
              "size": [
                1.0,
                4.0,
                4.0
              ],
              "uv": [
                89,
                78
              ],
              "inflate": 0
            },
            {
              "origin": [
                24.42039,
                35.70347,
                2.27315
              ],
              "size": [
                3.0,
                1.0,
                1.0
              ],
              "pivot": [
                24.42039,
                36.20347,
                2.77315
              ],
              "rotation": [
                0.0,
                70.0,
                0.0
              ],
              "uv": [
                74,
                9
              ],
              "inflate": 0
            },
            {
              "origin": [
                24.42039,
                34.70347,
                2.27315
              ],
              "size": [
                4.0,
                1.0,
                1.0
              ],
              "pivot": [
                24.92039,
                35.20347,
                2.77315
              ],
              "rotation": [
                -180.0,
                70.0,
                180.0
              ],
              "uv": [
                60,
                85
              ],
              "inflate": 0
            },
            {
              "origin": [
                24.93547,
                33.70347,
                2.18765
              ],
              "size": [
                3.0,
                1.0,
                1.0
              ],
              "pivot": [
                24.92039,
                34.20347,
                2.77315
              ],
              "rotation": [
                -180.0,
                72.5,
                180.0
              ],
              "uv": [
                42,
                59
              ],
              "inflate": 0
            },
            {
              "origin": [
                24.92039,
                32.70347,
                2.27315
              ],
              "size": [
                2.0,
                1.0,
                1.0
              ],
              "pivot": [
                24.92039,
                33.20347,
                2.77315
              ],
              "rotation": [
                -180.0,
                70.0,
                180.0
              ],
              "uv": [
                64,
                2
              ],
              "inflate": 0
            },
            {
              "origin": [
                22.92039,
                32.70347,
                1.27315
              ],
              "size": [
                2.0,
                4.0,
                2.0
              ],
              "uv": [
                91,
                86
              ],
              "inflate": 0
            },
            {
              "origin": [
                23.42039,
                27.70347,
                0.52315
              ],
              "size": [
                1.0,
                25.0,
                1.0
              ],
              "uv": [
                16,
                63
              ],
              "inflate": 0
            },
            {
              "origin": [
                22.92039,
                26.70347,
                0.02315
              ],
              "size": [
                2.0,
                3.0,
                2.0
              ],
              "uv": [
                36,
                59
              ],
              "inflate": 0
            },
            {
              "origin": [
                23.92039,
                42.70347,
                1.02315
              ],
              "size": [
                8.0,
                11.0,
                0.0
              ],
              "pivot": [
                23.92039,
                49.70347,
                1.02315
              ],
              "uv": [
                40,
                75
              ],
              "inflate": 0
            },
            {
              "origin": [
                23.92039,
                42.70347,
                1.02315
              ],
              "size": [
                8.0,
                11.0,
                0.0
              ],
              "pivot": [
                23.92039,
                49.70347,
                1.02315
              ],
              "rotation": [
                -180.0,
                5.0,
                -180.0
              ],
              "uv": [
                40,
                75
              ],
              "inflate": 0
            },
            {
              "origin": [
                22.92039,
                34.70347,
                -0.72685
              ],
              "size": [
                1.0,
                2.0,
                2.0
              ],
              "uv": [
                0,
                23
              ],
              "inflate": 0
            },
            {
              "origin": [
                23.92039,
                35.70347,
                -0.72685
              ],
              "size": [
                2.0,
                1.0,
                1.0
              ],
              "pivot": [
                23.92039,
                36.20347,
                -0.22685
              ],
              "rotation": [
                0.0,
                -27.5,
                0.0
              ],
              "uv": [
                64,
                0
              ],
              "inflate": 0
            }
          ],
          "parent": "Handm",
          "rotation": [
            90,
            -25,
            12.5
          ]
        },
        {
          "name": "Hand2",
          "pivot": [
            -5,
            34,
            2
          ],
          "cubes": [
            {
              "origin": [
                -5.0,
                31.0,
                0.0
              ],
              "size": [
                9.0,
                5.0,
                5.0
              ],
              "uv": [
                0,
                42
              ],
              "inflate": 0
            }
          ],
          "parent": "Body",
          "rotation": [
            180,
            -12.5,
            135
          ]
        },
        {
          "name": "Handm2",
          "pivot": [
            2.75,
            34,
            1
          ],
          "cubes": [
            {
              "origin": [
                1.75,
                31.5,
                0.5
              ],
              "size": [
                9.0,
                4.0,
                4.0
              ],
              "uv": [
                51,
                53
              ],
              "inflate": 0
            },
            {
              "origin": [
                6.75,
                31.0,
                0.0
              ],
              "size": [
                2.0,
                5.0,
                5.0
              ],
              "uv": [
                82,
                4
              ],
              "inflate": 0
            }
          ],
          "parent": "Hand2",
          "rotation": [
            -3.19659,
            -12.28644,
            4.13434
          ]
        },
        {
          "name": "Handfingers2",
          "pivot": [
            10.25,
            33.5,
            2.5
          ],
          "cubes": [
            {
              "origin": [
                9.75,
                31.5,
                0.5
              ],
              "size": [
                2.0,
                4.0,
                4.0
              ],
              "uv": [
                40,
                88
              ],
              "inflate": 0
            },
            {
              "origin": [
                11.75,
                31.5,
                0.5
              ],
              "size": [
                1.0,
                4.0,
                4.0
              ],
              "uv": [
                85,
                88
              ],
              "inflate": 0
            },
            {
              "origin": [
                14.25,
                33.5,
                3.5
              ],
              "size": [
                3.0,
                1.0,
                1.0
              ],
              "pivot": [
                14.75,
                35.0,
                4.0
              ],
              "rotation": [
                -180.0,
                75.0,
                180.0
              ],
              "uv": [
                46,
                53
              ],
              "inflate": 0
            },
            {
              "origin": [
                14.25,
                32.5,
                3.5
              ],
              "size": [
                4.0,
                1.0,
                1.0
              ],
              "pivot": [
                14.75,
                35.0,
                4.0
              ],
              "rotation": [
                -180.0,
                77.5,
                180.0
              ],
              "uv": [
                78,
                64
              ],
              "inflate": 0
            },
            {
              "origin": [
                14.75,
                31.5,
                3.5
              ],
              "size": [
                3.0,
                1.0,
                1.0
              ],
              "pivot": [
                14.75,
                35.0,
                4.0
              ],
              "rotation": [
                -180.0,
                70.0,
                180.0
              ],
              "uv": [
                28,
                47
              ],
              "inflate": 0
            },
            {
              "origin": [
                14.75,
                34.5,
                3.5
              ],
              "size": [
                2.0,
                1.0,
                1.0
              ],
              "pivot": [
                14.75,
                35.0,
                4.0
              ],
              "rotation": [
                -180.0,
                75.0,
                180.0
              ],
              "uv": [
                63,
                23
              ],
              "inflate": 0
            },
            {
              "origin": [
                12.75,
                31.5,
                2.5
              ],
              "size": [
                2.0,
                4.0,
                2.0
              ],
              "uv": [
                91,
                71
              ],
              "inflate": 0
            },
            {
              "origin": [
                12.75,
                31.5,
                0.5
              ],
              "size": [
                1.0,
                2.0,
                2.0
              ],
              "uv": [
                0,
                0
              ],
              "inflate": 0
            },
            {
              "origin": [
                12.75,
                15.5,
                1.5
              ],
              "size": [
                1.0,
                23.0,
                1.0
              ],
              "uv": [
                36,
                73
              ],
              "inflate": 0
            },
            {
              "origin": [
                13.75,
                14.5,
                2.0
              ],
              "size": [
                8.0,
                10.0,
                0.0
              ],
              "uv": [
                73,
                82
              ],
              "inflate": 0
            },
            {
              "origin": [
                4.75,
                14.5,
                2.0
              ],
              "size": [
                8.0,
                10.0,
                0.0
              ],
              "uv": [
                0,
                82
              ],
              "inflate": 0
            },
            {
              "origin": [
                12.25,
                37.5,
                1.0
              ],
              "size": [
                2.0,
                2.0,
                2.0
              ],
              "uv": [
                58,
                19
              ],
              "inflate": 0
            },
            {
              "origin": [
                13.75,
                31.5,
                0.5
              ],
              "size": [
                2.0,
                1.0,
                1.0
              ],
              "pivot": [
                13.75,
                32.0,
                1.0
              ],
              "rotation": [
                0.0,
                -67.5,
                0.0
              ],
              "uv": [
                31,
                5
              ],
              "inflate": 0
            }
          ],
          "parent": "Handm2",
          "rotation": [
            140.68778,
            20.71522,
            41.75458
          ]
        }
      ]
    }
  ]
}