{
  "format_version": "1.12.0",
  "minecraft:geometry": [
    {
      "description": {
        "identifier": "geometry.ms_b_a_u2",
        "texture_width": 64,
        "texture_height": 64,
        "visible_bounds_width": 3,
        "visible_bounds_height": 4,
        "visible_bounds_offset": [
          0,
          1,
          0
        ]
      },
      "bones": [
        {
          "name": "bone3"
        },
        {
          "name": "Centreblock",
          "pivot": [
            11,
            14,
            0
          ],
          "cubes": [
            {
              "origin": [
                -8.0,
                12.0,
                -3.0
              ],
              "size": [
                19.0,
                7.0,
                6.0
              ],
              "uv": [
                0,
                0
              ],
              "inflate": 0
            }
          ],
          "parent": "bone3",
          "rotation": [
            0,
            0,
            27.5
          ]
        }
      ]
    }
  ]
}