{
  "format_version": "1.12.0",
  "minecraft:geometry": [
    {
      "description": {
        "identifier": "geometry.ms_b_a_m_180",
        "texture_width": 128,
        "texture_height": 128,
        "visible_bounds_width": 3,
        "visible_bounds_height": 4,
        "visible_bounds_offset": [
          0,
          1,
          0
        ]
      },
      "bones": [
        {
          "name": "bone",
          "cubes": [
            {
              "origin": [
                -7.0,
                0.0,
                -1.0
              ],
              "size": [
                2.0,
                16.0,
                2.0
              ],
              "uv": [
                40,
                0
              ],
              "inflate": 0
            },
            {
              "origin": [
                -6.0,
                0.0,
                -3.0
              ],
              "size": [
                2.0,
                16.0,
                2.0
              ],
              "uv": [
                34,
                18
              ],
              "inflate": 0
            },
            {
              "origin": [
                -5.0,
                5.0,
                -1.0
              ],
              "size": [
                2.0,
                16.0,
                2.0
              ],
              "uv": [
                0,
                32
              ],
              "inflate": 0
            },
            {
              "origin": [
                -3.0,
                5.0,
                -1.0
              ],
              "size": [
                2.0,
                16.0,
                2.0
              ],
              "uv": [
                10,
                16
              ],
              "inflate": 0
            },
            {
              "origin": [
                -4.0,
                5.0,
                -2.0
              ],
              "size": [
                2.0,
                16.0,
                2.0
              ],
              "uv": [
                26,
                18
              ],
              "inflate": 0
            },
            {
              "origin": [
                -4.0,
                21.0,
                0.75
              ],
              "size": [
                2.0,
                1.0,
                1.0
              ],
              "uv": [
                18,
                0
              ],
              "inflate": 0
            },
            {
              "origin": [
                -4.75,
                21.0,
                -1.0
              ],
              "size": [
                1.0,
                1.0,
                2.0
              ],
              "uv": [
                0,
                3
              ],
              "inflate": 0
            },
            {
              "origin": [
                -2.25,
                21.0,
                -1.0
              ],
              "size": [
                1.0,
                1.0,
                2.0
              ],
              "uv": [
                0,
                0
              ],
              "inflate": 0
            },
            {
              "origin": [
                -4.0,
                21.0,
                -1.75
              ],
              "size": [
                2.0,
                1.0,
                1.0
              ],
              "uv": [
                6,
                16
              ],
              "inflate": 0
            },
            {
              "origin": [
                -4.0,
                5.0,
                0.0
              ],
              "size": [
                2.0,
                16.0,
                2.0
              ],
              "uv": [
                24,
                0
              ],
              "inflate": 0
            },
            {
              "origin": [
                -4.0,
                8.0,
                -1.0
              ],
              "size": [
                2.0,
                16.0,
                2.0
              ],
              "uv": [
                18,
                16
              ],
              "inflate": 0
            },
            {
              "origin": [
                -3.5,
                24.0,
                -0.5
              ],
              "size": [
                1.0,
                1.0,
                1.0
              ],
              "uv": [
                0,
                16
              ],
              "inflate": 0
            },
            {
              "origin": [
                -6.0,
                0.0,
                1.0
              ],
              "size": [
                2.0,
                16.0,
                2.0
              ],
              "uv": [
                16,
                34
              ],
              "inflate": 0
            },
            {
              "origin": [
                4.0,
                0.0,
                1.0
              ],
              "size": [
                2.0,
                11.0,
                2.0
              ],
              "uv": [
                8,
                52
              ],
              "inflate": 0
            },
            {
              "origin": [
                4.0,
                0.0,
                -3.0
              ],
              "size": [
                2.0,
                11.0,
                2.0
              ],
              "uv": [
                50,
                15
              ],
              "inflate": 0
            },
            {
              "origin": [
                2.0,
                0.0,
                -4.0
              ],
              "size": [
                2.0,
                12.0,
                2.0
              ],
              "uv": [
                0,
                50
              ],
              "inflate": 0
            },
            {
              "origin": [
                2.0,
                0.0,
                2.0
              ],
              "size": [
                2.0,
                12.0,
                2.0
              ],
              "uv": [
                46,
                48
              ],
              "inflate": 0
            },
            {
              "origin": [
                -4.0,
                0.0,
                2.0
              ],
              "size": [
                2.0,
                16.0,
                2.0
              ],
              "uv": [
                8,
                34
              ],
              "inflate": 0
            },
            {
              "origin": [
                -4.0,
                0.0,
                -4.0
              ],
              "size": [
                2.0,
                16.0,
                2.0
              ],
              "uv": [
                32,
                0
              ],
              "inflate": 0
            },
            {
              "origin": [
                -1.0,
                0.0,
                -7.0
              ],
              "size": [
                2.0,
                14.0,
                2.0
              ],
              "uv": [
                42,
                18
              ],
              "inflate": 0
            },
            {
              "origin": [
                -1.0,
                0.0,
                5.0
              ],
              "size": [
                2.0,
                14.0,
                2.0
              ],
              "uv": [
                40,
                34
              ],
              "inflate": 0
            },
            {
              "origin": [
                -3.0,
                0.0,
                4.0
              ],
              "size": [
                2.0,
                16.0,
                2.0
              ],
              "uv": [
                32,
                36
              ],
              "inflate": 0
            },
            {
              "origin": [
                1.0,
                0.0,
                4.0
              ],
              "size": [
                2.0,
                13.0,
                2.0
              ],
              "uv": [
                48,
                32
              ],
              "inflate": 0
            },
            {
              "origin": [
                1.0,
                0.0,
                -6.0
              ],
              "size": [
                2.0,
                13.0,
                2.0
              ],
              "uv": [
                48,
                0
              ],
              "inflate": 0
            },
            {
              "origin": [
                -3.0,
                0.0,
                -6.0
              ],
              "size": [
                2.0,
                16.0,
                2.0
              ],
              "uv": [
                24,
                36
              ],
              "inflate": 0
            },
            {
              "origin": [
                5.0,
                0.0,
                -1.0
              ],
              "size": [
                2.0,
                10.0,
                2.0
              ],
              "uv": [
                16,
                52
              ],
              "inflate": 0
            },
            {
              "origin": [
                -1.0,
                0.0,
                0.0
              ],
              "size": [
                1.0,
                1.0,
                1.0
              ],
              "uv": [
                0,
                0
              ],
              "inflate": 0
            }
          ],
          "rotation": [
            -180,
            0,
            180
          ]
        },
        {
          "name": "bone2",
          "pivot": [
            0,
            9,
            0
          ],
          "cubes": [
            {
              "origin": [
                -3.0,
                9.5,
                -3.0
              ],
              "size": [
                6.0,
                10.0,
                6.0
              ],
              "uv": [
                0,
                0
              ],
              "inflate": 0
            },
            {
              "origin": [
                -4.0,
                9.5,
                -2.0
              ],
              "size": [
                1.0,
                12.0,
                4.0
              ],
              "uv": [
                0,
                16
              ],
              "inflate": 0
            }
          ],
          "parent": "bone",
          "rotation": [
            0,
            0,
            42.5
          ]
        }
      ]
    }
  ]
}