{
  "format_version": "1.12.0",
  "minecraft:geometry": [
    {
      "description": {
        "identifier": "geometry.ms_baglamukhi",
        "texture_width": 256,
        "texture_height": 256,
        "visible_bounds_width": 9,
        "visible_bounds_height": 7,
        "visible_bounds_offset": [
          0,
          2.5,
          0
        ]
      },
      "bones": [
        {
          "name": "Bagalamukhi"
        },
        {
          "name": "Legssss",
          "pivot": [
            0,
            32,
            2
          ],
          "cubes": [
            {
              "origin": [
                -8.0,
                6.0,
                -1.0
              ],
              "size": [
                8.0,
                24.0,
                7.0
              ],
              "uv": [
                0,
                34
              ],
              "inflate": 0
            },
            {
              "origin": [
                -5.0,
                30.0,
                0.0
              ],
              "size": [
                10.0,
                2.0,
                5.0
              ],
              "uv": [
                88,
                59
              ],
              "inflate": 0
            },
            {
              "origin": [
                -2.0,
                30.0,
                -1.0
              ],
              "size": [
                4.0,
                2.0,
                1.0
              ],
              "uv": [
                62,
                19
              ],
              "inflate": 0
            },
            {
              "origin": [
                -3.0,
                19.0,
                6.0
              ],
              "size": [
                6.0,
                11.0,
                0.0
              ],
              "uv": [
                68,
                69
              ],
              "inflate": 0
            }
          ],
          "parent": "Bagalamukhi"
        },
        {
          "name": "Legs2",
          "pivot": [
            4,
            24,
            2.5
          ],
          "cubes": [
            {
              "origin": [
                1.0,
                12.0,
                0.0
              ],
              "size": [
                6.0,
                13.0,
                5.0
              ],
              "uv": [
                90,
                0
              ],
              "inflate": 0
            },
            {
              "origin": [
                0.0,
                11.0,
                -5.0
              ],
              "size": [
                8.0,
                14.0,
                10.0
              ],
              "uv": [
                220,
                162
              ],
              "inflate": 0
            },
            {
              "origin": [
                -2.0,
                15.0,
                1.0
              ],
              "size": [
                5.0,
                9.0,
                12.0
              ],
              "pivot": [
                0.0,
                22.0,
                -7.0
              ],
              "rotation": [
                5.0,
                0.0,
                0.0
              ],
              "uv": [
                170,
                0
              ],
              "inflate": 0
            }
          ],
          "parent": "Legssss",
          "rotation": [
            -91.74978,
            25.65506,
            -11.77672
          ]
        },
        {
          "name": "L3",
          "pivot": [
            4,
            13,
            3
          ],
          "cubes": [
            {
              "origin": [
                2.0,
                5.0,
                1.0
              ],
              "size": [
                4.0,
                9.0,
                4.0
              ],
              "uv": [
                46,
                68
              ],
              "inflate": 0
            },
            {
              "origin": [
                1.0,
                5.0,
                0.0
              ],
              "size": [
                6.0,
                9.0,
                6.0
              ],
              "uv": [
                217,
                21
              ],
              "inflate": 0
            }
          ],
          "parent": "Legs2",
          "rotation": [
            95,
            0,
            0
          ]
        },
        {
          "name": "Paul2",
          "pivot": [
            4,
            4,
            1.90297
          ],
          "cubes": [
            {
              "origin": [
                2.0,
                0.0,
                -5.0
              ],
              "size": [
                4.0,
                1.0,
                5.0
              ],
              "uv": [
                114,
                42
              ],
              "inflate": 0
            },
            {
              "origin": [
                2.0,
                0.0,
                1.0
              ],
              "size": [
                4.0,
                1.0,
                4.0
              ],
              "uv": [
                64,
                115
              ],
              "inflate": 0
            },
            {
              "origin": [
                2.0,
                1.0,
                -5.0
              ],
              "size": [
                4.0,
                1.0,
                10.0
              ],
              "uv": [
                92,
                96
              ],
              "inflate": 0
            },
            {
              "origin": [
                2.0,
                2.0,
                -3.0
              ],
              "size": [
                4.0,
                1.0,
                8.0
              ],
              "uv": [
                108,
                25
              ],
              "inflate": 0
            },
            {
              "origin": [
                2.0,
                3.0,
                -2.0
              ],
              "size": [
                4.0,
                1.0,
                7.0
              ],
              "uv": [
                112,
                0
              ],
              "inflate": 0
            },
            {
              "origin": [
                1.0,
                2.0,
                0.0
              ],
              "size": [
                6.0,
                3.0,
                6.0
              ],
              "uv": [
                110,
                91
              ],
              "inflate": 0
            }
          ],
          "parent": "L3",
          "rotation": [
            -22.5,
            0,
            0
          ]
        },
        {
          "name": "Legs",
          "pivot": [
            -4,
            24,
            2.5
          ],
          "cubes": [
            {
              "origin": [
                -7.0,
                12.0,
                0.0
              ],
              "size": [
                6.0,
                13.0,
                5.0
              ],
              "uv": [
                80,
                88
              ],
              "inflate": 0
            }
          ],
          "parent": "Legssss",
          "rotation": [
            0,
            25,
            0
          ]
        },
        {
          "name": "L2",
          "pivot": [
            -4,
            13,
            3
          ],
          "cubes": [
            {
              "origin": [
                -6.0,
                5.0,
                1.0
              ],
              "size": [
                4.0,
                9.0,
                4.0
              ],
              "uv": [
                24,
                65
              ],
              "inflate": 0
            }
          ],
          "parent": "Legs"
        },
        {
          "name": "Paul",
          "pivot": [
            -4,
            4,
            1.90297
          ],
          "cubes": [
            {
              "origin": [
                -6.0,
                0.0,
                -5.0
              ],
              "size": [
                4.0,
                1.0,
                5.0
              ],
              "uv": [
                112,
                109
              ],
              "inflate": 0
            },
            {
              "origin": [
                -6.0,
                0.0,
                1.0
              ],
              "size": [
                4.0,
                1.0,
                4.0
              ],
              "uv": [
                85,
                79
              ],
              "inflate": 0
            },
            {
              "origin": [
                -6.0,
                1.0,
                -5.0
              ],
              "size": [
                4.0,
                1.0,
                10.0
              ],
              "uv": [
                48,
                96
              ],
              "inflate": 0
            },
            {
              "origin": [
                -6.0,
                2.0,
                -3.0
              ],
              "size": [
                4.0,
                1.0,
                8.0
              ],
              "uv": [
                96,
                107
              ],
              "inflate": 0
            },
            {
              "origin": [
                -6.0,
                3.0,
                -2.0
              ],
              "size": [
                4.0,
                1.0,
                7.0
              ],
              "uv": [
                111,
                59
              ],
              "inflate": 0
            },
            {
              "origin": [
                -7.0,
                2.0,
                0.0
              ],
              "size": [
                6.0,
                3.0,
                6.0
              ],
              "uv": [
                106,
                12
              ],
              "inflate": 0
            }
          ],
          "parent": "L2"
        },
        {
          "name": "Body",
          "pivot": [
            0,
            31,
            4
          ],
          "cubes": [
            {
              "origin": [
                -5.0,
                32.0,
                0.0
              ],
              "size": [
                10.0,
                6.0,
                5.0
              ],
              "uv": [
                86,
                22
              ],
              "inflate": 0
            },
            {
              "origin": [
                -7.0,
                38.0,
                0.0
              ],
              "size": [
                14.0,
                7.0,
                5.0
              ],
              "uv": [
                48,
                22
              ],
              "inflate": 0
            },
            {
              "origin": [
                -7.0,
                30.0,
                -0.75
              ],
              "size": [
                14.0,
                15.0,
                2.0
              ],
              "uv": [
                82,
                34
              ],
              "inflate": 0
            }
          ],
          "parent": "Bagalamukhi",
          "rotation": [
            4.99444,
            22.34592,
            3.82057
          ]
        },
        {
          "name": "Hand1",
          "pivot": [
            7,
            43,
            3
          ],
          "cubes": [
            {
              "origin": [
                5.0,
                41.0,
                1.0
              ],
              "size": [
                12.0,
                4.0,
                4.0
              ],
              "uv": [
                88,
                51
              ],
              "inflate": 0
            }
          ],
          "parent": "Body",
          "rotation": [
            -93.09191,
            14.25753,
            56.60469
          ]
        },
        {
          "name": "bone",
          "pivot": [
            16,
            43,
            3
          ],
          "cubes": [
            {
              "origin": [
                15.0,
                41.0,
                1.0
              ],
              "size": [
                10.0,
                4.0,
                4.0
              ],
              "uv": [
                76,
                107
              ],
              "inflate": 0
            }
          ],
          "parent": "Hand1",
          "rotation": [
            3.62267,
            10.0033,
            27.58491
          ]
        },
        {
          "name": "bone2",
          "pivot": [
            24,
            43,
            3
          ],
          "cubes": [
            {
              "origin": [
                24.0,
                41.0,
                1.0
              ],
              "size": [
                2.0,
                4.0,
                4.0
              ],
              "uv": [
                92,
                116
              ],
              "inflate": 0
            },
            {
              "origin": [
                26.0,
                44.0,
                1.0
              ],
              "size": [
                1.0,
                1.0,
                4.0
              ],
              "uv": [
                48,
                96
              ],
              "inflate": 0
            },
            {
              "origin": [
                27.0,
                44.0,
                1.0
              ],
              "size": [
                2.0,
                1.0,
                1.0
              ],
              "pivot": [
                27.0,
                44.5,
                1.5
              ],
              "rotation": [
                0.0,
                0.0,
                42.5
              ],
              "uv": [
                85,
                69
              ],
              "inflate": 0
            },
            {
              "origin": [
                27.0,
                44.0,
                2.0
              ],
              "size": [
                3.0,
                1.0,
                1.0
              ],
              "pivot": [
                27.0,
                44.5,
                1.5
              ],
              "rotation": [
                0.0,
                0.0,
                52.5
              ],
              "uv": [
                52,
                85
              ],
              "inflate": 0
            },
            {
              "origin": [
                27.0,
                44.0,
                3.0
              ],
              "size": [
                3.0,
                1.0,
                1.0
              ],
              "pivot": [
                27.0,
                44.5,
                1.5
              ],
              "rotation": [
                0.0,
                0.0,
                60.0
              ],
              "uv": [
                44,
                85
              ],
              "inflate": 0
            },
            {
              "origin": [
                27.0,
                44.0,
                4.0
              ],
              "size": [
                2.0,
                1.0,
                1.0
              ],
              "pivot": [
                27.0,
                44.5,
                1.5
              ],
              "rotation": [
                0.0,
                0.0,
                75.0
              ],
              "uv": [
                60,
                85
              ],
              "inflate": 0
            },
            {
              "origin": [
                26.0,
                41.0,
                1.0
              ],
              "size": [
                2.0,
                1.0,
                1.0
              ],
              "uv": [
                76,
                82
              ],
              "inflate": 0
            },
            {
              "origin": [
                26.0,
                42.0,
                1.0
              ],
              "size": [
                2.0,
                1.0,
                1.0
              ],
              "uv": [
                76,
                80
              ],
              "inflate": 0
            }
          ],
          "parent": "bone",
          "rotation": [
            90.07375,
            37.27172,
            -2.41935
          ]
        },
        {
          "name": "Hand2",
          "pivot": [
            -7,
            43,
            3
          ],
          "cubes": [
            {
              "origin": [
                -9.0,
                41.0,
                1.0
              ],
              "size": [
                12.0,
                4.0,
                4.0
              ],
              "uv": [
                48,
                88
              ],
              "inflate": 0
            }
          ],
          "parent": "Body",
          "rotation": [
            -110.26494,
            23.83192,
            -163.69506
          ]
        },
        {
          "name": "bone5",
          "pivot": [
            2,
            43,
            3
          ],
          "cubes": [
            {
              "origin": [
                1.0,
                41.0,
                1.0
              ],
              "size": [
                10.0,
                4.0,
                4.0
              ],
              "uv": [
                48,
                107
              ],
              "inflate": 0
            }
          ],
          "parent": "Hand2",
          "rotation": [
            28.4972,
            -23.82941,
            3.36925
          ]
        },
        {
          "name": "bone6",
          "pivot": [
            10,
            43,
            3
          ],
          "cubes": [
            {
              "origin": [
                10.0,
                41.0,
                1.0
              ],
              "size": [
                2.0,
                4.0,
                4.0
              ],
              "uv": [
                80,
                115
              ],
              "inflate": 0
            },
            {
              "origin": [
                12.0,
                44.0,
                1.0
              ],
              "size": [
                1.0,
                1.0,
                4.0
              ],
              "uv": [
                81,
                22
              ],
              "inflate": 0
            },
            {
              "origin": [
                13.0,
                44.0,
                4.0
              ],
              "size": [
                2.0,
                1.0,
                1.0
              ],
              "pivot": [
                13.0,
                44.5,
                1.5
              ],
              "rotation": [
                0.0,
                0.0,
                42.5
              ],
              "uv": [
                34,
                78
              ],
              "inflate": 0
            },
            {
              "origin": [
                13.0,
                44.0,
                3.0
              ],
              "size": [
                3.0,
                1.0,
                1.0
              ],
              "pivot": [
                13.0,
                44.5,
                1.5
              ],
              "rotation": [
                0.0,
                0.0,
                35.0
              ],
              "uv": [
                32,
                84
              ],
              "inflate": 0
            },
            {
              "origin": [
                13.0,
                44.0,
                2.0
              ],
              "size": [
                3.0,
                1.0,
                1.0
              ],
              "pivot": [
                13.0,
                44.5,
                1.5
              ],
              "rotation": [
                0.0,
                0.0,
                35.0
              ],
              "uv": [
                82,
                51
              ],
              "inflate": 0
            },
            {
              "origin": [
                13.0,
                44.0,
                1.0
              ],
              "size": [
                2.0,
                1.0,
                1.0
              ],
              "pivot": [
                13.0,
                44.5,
                1.5
              ],
              "rotation": [
                0.0,
                0.0,
                37.5
              ],
              "uv": [
                22,
                65
              ],
              "inflate": 0
            },
            {
              "origin": [
                12.0,
                42.0,
                0.0
              ],
              "size": [
                2.0,
                2.0,
                7.0
              ],
              "uv": [
                113,
                100
              ],
              "inflate": 0
            },
            {
              "origin": [
                11.5,
                41.5,
                7.0
              ],
              "size": [
                3.0,
                3.0,
                16.0
              ],
              "uv": [
                24,
                65
              ],
              "inflate": 0
            },
            {
              "origin": [
                11.5,
                44.5,
                8.0
              ],
              "size": [
                3.0,
                1.0,
                15.0
              ],
              "uv": [
                47,
                69
              ],
              "inflate": 0
            },
            {
              "origin": [
                11.5,
                40.5,
                8.0
              ],
              "size": [
                3.0,
                1.0,
                15.0
              ],
              "uv": [
                67,
                53
              ],
              "inflate": 0
            },
            {
              "origin": [
                10.5,
                41.5,
                8.0
              ],
              "size": [
                1.0,
                3.0,
                15.0
              ],
              "uv": [
                73,
                4
              ],
              "inflate": 0
            },
            {
              "origin": [
                14.5,
                41.5,
                8.0
              ],
              "size": [
                1.0,
                3.0,
                15.0
              ],
              "uv": [
                68,
                70
              ],
              "inflate": 0
            },
            {
              "origin": [
                11.5,
                41.5,
                23.0
              ],
              "size": [
                3.0,
                3.0,
                1.0
              ],
              "uv": [
                68,
                80
              ],
              "inflate": 0
            },
            {
              "origin": [
                12.0,
                41.0,
                4.0
              ],
              "size": [
                2.0,
                1.0,
                1.0
              ],
              "pivot": [
                12.0,
                41.5,
                4.5
              ],
              "rotation": [
                0.0,
                0.0,
                -5.0
              ],
              "uv": [
                0,
                39
              ],
              "inflate": 0
            }
          ],
          "parent": "bone5",
          "rotation": [
            16.58151,
            -8.04435,
            3.76885
          ]
        },
        {
          "name": "Face",
          "pivot": [
            0,
            45,
            3
          ],
          "cubes": [
            {
              "origin": [
                -2.0,
                45.0,
                1.0
              ],
              "size": [
                4.0,
                3.0,
                3.0
              ],
              "uv": [
                66,
                96
              ],
              "inflate": 0
            },
            {
              "origin": [
                -6.0,
                45.0,
                -1.0
              ],
              "size": [
                3.0,
                3.0,
                5.0
              ],
              "uv": [
                114,
                34
              ],
              "inflate": 0
            },
            {
              "origin": [
                -7.0,
                24.0,
                -2.0
              ],
              "size": [
                4.0,
                23.0,
                1.0
              ],
              "uv": [
                10,
                101
              ],
              "inflate": 0
            },
            {
              "origin": [
                -7.0,
                24.0,
                -2.0
              ],
              "size": [
                4.0,
                23.0,
                1.0
              ],
              "pivot": [
                -5.0,
                46.5,
                -1.5
              ],
              "rotation": [
                0.0,
                0.0,
                10.0
              ],
              "uv": [
                0,
                101
              ],
              "inflate": 0
            },
            {
              "origin": [
                3.0,
                49.0,
                1.0
              ],
              "size": [
                1.0,
                3.0,
                2.0
              ],
              "uv": [
                39,
                34
              ],
              "inflate": 0
            },
            {
              "origin": [
                3.0,
                21.0,
                3.0
              ],
              "size": [
                2.0,
                34.0,
                4.0
              ],
              "pivot": [
                4.0,
                55.0,
                3.5
              ],
              "rotation": [
                0.0,
                0.0,
                -7.5
              ],
              "uv": [
                36,
                84
              ],
              "inflate": 0
            },
            {
              "origin": [
                -5.0,
                21.0,
                3.0
              ],
              "size": [
                2.0,
                34.0,
                4.0
              ],
              "pivot": [
                -4.0,
                55.0,
                3.5
              ],
              "rotation": [
                0.0,
                0.0,
                7.5
              ],
              "uv": [
                24,
                84
              ],
              "inflate": 0
            },
            {
              "origin": [
                -4.0,
                49.0,
                1.0
              ],
              "size": [
                1.0,
                3.0,
                2.0
              ],
              "uv": [
                0,
                34
              ],
              "inflate": 0
            },
            {
              "origin": [
                -5.0,
                48.0,
                2.0
              ],
              "size": [
                2.0,
                2.0,
                0.0
              ],
              "uv": [
                48,
                23
              ],
              "inflate": 0
            },
            {
              "origin": [
                3.0,
                48.0,
                2.0
              ],
              "size": [
                2.0,
                2.0,
                0.0
              ],
              "uv": [
                48,
                21
              ],
              "inflate": 0
            },
            {
              "origin": [
                -3.5,
                47.0,
                0.0
              ],
              "size": [
                7.0,
                7.0,
                5.0
              ],
              "uv": [
                100,
                79
              ],
              "inflate": 0
            },
            {
              "origin": [
                -5.0,
                54.0,
                0.0
              ],
              "size": [
                10.0,
                3.0,
                7.0
              ],
              "uv": [
                85,
                69
              ],
              "inflate": 0
            },
            {
              "origin": [
                -10.0,
                55.0,
                8.0
              ],
              "size": [
                20.0,
                19.0,
                0.0
              ],
              "uv": [
                48,
                0
              ],
              "inflate": 0
            },
            {
              "origin": [
                -3.0,
                57.0,
                2.0
              ],
              "size": [
                6.0,
                3.0,
                4.0
              ],
              "uv": [
                112,
                67
              ],
              "inflate": 0
            },
            {
              "origin": [
                -3.0,
                57.0,
                1.0
              ],
              "size": [
                6.0,
                1.0,
                1.0
              ],
              "uv": [
                48,
                19
              ],
              "inflate": 0
            },
            {
              "origin": [
                0.0,
                55.0,
                1.0
              ],
              "size": [
                8.0,
                7.0,
                0.0
              ],
              "pivot": [
                5.0,
                56.5,
                1.0
              ],
              "rotation": [
                0.0,
                0.0,
                45.0
              ],
              "uv": [
                148,
                19
              ],
              "inflate": 0
            },
            {
              "origin": [
                -2.0,
                58.0,
                1.0
              ],
              "size": [
                4.0,
                1.0,
                1.0
              ],
              "uv": [
                24,
                78
              ],
              "inflate": 0
            },
            {
              "origin": [
                -1.0,
                59.0,
                1.0
              ],
              "size": [
                2.0,
                1.0,
                1.0
              ],
              "uv": [
                39,
                39
              ],
              "inflate": 0
            },
            {
              "origin": [
                -2.0,
                60.0,
                2.0
              ],
              "size": [
                4.0,
                3.0,
                4.0
              ],
              "uv": [
                48,
                115
              ],
              "inflate": 0
            },
            {
              "origin": [
                -5.0,
                21.0,
                5.0
              ],
              "size": [
                10.0,
                34.0,
                2.0
              ],
              "uv": [
                0,
                65
              ],
              "inflate": 0
            }
          ],
          "parent": "Body",
          "rotation": [
            9.13039,
            -34.65749,
            -5.22206
          ]
        },
        {
          "name": "bone3",
          "pivot": [
            0,
            47.5,
            0.75
          ],
          "parent": "Face",
          "rotation": [
            -7.5,
            0,
            0
          ]
        },
        {
          "name": "Asur",
          "pivot": [
            -14,
            -4,
            -14
          ],
          "rotation": [
            -22.2049,
            81.94157,
            36.25742
          ]
        },
        {
          "name": "Legssss2",
          "pivot": [
            -14,
            28,
            -12
          ],
          "cubes": [
            {
              "origin": [
                -19.0,
                26.0,
                -14.0
              ],
              "size": [
                10.0,
                2.0,
                5.0
              ],
              "uv": [
                88,
                190
              ],
              "inflate": 0
            },
            {
              "origin": [
                -19.0,
                21.0,
                -14.0
              ],
              "size": [
                10.0,
                7.0,
                5.0
              ],
              "uv": [
                159,
                205
              ],
              "inflate": 0
            },
            {
              "origin": [
                -16.0,
                26.0,
                -15.0
              ],
              "size": [
                4.0,
                2.0,
                1.0
              ],
              "uv": [
                62,
                150
              ],
              "inflate": 0
            },
            {
              "origin": [
                -17.0,
                15.0,
                -8.0
              ],
              "size": [
                6.0,
                11.0,
                0.0
              ],
              "uv": [
                68,
                200
              ],
              "inflate": 0
            }
          ],
          "parent": "Asur"
        },
        {
          "name": "Legs3",
          "pivot": [
            -10,
            20,
            -11.5
          ],
          "cubes": [
            {
              "origin": [
                -13.0,
                8.0,
                -14.0
              ],
              "size": [
                6.0,
                13.0,
                5.0
              ],
              "uv": [
                90,
                131
              ],
              "inflate": 0
            },
            {
              "origin": [
                -14.0,
                7.0,
                -19.0
              ],
              "size": [
                8.0,
                14.0,
                10.0
              ],
              "uv": [
                220,
                232
              ],
              "inflate": 0
            }
          ],
          "parent": "Legssss2",
          "rotation": [
            -34.29158,
            -29.64963,
            -2.21083
          ]
        },
        {
          "name": "L4",
          "pivot": [
            -10,
            9,
            -11
          ],
          "cubes": [
            {
              "origin": [
                -12.0,
                1.0,
                -13.0
              ],
              "size": [
                4.0,
                9.0,
                4.0
              ],
              "uv": [
                240,
                180
              ],
              "inflate": 0
            }
          ],
          "parent": "Legs3",
          "rotation": [
            27.5,
            0,
            0
          ]
        },
        {
          "name": "Paul3",
          "pivot": [
            -10,
            0,
            -12.09703
          ],
          "cubes": [
            {
              "origin": [
                -12.0,
                -4.0,
                -19.0
              ],
              "size": [
                4.0,
                1.0,
                5.0
              ],
              "uv": [
                114,
                173
              ],
              "inflate": 0
            },
            {
              "origin": [
                -12.0,
                -4.0,
                -13.0
              ],
              "size": [
                4.0,
                1.0,
                4.0
              ],
              "uv": [
                64,
                246
              ],
              "inflate": 0
            },
            {
              "origin": [
                -12.0,
                -3.0,
                -19.0
              ],
              "size": [
                4.0,
                1.0,
                10.0
              ],
              "uv": [
                92,
                227
              ],
              "inflate": 0
            },
            {
              "origin": [
                -12.0,
                -2.0,
                -17.0
              ],
              "size": [
                4.0,
                1.0,
                8.0
              ],
              "uv": [
                108,
                156
              ],
              "inflate": 0
            },
            {
              "origin": [
                -12.0,
                -1.0,
                -16.0
              ],
              "size": [
                4.0,
                1.0,
                7.0
              ],
              "uv": [
                112,
                131
              ],
              "inflate": 0
            },
            {
              "origin": [
                -13.0,
                -2.0,
                -14.0
              ],
              "size": [
                6.0,
                3.0,
                6.0
              ],
              "uv": [
                110,
                222
              ],
              "inflate": 0
            }
          ],
          "parent": "L4",
          "rotation": [
            47.5,
            0,
            0
          ]
        },
        {
          "name": "Legs4",
          "pivot": [
            -18,
            20,
            -11.5
          ],
          "cubes": [
            {
              "origin": [
                -21.0,
                8.0,
                -14.0
              ],
              "size": [
                6.0,
                13.0,
                5.0
              ],
              "uv": [
                80,
                219
              ],
              "inflate": 0
            },
            {
              "origin": [
                -23.0,
                8.0,
                -16.0
              ],
              "size": [
                10.0,
                13.0,
                10.0
              ],
              "uv": [
                140,
                233
              ],
              "inflate": 0
            }
          ],
          "parent": "Legssss2",
          "rotation": [
            -45,
            25,
            0
          ]
        },
        {
          "name": "L5",
          "pivot": [
            -18,
            9,
            -11
          ],
          "cubes": [
            {
              "origin": [
                -20.0,
                1.0,
                -13.0
              ],
              "size": [
                4.0,
                9.0,
                4.0
              ],
              "uv": [
                24,
                196
              ],
              "inflate": 0
            }
          ],
          "parent": "Legs4",
          "rotation": [
            45,
            0,
            0
          ]
        },
        {
          "name": "Paul4",
          "pivot": [
            -18,
            0,
            -12.09703
          ],
          "cubes": [
            {
              "origin": [
                -20.0,
                -4.0,
                -19.0
              ],
              "size": [
                4.0,
                1.0,
                5.0
              ],
              "uv": [
                112,
                240
              ],
              "inflate": 0
            },
            {
              "origin": [
                -20.0,
                -4.0,
                -13.0
              ],
              "size": [
                4.0,
                1.0,
                4.0
              ],
              "uv": [
                85,
                210
              ],
              "inflate": 0
            },
            {
              "origin": [
                -20.0,
                -3.0,
                -19.0
              ],
              "size": [
                4.0,
                1.0,
                10.0
              ],
              "uv": [
                48,
                227
              ],
              "inflate": 0
            },
            {
              "origin": [
                -20.0,
                -2.0,
                -17.0
              ],
              "size": [
                4.0,
                1.0,
                8.0
              ],
              "uv": [
                96,
                238
              ],
              "inflate": 0
            },
            {
              "origin": [
                -20.0,
                -1.0,
                -16.0
              ],
              "size": [
                4.0,
                1.0,
                7.0
              ],
              "uv": [
                111,
                190
              ],
              "inflate": 0
            },
            {
              "origin": [
                -21.0,
                -2.0,
                -14.0
              ],
              "size": [
                6.0,
                3.0,
                6.0
              ],
              "uv": [
                106,
                143
              ],
              "inflate": 0
            }
          ],
          "parent": "L5"
        },
        {
          "name": "Body2",
          "pivot": [
            -14,
            27,
            -10
          ],
          "cubes": [
            {
              "origin": [
                -19.0,
                28.0,
                -14.0
              ],
              "size": [
                10.0,
                6.0,
                5.0
              ],
              "uv": [
                86,
                153
              ],
              "inflate": 0
            },
            {
              "origin": [
                -21.0,
                34.0,
                -14.0
              ],
              "size": [
                14.0,
                7.0,
                5.0
              ],
              "uv": [
                48,
                153
              ],
              "inflate": 0
            }
          ],
          "parent": "Asur",
          "rotation": [
            38.49196,
            11.67055,
            15.19016
          ]
        },
        {
          "name": "Hand3",
          "pivot": [
            -7,
            39,
            -11
          ],
          "cubes": [
            {
              "origin": [
                -9.0,
                37.0,
                -13.0
              ],
              "size": [
                12.0,
                4.0,
                4.0
              ],
              "uv": [
                88,
                182
              ],
              "inflate": 0
            }
          ],
          "parent": "Body2",
          "rotation": [
            -115.78363,
            -17.61661,
            70.15154
          ]
        },
        {
          "name": "bone4",
          "pivot": [
            2,
            39,
            -11
          ],
          "cubes": [
            {
              "origin": [
                1.0,
                37.0,
                -13.0
              ],
              "size": [
                10.0,
                4.0,
                4.0
              ],
              "uv": [
                76,
                238
              ],
              "inflate": 0
            }
          ],
          "parent": "Hand3",
          "rotation": [
            -91.96452,
            3.98861,
            31.68347
          ]
        },
        {
          "name": "bone7",
          "pivot": [
            10,
            39,
            -11
          ],
          "cubes": [
            {
              "origin": [
                10.0,
                37.0,
                -13.0
              ],
              "size": [
                2.0,
                4.0,
                4.0
              ],
              "uv": [
                92,
                247
              ],
              "inflate": 0
            },
            {
              "origin": [
                12.0,
                40.0,
                -13.0
              ],
              "size": [
                1.0,
                1.0,
                4.0
              ],
              "uv": [
                48,
                227
              ],
              "inflate": 0
            },
            {
              "origin": [
                13.0,
                40.0,
                -13.0
              ],
              "size": [
                2.0,
                1.0,
                1.0
              ],
              "pivot": [
                13.0,
                40.5,
                -12.5
              ],
              "rotation": [
                0.0,
                0.0,
                42.5
              ],
              "uv": [
                85,
                200
              ],
              "inflate": 0
            },
            {
              "origin": [
                13.0,
                40.0,
                -12.0
              ],
              "size": [
                3.0,
                1.0,
                1.0
              ],
              "pivot": [
                13.0,
                40.5,
                -12.5
              ],
              "rotation": [
                0.0,
                0.0,
                52.5
              ],
              "uv": [
                52,
                216
              ],
              "inflate": 0
            },
            {
              "origin": [
                13.0,
                40.0,
                -11.0
              ],
              "size": [
                3.0,
                1.0,
                1.0
              ],
              "pivot": [
                13.0,
                40.5,
                -12.5
              ],
              "rotation": [
                0.0,
                0.0,
                60.0
              ],
              "uv": [
                44,
                216
              ],
              "inflate": 0
            },
            {
              "origin": [
                13.0,
                40.0,
                -10.0
              ],
              "size": [
                2.0,
                1.0,
                1.0
              ],
              "pivot": [
                13.0,
                40.5,
                -12.5
              ],
              "rotation": [
                0.0,
                0.0,
                75.0
              ],
              "uv": [
                60,
                216
              ],
              "inflate": 0
            },
            {
              "origin": [
                12.0,
                37.0,
                -13.0
              ],
              "size": [
                2.0,
                1.0,
                1.0
              ],
              "uv": [
                76,
                213
              ],
              "inflate": 0
            },
            {
              "origin": [
                12.0,
                38.0,
                -13.0
              ],
              "size": [
                2.0,
                1.0,
                1.0
              ],
              "uv": [
                76,
                211
              ],
              "inflate": 0
            }
          ],
          "parent": "bone4",
          "rotation": [
            -163.72339,
            -12.9625,
            -18.64511
          ]
        },
        {
          "name": "Hand4",
          "pivot": [
            -21,
            39,
            -11
          ],
          "cubes": [
            {
              "origin": [
                -23.0,
                37.0,
                -13.0
              ],
              "size": [
                12.0,
                4.0,
                4.0
              ],
              "uv": [
                48,
                219
              ],
              "inflate": 0
            }
          ],
          "parent": "Body2",
          "rotation": [
            -118.20151,
            -18.8093,
            -168.17621
          ]
        },
        {
          "name": "bone8",
          "pivot": [
            -12,
            39,
            -11
          ],
          "cubes": [
            {
              "origin": [
                -13.0,
                37.0,
                -13.0
              ],
              "size": [
                10.0,
                4.0,
                4.0
              ],
              "uv": [
                48,
                238
              ],
              "inflate": 0
            }
          ],
          "parent": "Hand4",
          "rotation": [
            3.12422,
            -26.36725,
            51.53522
          ]
        },
        {
          "name": "bone9",
          "pivot": [
            -4,
            39,
            -11
          ],
          "cubes": [
            {
              "origin": [
                -4.0,
                37.0,
                -13.0
              ],
              "size": [
                2.0,
                4.0,
                4.0
              ],
              "uv": [
                80,
                246
              ],
              "inflate": 0
            },
            {
              "origin": [
                -2.0,
                40.0,
                -13.0
              ],
              "size": [
                1.0,
                1.0,
                4.0
              ],
              "uv": [
                81,
                153
              ],
              "inflate": 0
            },
            {
              "origin": [
                -1.0,
                40.0,
                -10.0
              ],
              "size": [
                2.0,
                1.0,
                1.0
              ],
              "pivot": [
                -1.0,
                40.5,
                -12.5
              ],
              "rotation": [
                0.0,
                0.0,
                42.5
              ],
              "uv": [
                34,
                209
              ],
              "inflate": 0
            },
            {
              "origin": [
                -1.0,
                40.0,
                -11.0
              ],
              "size": [
                3.0,
                1.0,
                1.0
              ],
              "pivot": [
                -1.0,
                40.5,
                -12.5
              ],
              "rotation": [
                0.0,
                0.0,
                35.0
              ],
              "uv": [
                32,
                215
              ],
              "inflate": 0
            },
            {
              "origin": [
                -1.0,
                40.0,
                -12.0
              ],
              "size": [
                3.0,
                1.0,
                1.0
              ],
              "pivot": [
                -1.0,
                40.5,
                -12.5
              ],
              "rotation": [
                0.0,
                0.0,
                35.0
              ],
              "uv": [
                82,
                182
              ],
              "inflate": 0
            },
            {
              "origin": [
                -1.0,
                40.0,
                -13.0
              ],
              "size": [
                2.0,
                1.0,
                1.0
              ],
              "pivot": [
                -1.0,
                40.5,
                -12.5
              ],
              "rotation": [
                0.0,
                0.0,
                37.5
              ],
              "uv": [
                22,
                196
              ],
              "inflate": 0
            },
            {
              "origin": [
                -2.0,
                38.0,
                -14.0
              ],
              "size": [
                2.0,
                2.0,
                7.0
              ],
              "uv": [
                113,
                231
              ],
              "inflate": 0
            },
            {
              "origin": [
                -3.5,
                38.5,
                -7.0
              ],
              "size": [
                5.0,
                0.0,
                20.0
              ],
              "uv": [
                24,
                196
              ],
              "inflate": 0
            },
            {
              "origin": [
                -2.0,
                37.0,
                -10.0
              ],
              "size": [
                2.0,
                1.0,
                1.0
              ],
              "pivot": [
                -2.0,
                37.5,
                -9.5
              ],
              "rotation": [
                0.0,
                0.0,
                -5.0
              ],
              "uv": [
                0,
                170
              ],
              "inflate": 0
            }
          ],
          "parent": "bone8",
          "rotation": [
            16.58151,
            -8.04435,
            3.76885
          ]
        },
        {
          "name": "Face2",
          "pivot": [
            -14,
            41,
            -11
          ],
          "cubes": [
            {
              "origin": [
                -16.0,
                41.0,
                -13.0
              ],
              "size": [
                4.0,
                3.0,
                3.0
              ],
              "uv": [
                66,
                227
              ],
              "inflate": 0
            },
            {
              "origin": [
                -11.0,
                45.0,
                -13.0
              ],
              "size": [
                1.0,
                3.0,
                2.0
              ],
              "uv": [
                39,
                165
              ],
              "inflate": 0
            },
            {
              "origin": [
                -11.0,
                39.0,
                -11.0
              ],
              "size": [
                2.0,
                12.0,
                4.0
              ],
              "pivot": [
                -10.0,
                51.0,
                -10.5
              ],
              "rotation": [
                0.0,
                0.0,
                -7.5
              ],
              "uv": [
                36,
                215
              ],
              "inflate": 0
            },
            {
              "origin": [
                -19.0,
                39.0,
                -11.0
              ],
              "size": [
                2.0,
                12.0,
                4.0
              ],
              "pivot": [
                -18.0,
                51.0,
                -10.5
              ],
              "rotation": [
                0.0,
                0.0,
                7.5
              ],
              "uv": [
                24,
                215
              ],
              "inflate": 0
            },
            {
              "origin": [
                -18.0,
                45.0,
                -13.0
              ],
              "size": [
                1.0,
                3.0,
                2.0
              ],
              "uv": [
                0,
                165
              ],
              "inflate": 0
            },
            {
              "origin": [
                -19.0,
                44.0,
                -12.0
              ],
              "size": [
                2.0,
                2.0,
                0.0
              ],
              "uv": [
                48,
                154
              ],
              "inflate": 0
            },
            {
              "origin": [
                -11.0,
                44.0,
                -12.0
              ],
              "size": [
                2.0,
                2.0,
                0.0
              ],
              "uv": [
                48,
                152
              ],
              "inflate": 0
            },
            {
              "origin": [
                -17.5,
                43.0,
                -14.0
              ],
              "size": [
                7.0,
                7.0,
                5.0
              ],
              "uv": [
                100,
                210
              ],
              "inflate": 0
            },
            {
              "origin": [
                -15.5,
                44.0,
                -18.0
              ],
              "size": [
                2.0,
                1.0,
                4.0
              ],
              "pivot": [
                -14.5,
                44.5,
                -13.5
              ],
              "rotation": [
                -27.5,
                0.0,
                0.0
              ],
              "uv": [
                244,
                134
              ],
              "inflate": 0
            },
            {
              "origin": [
                -19.0,
                50.0,
                -14.0
              ],
              "size": [
                10.0,
                3.0,
                7.0
              ],
              "uv": [
                85,
                200
              ],
              "inflate": 0
            },
            {
              "origin": [
                -17.0,
                53.0,
                -12.0
              ],
              "size": [
                6.0,
                3.0,
                4.0
              ],
              "uv": [
                112,
                198
              ],
              "inflate": 0
            },
            {
              "origin": [
                -17.0,
                53.0,
                -13.0
              ],
              "size": [
                6.0,
                1.0,
                1.0
              ],
              "uv": [
                48,
                150
              ],
              "inflate": 0
            },
            {
              "origin": [
                -16.0,
                54.0,
                -13.0
              ],
              "size": [
                4.0,
                1.0,
                1.0
              ],
              "uv": [
                24,
                209
              ],
              "inflate": 0
            },
            {
              "origin": [
                -15.0,
                55.0,
                -13.0
              ],
              "size": [
                2.0,
                1.0,
                1.0
              ],
              "uv": [
                39,
                170
              ],
              "inflate": 0
            },
            {
              "origin": [
                -16.0,
                56.0,
                -12.0
              ],
              "size": [
                4.0,
                3.0,
                4.0
              ],
              "uv": [
                48,
                246
              ],
              "inflate": 0
            },
            {
              "origin": [
                -19.0,
                38.0,
                -9.0
              ],
              "size": [
                10.0,
                13.0,
                2.0
              ],
              "uv": [
                0,
                196
              ],
              "inflate": 0
            }
          ],
          "parent": "Body2",
          "rotation": [
            7.56397,
            -7.43547,
            -0.98448
          ]
        },
        {
          "name": "bone10",
          "pivot": [
            -14,
            43.5,
            -13.25
          ],
          "parent": "Face2",
          "rotation": [
            -7.5,
            0,
            0
          ]
        }
      ]
    }
  ]
}