{
  "format_version": "1.12.0",
  "minecraft:geometry": [
    {
      "description": {
        "identifier": "geometry.ms_budha",
        "texture_width": 128,
        "texture_height": 128,
        "visible_bounds_width": 5,
        "visible_bounds_height": 6,
        "visible_bounds_offset": [
          0,
          2,
          0
        ]
      },
      "bones": [
        {
          "name": "Man",
          "pivot": [
            0,
            -10,
            0
          ]
        },
        {
          "name": "Legs",
          "pivot": [
            0,
            -10,
            0
          ],
          "cubes": [
            {
              "origin": [
                -5.0,
                11.0,
                -1.25
              ],
              "size": [
                10.0,
                2.0,
                6.0
              ],
              "uv": [
                48,
                36
              ],
              "inflate": 0
            },
            {
              "origin": [
                -2.0,
                11.0,
                -2.25
              ],
              "size": [
                4.0,
                2.0,
                1.0
              ],
              "uv": [
                56,
                71
              ],
              "inflate": 0
            }
          ],
          "parent": "Man"
        },
        {
          "name": "Leg",
          "pivot": [
            -3,
            11,
            2
          ],
          "parent": "Legs"
        },
        {
          "name": "Joinleg",
          "pivot": [
            -2.5,
            11,
            1.5
          ],
          "cubes": [
            {
              "origin": [
                -5.0,
                1.0,
                -1.0
              ],
              "size": [
                5.0,
                10.0,
                5.0
              ],
              "uv": [
                56,
                76
              ],
              "inflate": 0
            }
          ],
          "parent": "Leg",
          "rotation": [
            -124.62277,
            43.10746,
            -52.99057
          ]
        },
        {
          "name": "Midleg",
          "pivot": [
            -2.5,
            2,
            1.25
          ],
          "cubes": [
            {
              "origin": [
                -4.5,
                -7.0,
                -0.75
              ],
              "size": [
                4.0,
                10.0,
                4.0
              ],
              "uv": [
                0,
                18
              ],
              "inflate": 0
            }
          ],
          "parent": "Joinleg",
          "rotation": [
            113.87208,
            43.49268,
            -18.34629
          ]
        },
        {
          "name": "Paul",
          "pivot": [
            -2.48864,
            -7,
            1.29545
          ],
          "cubes": [
            {
              "origin": [
                -5.0,
                -10.0,
                2.0
              ],
              "size": [
                5.0,
                1.0,
                3.0
              ],
              "uv": [
                15,
                73
              ],
              "inflate": 0
            },
            {
              "origin": [
                -5.0,
                -10.0,
                -3.0
              ],
              "size": [
                5.0,
                1.0,
                3.0
              ],
              "uv": [
                72,
                62
              ],
              "inflate": 0
            },
            {
              "origin": [
                -5.0,
                -9.5,
                0.0
              ],
              "size": [
                5.0,
                1.0,
                2.0
              ],
              "uv": [
                94,
                53
              ],
              "inflate": 0
            },
            {
              "origin": [
                -5.0,
                -10.0,
                -5.0
              ],
              "size": [
                1.0,
                1.0,
                2.0
              ],
              "uv": [
                9,
                40
              ],
              "inflate": 0
            },
            {
              "origin": [
                -4.0,
                -10.0,
                -5.5
              ],
              "size": [
                1.0,
                1.0,
                3.0
              ],
              "uv": [
                96,
                10
              ],
              "inflate": 0
            },
            {
              "origin": [
                -3.0,
                -10.0,
                -5.75
              ],
              "size": [
                1.0,
                1.0,
                3.0
              ],
              "uv": [
                96,
                6
              ],
              "inflate": 0
            },
            {
              "origin": [
                -2.0,
                -10.0,
                -6.0
              ],
              "size": [
                1.0,
                1.0,
                3.0
              ],
              "uv": [
                6,
                96
              ],
              "inflate": 0
            },
            {
              "origin": [
                -1.0,
                -10.0,
                -5.75
              ],
              "size": [
                1.25,
                1.0,
                3.0
              ],
              "uv": [
                42,
                92
              ],
              "inflate": 0
            },
            {
              "origin": [
                -5.0,
                -9.0,
                -2.25
              ],
              "size": [
                5.0,
                1.0,
                7.0
              ],
              "uv": [
                0,
                88
              ],
              "inflate": 0
            },
            {
              "origin": [
                -5.0,
                -8.0,
                -1.25
              ],
              "size": [
                5.0,
                1.0,
                5.0
              ],
              "uv": [
                74,
                91
              ],
              "inflate": 0
            },
            {
              "origin": [
                -5.0,
                -9.5,
                -4.25
              ],
              "size": [
                5.0,
                1.0,
                2.0
              ],
              "uv": [
                92,
                29
              ],
              "inflate": 0
            }
          ],
          "parent": "Midleg",
          "rotation": [
            -93.02795,
            49.09122,
            -165.31121
          ]
        },
        {
          "name": "Leg2",
          "pivot": [
            2,
            11,
            2
          ],
          "parent": "Legs"
        },
        {
          "name": "Joinleg2",
          "pivot": [
            2.5,
            11,
            1.5
          ],
          "cubes": [
            {
              "origin": [
                0.0,
                1.0,
                -1.0
              ],
              "size": [
                5.0,
                10.0,
                5.0
              ],
              "uv": [
                0,
                73
              ],
              "inflate": 0
            }
          ],
          "parent": "Leg2",
          "rotation": [
            -133.67315,
            10.82985,
            105.32515
          ]
        },
        {
          "name": "Midleg2",
          "pivot": [
            2.5,
            2,
            1.25
          ],
          "cubes": [
            {
              "origin": [
                0.5,
                -7.0,
                -0.75
              ],
              "size": [
                4.0,
                10.0,
                4.0
              ],
              "uv": [
                0,
                0
              ],
              "inflate": 0
            }
          ],
          "parent": "Joinleg2",
          "rotation": [
            130.85282,
            46.83418,
            -10.78934
          ]
        },
        {
          "name": "Paul2",
          "pivot": [
            2.51136,
            -7,
            1.29545
          ],
          "cubes": [
            {
              "origin": [
                0.0,
                -10.0,
                2.0
              ],
              "size": [
                5.0,
                1.0,
                3.0
              ],
              "uv": [
                48,
                9
              ],
              "inflate": 0
            },
            {
              "origin": [
                0.0,
                -10.0,
                -3.0
              ],
              "size": [
                5.0,
                1.0,
                3.0
              ],
              "uv": [
                0,
                46
              ],
              "inflate": 0
            },
            {
              "origin": [
                0.0,
                -9.5,
                0.0
              ],
              "size": [
                5.0,
                1.0,
                2.0
              ],
              "uv": [
                37,
                80
              ],
              "inflate": 0
            },
            {
              "origin": [
                4.0,
                -10.0,
                -5.0
              ],
              "size": [
                1.0,
                1.0,
                2.0
              ],
              "uv": [
                0,
                40
              ],
              "inflate": 0
            },
            {
              "origin": [
                3.0,
                -10.0,
                -5.5
              ],
              "size": [
                1.0,
                1.0,
                3.0
              ],
              "uv": [
                69,
                91
              ],
              "inflate": 0
            },
            {
              "origin": [
                2.0,
                -10.0,
                -5.75
              ],
              "size": [
                1.0,
                1.0,
                3.0
              ],
              "uv": [
                48,
                80
              ],
              "inflate": 0
            },
            {
              "origin": [
                1.0,
                -10.0,
                -6.0
              ],
              "size": [
                1.0,
                1.0,
                3.0
              ],
              "uv": [
                71,
                76
              ],
              "inflate": 0
            },
            {
              "origin": [
                0.0,
                -10.0,
                -5.75
              ],
              "size": [
                1.25,
                1.0,
                3.0
              ],
              "uv": [
                64,
                32
              ],
              "inflate": 0
            },
            {
              "origin": [
                0.0,
                -9.0,
                -2.25
              ],
              "size": [
                5.0,
                1.0,
                7.0
              ],
              "uv": [
                35,
                84
              ],
              "inflate": 0
            },
            {
              "origin": [
                0.0,
                -8.0,
                -1.25
              ],
              "size": [
                5.0,
                1.0,
                5.0
              ],
              "uv": [
                54,
                91
              ],
              "inflate": 0
            },
            {
              "origin": [
                0.0,
                -9.5,
                -4.25
              ],
              "size": [
                5.0,
                1.0,
                2.0
              ],
              "uv": [
                48,
                13
              ],
              "inflate": 0
            }
          ],
          "parent": "Midleg2",
          "rotation": [
            30.33218,
            -77.52294,
            36.51073
          ]
        },
        {
          "name": "Body",
          "pivot": [
            0,
            11,
            0
          ],
          "cubes": [
            {
              "origin": [
                -4.0,
                11.0,
                -1.0
              ],
              "size": [
                8.0,
                2.0,
                5.0
              ],
              "uv": [
                76,
                84
              ],
              "inflate": 0
            },
            {
              "origin": [
                -5.0,
                17.0,
                -1.0
              ],
              "size": [
                10.0,
                7.0,
                5.0
              ],
              "uv": [
                48,
                20
              ],
              "inflate": 0
            },
            {
              "origin": [
                -6.0,
                13.0,
                -3.0
              ],
              "size": [
                12.0,
                12.0,
                7.0
              ],
              "uv": [
                0,
                54
              ],
              "inflate": 0
            },
            {
              "origin": [
                -4.5,
                23.25,
                -1.0
              ],
              "size": [
                9.0,
                1.0,
                5.0
              ],
              "uv": [
                74,
                35
              ],
              "inflate": 0
            },
            {
              "origin": [
                -4.0,
                23.75,
                -1.0
              ],
              "size": [
                8.0,
                1.0,
                5.0
              ],
              "uv": [
                87,
                41
              ],
              "inflate": 0
            },
            {
              "origin": [
                -4.5,
                13.0,
                -1.0
              ],
              "size": [
                9.0,
                4.0,
                5.0
              ],
              "uv": [
                33,
                71
              ],
              "inflate": 0
            }
          ],
          "parent": "Man"
        },
        {
          "name": "Head",
          "pivot": [
            0,
            25,
            2
          ],
          "cubes": [
            {
              "origin": [
                -1.5,
                24.75,
                0.0
              ],
              "size": [
                3.0,
                2.0,
                3.0
              ],
              "uv": [
                73,
                20
              ],
              "inflate": 0
            },
            {
              "origin": [
                -3.0,
                26.0,
                -1.0
              ],
              "size": [
                6.0,
                6.0,
                5.0
              ],
              "uv": [
                20,
                80
              ],
              "inflate": 0
            },
            {
              "origin": [
                -3.5,
                32.0,
                -2.0
              ],
              "size": [
                7.0,
                3.0,
                7.0
              ],
              "uv": [
                71,
                25
              ],
              "inflate": 0
            },
            {
              "origin": [
                2.5,
                30.0,
                -2.0
              ],
              "size": [
                1.0,
                3.0,
                7.0
              ],
              "uv": [
                17,
                91
              ],
              "inflate": 0
            },
            {
              "origin": [
                -3.5,
                30.0,
                -2.0
              ],
              "size": [
                1.0,
                3.0,
                7.0
              ],
              "uv": [
                0,
                36
              ],
              "inflate": 0
            },
            {
              "origin": [
                -2.5,
                35.0,
                -1.0
              ],
              "size": [
                5.0,
                1.0,
                5.0
              ],
              "uv": [
                90,
                62
              ],
              "inflate": 0
            },
            {
              "origin": [
                -1.5,
                36.0,
                0.0
              ],
              "size": [
                3.0,
                1.0,
                3.0
              ],
              "uv": [
                56,
                44
              ],
              "inflate": 0
            },
            {
              "origin": [
                -0.5,
                38.0,
                1.0
              ],
              "size": [
                1.0,
                1.0,
                1.0
              ],
              "uv": [
                48,
                20
              ],
              "inflate": 0
            },
            {
              "origin": [
                -1.0,
                37.0,
                0.5
              ],
              "size": [
                2.0,
                1.0,
                2.0
              ],
              "uv": [
                28,
                73
              ],
              "inflate": 0
            },
            {
              "origin": [
                -3.5,
                24.0,
                4.0
              ],
              "size": [
                7.0,
                8.0,
                1.0
              ],
              "uv": [
                92,
                20
              ],
              "inflate": 0
            },
            {
              "origin": [
                -8.5,
                25.0,
                8.0
              ],
              "size": [
                17.0,
                17.0,
                0.0
              ],
              "uv": [
                38,
                54
              ],
              "inflate": 0
            },
            {
              "origin": [
                -3.5,
                28.0,
                2.0
              ],
              "size": [
                7.0,
                4.0,
                2.0
              ],
              "uv": [
                92,
                47
              ],
              "inflate": 0
            },
            {
              "origin": [
                -3.5,
                28.0,
                1.0
              ],
              "size": [
                1.0,
                2.0,
                1.0
              ],
              "uv": [
                0,
                18
              ],
              "inflate": 0
            },
            {
              "origin": [
                2.5,
                28.0,
                1.0
              ],
              "size": [
                1.0,
                2.0,
                1.0
              ],
              "uv": [
                12,
                0
              ],
              "inflate": 0
            },
            {
              "origin": [
                2.5,
                26.0,
                1.5
              ],
              "size": [
                2.0,
                2.0,
                0.0
              ],
              "uv": [
                12,
                20
              ],
              "inflate": 0
            },
            {
              "origin": [
                -4.5,
                26.0,
                1.5
              ],
              "size": [
                2.0,
                2.0,
                0.0
              ],
              "uv": [
                12,
                18
              ],
              "inflate": 0
            },
            {
              "origin": [
                -0.5,
                27.0,
                -1.75
              ],
              "size": [
                1.0,
                2.0,
                1.0
              ],
              "pivot": [
                0.5,
                27.0,
                -1.0
              ],
              "rotation": [
                -27.5,
                0.0,
                0.0
              ],
              "uv": [
                0,
                0
              ],
              "inflate": 0
            }
          ],
          "parent": "Body"
        },
        {
          "name": "Hand",
          "pivot": [
            5,
            24,
            1
          ],
          "cubes": [
            {
              "origin": [
                5.0,
                21.0,
                -1.0
              ],
              "size": [
                9.0,
                5.0,
                5.0
              ],
              "uv": [
                67,
                66
              ],
              "inflate": 0
            }
          ],
          "parent": "Body",
          "rotation": [
            0,
            12.5,
            57.5
          ]
        },
        {
          "name": "Handm",
          "pivot": [
            13.75,
            23.5,
            1.5
          ],
          "cubes": [
            {
              "origin": [
                11.75,
                21.5,
                -0.5
              ],
              "size": [
                9.0,
                4.0,
                4.0
              ],
              "uv": [
                76,
                76
              ],
              "inflate": 0
            },
            {
              "origin": [
                15.75,
                21.0,
                -1.0
              ],
              "size": [
                2.0,
                5.0,
                5.0
              ],
              "uv": [
                89,
                92
              ],
              "inflate": 0
            }
          ],
          "parent": "Hand",
          "rotation": [
            42.27201,
            40.20663,
            93.71167
          ]
        },
        {
          "name": "Handfingers",
          "pivot": [
            19.58135,
            23.77778,
            1.34511
          ],
          "cubes": [
            {
              "origin": [
                19.74714,
                21.5,
                -0.63086
              ],
              "size": [
                2.0,
                4.0,
                4.0
              ],
              "uv": [
                95,
                68
              ],
              "inflate": 0
            },
            {
              "origin": [
                21.74714,
                21.5,
                -0.63086
              ],
              "size": [
                1.0,
                4.0,
                4.0
              ],
              "uv": [
                0,
                96
              ],
              "inflate": 0
            },
            {
              "origin": [
                24.24714,
                24.5,
                2.36914
              ],
              "size": [
                3.0,
                1.0,
                1.0
              ],
              "pivot": [
                24.24714,
                25.0,
                2.86914
              ],
              "rotation": [
                0.0,
                30.0,
                0.0
              ],
              "uv": [
                56,
                32
              ],
              "inflate": 0
            },
            {
              "origin": [
                24.24714,
                23.5,
                2.36914
              ],
              "size": [
                4.0,
                1.0,
                1.0
              ],
              "pivot": [
                24.74714,
                24.0,
                2.86914
              ],
              "rotation": [
                0.0,
                57.5,
                0.0
              ],
              "uv": [
                0,
                32
              ],
              "inflate": 0
            },
            {
              "origin": [
                24.76222,
                22.5,
                2.28364
              ],
              "size": [
                3.0,
                1.0,
                1.0
              ],
              "pivot": [
                24.74714,
                23.0,
                2.86914
              ],
              "rotation": [
                0.0,
                42.5,
                0.0
              ],
              "uv": [
                8,
                50
              ],
              "inflate": 0
            },
            {
              "origin": [
                24.74714,
                21.5,
                2.36914
              ],
              "size": [
                2.0,
                1.0,
                1.0
              ],
              "pivot": [
                24.74714,
                22.0,
                2.86914
              ],
              "rotation": [
                0.0,
                25.0,
                0.0
              ],
              "uv": [
                48,
                38
              ],
              "inflate": 0
            },
            {
              "origin": [
                22.74714,
                21.5,
                1.36914
              ],
              "size": [
                2.0,
                4.0,
                2.0
              ],
              "uv": [
                96,
                0
              ],
              "inflate": 0
            },
            {
              "origin": [
                22.74714,
                23.5,
                -0.63086
              ],
              "size": [
                1.0,
                2.0,
                2.0
              ],
              "uv": [
                9,
                36
              ],
              "inflate": 0
            },
            {
              "origin": [
                23.74714,
                24.5,
                -0.63086
              ],
              "size": [
                2.0,
                1.0,
                1.0
              ],
              "pivot": [
                23.74714,
                25.0,
                -0.13086
              ],
              "rotation": [
                0.0,
                -27.5,
                0.0
              ],
              "uv": [
                48,
                36
              ],
              "inflate": 0
            }
          ],
          "parent": "Handm",
          "rotation": [
            15.90896,
            0.71269,
            36.45977
          ]
        },
        {
          "name": "Hand2",
          "pivot": [
            -5,
            24,
            2
          ],
          "cubes": [
            {
              "origin": [
                -5.0,
                21.0,
                0.0
              ],
              "size": [
                9.0,
                5.0,
                5.0
              ],
              "uv": [
                64,
                44
              ],
              "inflate": 0
            }
          ],
          "parent": "Body",
          "rotation": [
            180,
            -5,
            135
          ]
        },
        {
          "name": "Handm2",
          "pivot": [
            2.75,
            24,
            2
          ],
          "cubes": [
            {
              "origin": [
                1.75,
                21.5,
                0.5
              ],
              "size": [
                9.0,
                4.0,
                4.0
              ],
              "uv": [
                72,
                54
              ],
              "inflate": 0
            },
            {
              "origin": [
                6.75,
                21.0,
                0.0
              ],
              "size": [
                2.0,
                5.0,
                5.0
              ],
              "uv": [
                33,
                92
              ],
              "inflate": 0
            }
          ],
          "parent": "Hand2",
          "rotation": [
            175.21452,
            -70.96297,
            131.88779
          ]
        },
        {
          "name": "Handfingers2",
          "pivot": [
            10.25,
            23.5,
            2.5
          ],
          "cubes": [
            {
              "origin": [
                9.75,
                21.5,
                0.5
              ],
              "size": [
                2.0,
                4.0,
                4.0
              ],
              "uv": [
                48,
                44
              ],
              "inflate": 0
            },
            {
              "origin": [
                11.75,
                21.5,
                0.5
              ],
              "size": [
                1.0,
                4.0,
                4.0
              ],
              "uv": [
                47,
                93
              ],
              "inflate": 0
            },
            {
              "origin": [
                14.25,
                23.5,
                3.5
              ],
              "size": [
                3.0,
                1.0,
                1.0
              ],
              "pivot": [
                14.75,
                25.0,
                4.0
              ],
              "rotation": [
                0.0,
                -32.5,
                0.0
              ],
              "uv": [
                0,
                50
              ],
              "inflate": 0
            },
            {
              "origin": [
                14.25,
                22.5,
                3.5
              ],
              "size": [
                4.0,
                1.0,
                1.0
              ],
              "pivot": [
                14.75,
                25.0,
                4.0
              ],
              "rotation": [
                0.0,
                -30.0,
                0.0
              ],
              "uv": [
                0,
                14
              ],
              "inflate": 0
            },
            {
              "origin": [
                14.75,
                21.5,
                3.5
              ],
              "size": [
                3.0,
                1.0,
                1.0
              ],
              "pivot": [
                14.75,
                25.0,
                4.0
              ],
              "rotation": [
                0.0,
                62.5,
                0.0
              ],
              "uv": [
                48,
                32
              ],
              "inflate": 0
            },
            {
              "origin": [
                14.75,
                24.5,
                3.5
              ],
              "size": [
                2.0,
                1.0,
                1.0
              ],
              "pivot": [
                14.75,
                25.0,
                4.0
              ],
              "rotation": [
                0.0,
                -42.5,
                0.0
              ],
              "uv": [
                10,
                32
              ],
              "inflate": 0
            },
            {
              "origin": [
                12.75,
                21.5,
                2.5
              ],
              "size": [
                2.0,
                4.0,
                2.0
              ],
              "uv": [
                26,
                91
              ],
              "inflate": 0
            },
            {
              "origin": [
                12.75,
                21.5,
                0.5
              ],
              "size": [
                1.0,
                2.0,
                2.0
              ],
              "uv": [
                0,
                36
              ],
              "inflate": 0
            },
            {
              "origin": [
                13.75,
                21.5,
                0.5
              ],
              "size": [
                2.0,
                1.0,
                1.0
              ],
              "pivot": [
                13.75,
                22.0,
                1.0
              ],
              "rotation": [
                0.0,
                -7.5,
                0.0
              ],
              "uv": [
                10,
                14
              ],
              "inflate": 0
            }
          ],
          "parent": "Handm2",
          "rotation": [
            103.91781,
            -6.27526,
            -55.41856
          ]
        },
        {
          "name": "Lotus",
          "cubes": [
            {
              "origin": [
                -8.0,
                0.0,
                -8.0
              ],
              "size": [
                16.0,
                2.0,
                16.0
              ],
              "uv": [
                48,
                2
              ],
              "inflate": 0
            },
            {
              "origin": [
                -8.0,
                0.0,
                -8.0
              ],
              "size": [
                16.0,
                2.0,
                16.0
              ],
              "pivot": [
                0.0,
                1.0,
                0.0
              ],
              "rotation": [
                0.0,
                -47.5,
                0.0
              ],
              "uv": [
                0,
                36
              ],
              "inflate": 0
            },
            {
              "origin": [
                -8.0,
                0.0,
                -8.0
              ],
              "size": [
                16.0,
                2.0,
                16.0
              ],
              "pivot": [
                0.0,
                1.0,
                0.0
              ],
              "rotation": [
                0.0,
                -70.0,
                0.0
              ],
              "uv": [
                0,
                18
              ],
              "inflate": 0
            },
            {
              "origin": [
                -8.0,
                0.0,
                -8.0
              ],
              "size": [
                16.0,
                2.0,
                16.0
              ],
              "pivot": [
                0.0,
                1.0,
                0.0
              ],
              "rotation": [
                0.0,
                -22.5,
                0.0
              ],
              "uv": [
                0,
                0
              ],
              "inflate": 0
            },
            {
              "origin": [
                -4.0,
                1.0,
                -19.0
              ],
              "size": [
                8.0,
                0.0,
                9.0
              ],
              "uv": [
                17,
                119
              ],
              "inflate": 0
            },
            {
              "origin": [
                -4.0,
                1.0,
                -19.0
              ],
              "size": [
                8.0,
                0.0,
                9.0
              ],
              "rotation": [
                0.0,
                -40.0,
                0.0
              ],
              "uv": [
                17,
                119
              ],
              "inflate": 0
            },
            {
              "origin": [
                -4.0,
                1.0,
                -19.0
              ],
              "size": [
                8.0,
                0.0,
                9.0
              ],
              "rotation": [
                0.0,
                -80.0,
                0.0
              ],
              "uv": [
                17,
                119
              ],
              "inflate": 0
            },
            {
              "origin": [
                -4.0,
                1.0,
                -19.0
              ],
              "size": [
                8.0,
                0.0,
                9.0
              ],
              "rotation": [
                -180.0,
                -20.0,
                180.0
              ],
              "uv": [
                17,
                119
              ],
              "inflate": 0
            },
            {
              "origin": [
                -4.0,
                1.0,
                -19.0
              ],
              "size": [
                8.0,
                0.0,
                9.0
              ],
              "rotation": [
                -180.0,
                20.0,
                180.0
              ],
              "uv": [
                17,
                119
              ],
              "inflate": 0
            },
            {
              "origin": [
                -4.0,
                1.0,
                -19.0
              ],
              "size": [
                8.0,
                0.0,
                9.0
              ],
              "rotation": [
                -180.0,
                60.0,
                180.0
              ],
              "uv": [
                17,
                119
              ],
              "inflate": 0
            },
            {
              "origin": [
                -4.0,
                1.0,
                -19.0
              ],
              "size": [
                8.0,
                0.0,
                9.0
              ],
              "rotation": [
                0.0,
                77.5,
                0.0
              ],
              "uv": [
                17,
                119
              ],
              "inflate": 0
            },
            {
              "origin": [
                -4.0,
                1.0,
                -19.0
              ],
              "size": [
                8.0,
                0.0,
                9.0
              ],
              "rotation": [
                0.0,
                40.0,
                0.0
              ],
              "uv": [
                17,
                119
              ],
              "inflate": 0
            },
            {
              "origin": [
                -4.0,
                1.0,
                -19.0
              ],
              "size": [
                8.0,
                0.0,
                9.0
              ],
              "rotation": [
                -180.0,
                -60.0,
                180.0
              ],
              "uv": [
                17,
                119
              ],
              "inflate": 0
            }
          ]
        },
        {
          "name": "Lotus2",
          "pivot": [
            0,
            2,
            0
          ],
          "cubes": [
            {
              "origin": [
                -8.0,
                2.0,
                -8.0
              ],
              "size": [
                16.0,
                2.0,
                16.0
              ],
              "uv": [
                48,
                2
              ],
              "inflate": 0
            },
            {
              "origin": [
                -8.0,
                2.0,
                -8.0
              ],
              "size": [
                16.0,
                2.0,
                16.0
              ],
              "pivot": [
                0.0,
                3.0,
                0.0
              ],
              "rotation": [
                0.0,
                -47.5,
                0.0
              ],
              "uv": [
                0,
                36
              ],
              "inflate": 0
            },
            {
              "origin": [
                -8.0,
                2.0,
                -8.0
              ],
              "size": [
                16.0,
                2.0,
                16.0
              ],
              "pivot": [
                0.0,
                3.0,
                0.0
              ],
              "rotation": [
                0.0,
                -70.0,
                0.0
              ],
              "uv": [
                0,
                18
              ],
              "inflate": 0
            },
            {
              "origin": [
                -8.0,
                2.0,
                -8.0
              ],
              "size": [
                16.0,
                2.0,
                16.0
              ],
              "pivot": [
                0.0,
                3.0,
                0.0
              ],
              "rotation": [
                0.0,
                -22.5,
                0.0
              ],
              "uv": [
                0,
                0
              ],
              "inflate": 0
            },
            {
              "origin": [
                -4.0,
                3.0,
                -19.0
              ],
              "size": [
                8.0,
                0.0,
                9.0
              ],
              "uv": [
                17,
                119
              ],
              "inflate": 0
            },
            {
              "origin": [
                -4.0,
                3.0,
                -19.0
              ],
              "size": [
                8.0,
                0.0,
                9.0
              ],
              "pivot": [
                0.0,
                2.0,
                0.0
              ],
              "rotation": [
                0.0,
                -40.0,
                0.0
              ],
              "uv": [
                17,
                119
              ],
              "inflate": 0
            },
            {
              "origin": [
                -4.0,
                3.0,
                -19.0
              ],
              "size": [
                8.0,
                0.0,
                9.0
              ],
              "pivot": [
                0.0,
                2.0,
                0.0
              ],
              "rotation": [
                0.0,
                -80.0,
                0.0
              ],
              "uv": [
                17,
                119
              ],
              "inflate": 0
            },
            {
              "origin": [
                -4.0,
                3.0,
                -19.0
              ],
              "size": [
                8.0,
                0.0,
                9.0
              ],
              "pivot": [
                0.0,
                2.0,
                0.0
              ],
              "rotation": [
                -180.0,
                -20.0,
                180.0
              ],
              "uv": [
                17,
                119
              ],
              "inflate": 0
            },
            {
              "origin": [
                -4.0,
                3.0,
                -19.0
              ],
              "size": [
                8.0,
                0.0,
                9.0
              ],
              "pivot": [
                0.0,
                2.0,
                0.0
              ],
              "rotation": [
                -180.0,
                20.0,
                180.0
              ],
              "uv": [
                17,
                119
              ],
              "inflate": 0
            },
            {
              "origin": [
                -4.0,
                3.0,
                -19.0
              ],
              "size": [
                8.0,
                0.0,
                9.0
              ],
              "pivot": [
                0.0,
                2.0,
                0.0
              ],
              "rotation": [
                -180.0,
                60.0,
                180.0
              ],
              "uv": [
                17,
                119
              ],
              "inflate": 0
            },
            {
              "origin": [
                -4.0,
                3.0,
                -19.0
              ],
              "size": [
                8.0,
                0.0,
                9.0
              ],
              "pivot": [
                0.0,
                2.0,
                0.0
              ],
              "rotation": [
                0.0,
                77.5,
                0.0
              ],
              "uv": [
                17,
                119
              ],
              "inflate": 0
            },
            {
              "origin": [
                -4.0,
                3.0,
                -19.0
              ],
              "size": [
                8.0,
                0.0,
                9.0
              ],
              "pivot": [
                0.0,
                2.0,
                0.0
              ],
              "rotation": [
                0.0,
                40.0,
                0.0
              ],
              "uv": [
                17,
                119
              ],
              "inflate": 0
            },
            {
              "origin": [
                -4.0,
                3.0,
                -19.0
              ],
              "size": [
                8.0,
                0.0,
                9.0
              ],
              "pivot": [
                0.0,
                2.0,
                0.0
              ],
              "rotation": [
                -180.0,
                -60.0,
                180.0
              ],
              "uv": [
                17,
                119
              ],
              "inflate": 0
            }
          ],
          "rotation": [
            0,
            -57.5,
            0
          ]
        }
      ]
    }
  ]
}