{
  "format_version": "1.12.0",
  "minecraft:geometry": [
    {
      "description": {
        "identifier": "geometry.ms_bhuvneshwari",
        "texture_width": 256,
        "texture_height": 256,
        "visible_bounds_width": 9,
        "visible_bounds_height": 6,
        "visible_bounds_offset": [
          0,
          2,
          0
        ]
      },
      "bones": [
        {
          "name": "Matangi",
          "pivot": [
            0,
            9,
            0
          ]
        },
        {
          "name": "Legssss",
          "pivot": [
            0,
            18,
            2
          ],
          "cubes": [
            {
              "origin": [
                -5.0,
                16.0,
                0.0
              ],
              "size": [
                10.0,
                2.0,
                5.0
              ],
              "uv": [
                33,
                49
              ],
              "inflate": 0
            },
            {
              "origin": [
                -2.0,
                16.0,
                -1.0
              ],
              "size": [
                4.0,
                2.0,
                1.0
              ],
              "uv": [
                0,
                70
              ],
              "inflate": 0
            },
            {
              "origin": [
                -2.0,
                14.0,
                -1.0
              ],
              "size": [
                6.0,
                20.0,
                7.0
              ],
              "pivot": [
                0.5,
                13.5,
                2.5
              ],
              "rotation": [
                0.0,
                0.0,
                -25.0
              ],
              "uv": [
                64,
                73
              ],
              "inflate": 0
            },
            {
              "origin": [
                -11.29861,
                28.23256,
                6.0
              ],
              "size": [
                6.0,
                15.0,
                0.0
              ],
              "pivot": [
                -5.88016,
                34.08793,
                6.0
              ],
              "rotation": [
                -16.73634,
                5.188,
                19.23634
              ],
              "uv": [
                24,
                127
              ],
              "inflate": 0
            },
            {
              "origin": [
                -6.0,
                7.0,
                0.0
              ],
              "size": [
                12.0,
                9.0,
                6.0
              ],
              "uv": [
                81,
                24
              ],
              "inflate": 0
            },
            {
              "origin": [
                -4.0,
                7.0,
                -4.0
              ],
              "size": [
                8.0,
                7.0,
                0.0
              ],
              "pivot": [
                0.0,
                14.0,
                -2.0
              ],
              "rotation": [
                -67.5,
                0.0,
                0.0
              ],
              "uv": [
                48,
                57
              ],
              "inflate": 0
            },
            {
              "origin": [
                -4.0,
                13.16898,
                -9.23252
              ],
              "size": [
                8.0,
                0.0,
                13.0
              ],
              "pivot": [
                0.0,
                13.16898,
                -9.23252
              ],
              "rotation": [
                -107.5,
                0.0,
                0.0
              ],
              "uv": [
                20,
                25
              ],
              "inflate": 0
            },
            {
              "origin": [
                -1.0,
                18.0,
                2.0
              ],
              "size": [
                1.0,
                1.0,
                1.0
              ],
              "uv": [
                26,
                50
              ],
              "inflate": 0
            }
          ],
          "parent": "Matangi"
        },
        {
          "name": "Legs2",
          "pivot": [
            4,
            10,
            2.5
          ],
          "cubes": [
            {
              "origin": [
                1.0,
                -2.0,
                0.0
              ],
              "size": [
                6.0,
                13.0,
                5.0
              ],
              "uv": [
                80,
                103
              ],
              "inflate": 0
            }
          ],
          "parent": "Legssss",
          "rotation": [
            -144.0076,
            -7.16909,
            75.66641
          ]
        },
        {
          "name": "L3",
          "pivot": [
            4,
            -1,
            3
          ],
          "cubes": [
            {
              "origin": [
                2.0,
                -9.0,
                1.0
              ],
              "size": [
                4.0,
                9.0,
                4.0
              ],
              "uv": [
                42,
                123
              ],
              "inflate": 0
            },
            {
              "origin": [
                1.0,
                -9.0,
                0.0
              ],
              "size": [
                6.0,
                10.0,
                5.0
              ],
              "uv": [
                102,
                114
              ],
              "inflate": 0
            }
          ],
          "parent": "Legs2",
          "rotation": [
            148.4564,
            18.05016,
            -16.33792
          ]
        },
        {
          "name": "Paul2",
          "pivot": [
            4,
            -10,
            1.90297
          ],
          "cubes": [
            {
              "origin": [
                2.0,
                -14.0,
                -5.0
              ],
              "size": [
                4.0,
                1.0,
                5.0
              ],
              "uv": [
                124,
                114
              ],
              "inflate": 0
            },
            {
              "origin": [
                2.0,
                -14.0,
                1.0
              ],
              "size": [
                4.0,
                1.0,
                4.0
              ],
              "uv": [
                120,
                108
              ],
              "inflate": 0
            },
            {
              "origin": [
                2.0,
                -13.0,
                -5.0
              ],
              "size": [
                4.0,
                1.0,
                10.0
              ],
              "uv": [
                105,
                0
              ],
              "inflate": 0
            },
            {
              "origin": [
                2.0,
                -12.0,
                -3.0
              ],
              "size": [
                4.0,
                1.0,
                8.0
              ],
              "uv": [
                80,
                121
              ],
              "inflate": 0
            },
            {
              "origin": [
                2.0,
                -11.0,
                -2.0
              ],
              "size": [
                4.0,
                1.0,
                7.0
              ],
              "uv": [
                123,
                0
              ],
              "inflate": 0
            },
            {
              "origin": [
                1.0,
                -12.0,
                0.0
              ],
              "size": [
                6.0,
                3.0,
                6.0
              ],
              "uv": [
                0,
                123
              ],
              "inflate": 0
            }
          ],
          "parent": "L3",
          "rotation": [
            62.5,
            0,
            0
          ]
        },
        {
          "name": "Legs",
          "pivot": [
            -4,
            10,
            2.5
          ],
          "cubes": [
            {
              "origin": [
                -7.0,
                -2.0,
                0.0
              ],
              "size": [
                6.0,
                13.0,
                5.0
              ],
              "uv": [
                58,
                100
              ],
              "inflate": 0
            }
          ],
          "parent": "Legssss",
          "rotation": [
            -103.32626,
            30.78519,
            -2.50207
          ]
        },
        {
          "name": "L2",
          "pivot": [
            -4,
            -1,
            3
          ],
          "cubes": [
            {
              "origin": [
                -6.0,
                -9.0,
                1.0
              ],
              "size": [
                4.0,
                9.0,
                4.0
              ],
              "uv": [
                0,
                57
              ],
              "inflate": 0
            },
            {
              "origin": [
                -7.0,
                -9.0,
                0.0
              ],
              "size": [
                6.0,
                11.0,
                5.0
              ],
              "uv": [
                0,
                107
              ],
              "inflate": 0
            }
          ],
          "parent": "Legs",
          "rotation": [
            108.39128,
            84.41125,
            -26.49955
          ]
        },
        {
          "name": "Paul",
          "pivot": [
            -4,
            -10,
            1.90297
          ],
          "cubes": [
            {
              "origin": [
                -6.0,
                -14.0,
                -5.0
              ],
              "size": [
                4.0,
                1.0,
                5.0
              ],
              "uv": [
                97,
                39
              ],
              "inflate": 0
            },
            {
              "origin": [
                -6.0,
                -14.0,
                1.0
              ],
              "size": [
                4.0,
                1.0,
                4.0
              ],
              "uv": [
                17,
                107
              ],
              "inflate": 0
            },
            {
              "origin": [
                -6.0,
                -13.0,
                -5.0
              ],
              "size": [
                4.0,
                1.0,
                10.0
              ],
              "uv": [
                102,
                103
              ],
              "inflate": 0
            },
            {
              "origin": [
                -6.0,
                -12.0,
                -3.0
              ],
              "size": [
                4.0,
                1.0,
                8.0
              ],
              "uv": [
                121,
                11
              ],
              "inflate": 0
            },
            {
              "origin": [
                -6.0,
                -11.0,
                -2.0
              ],
              "size": [
                4.0,
                1.0,
                7.0
              ],
              "uv": [
                117,
                122
              ],
              "inflate": 0
            },
            {
              "origin": [
                -7.0,
                -12.0,
                0.0
              ],
              "size": [
                6.0,
                3.0,
                6.0
              ],
              "uv": [
                120,
                99
              ],
              "inflate": 0
            }
          ],
          "parent": "L2",
          "rotation": [
            62.5,
            0,
            0
          ]
        },
        {
          "name": "Body",
          "pivot": [
            0,
            17,
            4
          ],
          "cubes": [
            {
              "origin": [
                -5.0,
                18.0,
                0.0
              ],
              "size": [
                10.0,
                6.0,
                5.0
              ],
              "uv": [
                0,
                36
              ],
              "inflate": 0
            },
            {
              "origin": [
                -7.0,
                24.0,
                0.0
              ],
              "size": [
                14.0,
                7.0,
                5.0
              ],
              "uv": [
                90,
                73
              ],
              "inflate": 0
            },
            {
              "origin": [
                -7.0,
                16.0,
                -1.75
              ],
              "size": [
                14.0,
                15.0,
                3.0
              ],
              "uv": [
                0,
                81
              ],
              "inflate": 0
            }
          ],
          "parent": "Matangi"
        },
        {
          "name": "Hand1",
          "pivot": [
            7,
            29,
            3
          ],
          "cubes": [
            {
              "origin": [
                5.0,
                27.0,
                1.0
              ],
              "size": [
                12.0,
                4.0,
                4.0
              ],
              "uv": [
                224,
                248
              ],
              "inflate": 0
            }
          ],
          "parent": "Body",
          "rotation": [
            -29.41554,
            -0.48992,
            59.94512
          ]
        },
        {
          "name": "bone",
          "pivot": [
            16,
            29,
            3
          ],
          "cubes": [
            {
              "origin": [
                15.0,
                27.0,
                1.0
              ],
              "size": [
                10.0,
                4.0,
                4.0
              ],
              "uv": [
                120,
                91
              ],
              "inflate": 0
            }
          ],
          "parent": "Hand1",
          "rotation": [
            -57.82086,
            47.33334,
            -46.71609
          ]
        },
        {
          "name": "bone2",
          "pivot": [
            24,
            29,
            3
          ],
          "cubes": [
            {
              "origin": [
                24.0,
                27.0,
                1.0
              ],
              "size": [
                2.0,
                4.0,
                4.0
              ],
              "uv": [
                12,
                132
              ],
              "inflate": 0
            },
            {
              "origin": [
                25.0,
                29.0,
                1.0
              ],
              "size": [
                6.0,
                0.0,
                6.0
              ],
              "pivot": [
                26.0,
                29.0,
                1.0
              ],
              "rotation": [
                -180.0,
                72.5,
                180.0
              ],
              "uv": [
                51,
                6
              ],
              "inflate": 0
            },
            {
              "origin": [
                26.0,
                30.0,
                1.0
              ],
              "size": [
                1.0,
                1.0,
                4.0
              ],
              "uv": [
                83,
                73
              ],
              "inflate": 0
            },
            {
              "origin": [
                27.0,
                30.0,
                1.0
              ],
              "size": [
                2.0,
                1.0,
                1.0
              ],
              "pivot": [
                27.0,
                30.5,
                1.5
              ],
              "rotation": [
                0.0,
                0.0,
                42.5
              ],
              "uv": [
                58,
                85
              ],
              "inflate": 0
            },
            {
              "origin": [
                27.0,
                30.0,
                2.0
              ],
              "size": [
                3.0,
                1.0,
                1.0
              ],
              "pivot": [
                27.0,
                30.5,
                1.5
              ],
              "rotation": [
                0.0,
                0.0,
                52.5
              ],
              "uv": [
                75,
                102
              ],
              "inflate": 0
            },
            {
              "origin": [
                27.0,
                30.0,
                3.0
              ],
              "size": [
                3.0,
                1.0,
                1.0
              ],
              "pivot": [
                27.0,
                30.5,
                1.5
              ],
              "rotation": [
                0.0,
                0.0,
                60.0
              ],
              "uv": [
                82,
                101
              ],
              "inflate": 0
            },
            {
              "origin": [
                27.0,
                30.0,
                4.0
              ],
              "size": [
                2.0,
                1.0,
                1.0
              ],
              "pivot": [
                27.0,
                30.5,
                1.5
              ],
              "rotation": [
                0.0,
                0.0,
                75.0
              ],
              "uv": [
                83,
                78
              ],
              "inflate": 0
            },
            {
              "origin": [
                26.0,
                27.0,
                1.0
              ],
              "size": [
                2.0,
                1.0,
                1.0
              ],
              "pivot": [
                26.0,
                27.5,
                1.5
              ],
              "rotation": [
                0.0,
                0.0,
                -25.0
              ],
              "uv": [
                31,
                81
              ],
              "inflate": 0
            }
          ],
          "parent": "bone",
          "rotation": [
            -6.13617,
            5.96591,
            8.07291
          ]
        },
        {
          "name": "Hand8",
          "pivot": [
            7,
            29,
            3
          ],
          "cubes": [
            {
              "origin": [
                5.0,
                27.0,
                1.0
              ],
              "size": [
                12.0,
                4.0,
                4.0
              ],
              "uv": [
                224,
                248
              ],
              "inflate": 0
            }
          ],
          "parent": "Body",
          "rotation": [
            -88.79273,
            -31.89695,
            13.11188
          ]
        },
        {
          "name": "bone17",
          "pivot": [
            16,
            29,
            3
          ],
          "cubes": [
            {
              "origin": [
                15.0,
                27.0,
                1.0
              ],
              "size": [
                10.0,
                4.0,
                4.0
              ],
              "uv": [
                18,
                119
              ],
              "inflate": 0
            }
          ],
          "parent": "Hand8",
          "rotation": [
            117.88543,
            70.37747,
            43.26828
          ]
        },
        {
          "name": "bone18",
          "pivot": [
            23.91596,
            29.78554,
            2.63345
          ],
          "cubes": [
            {
              "origin": [
                23.84655,
                27.697,
                1.34364
              ],
              "size": [
                2.0,
                4.0,
                4.0
              ],
              "uv": [
                0,
                132
              ],
              "inflate": 0
            },
            {
              "origin": [
                25.84655,
                29.697,
                -10.65636
              ],
              "size": [
                1.0,
                1.0,
                31.0
              ],
              "uv": [
                0,
                25
              ],
              "inflate": 0
            },
            {
              "origin": [
                22.34655,
                30.197,
                20.34364
              ],
              "size": [
                8.0,
                0.0,
                6.0
              ],
              "uv": [
                51,
                0
              ],
              "inflate": 0
            },
            {
              "origin": [
                22.34655,
                30.197,
                -18.65636
              ],
              "size": [
                8.0,
                0.0,
                8.0
              ],
              "pivot": [
                26.34655,
                30.197,
                -14.65636
              ],
              "rotation": [
                0.0,
                -45.0,
                0.0
              ],
              "uv": [
                0,
                47
              ],
              "inflate": 0
            },
            {
              "origin": [
                25.84655,
                30.697,
                1.34364
              ],
              "size": [
                1.0,
                1.0,
                4.0
              ],
              "uv": [
                20,
                51
              ],
              "inflate": 0
            },
            {
              "origin": [
                26.84655,
                30.697,
                1.34364
              ],
              "size": [
                2.0,
                1.0,
                1.0
              ],
              "pivot": [
                26.84655,
                31.197,
                1.84364
              ],
              "rotation": [
                0.0,
                0.0,
                52.5
              ],
              "uv": [
                81,
                28
              ],
              "inflate": 0
            },
            {
              "origin": [
                26.84655,
                30.697,
                2.34364
              ],
              "size": [
                3.0,
                1.0,
                1.0
              ],
              "pivot": [
                26.84655,
                31.197,
                1.84364
              ],
              "rotation": [
                0.0,
                0.0,
                52.5
              ],
              "uv": [
                75,
                100
              ],
              "inflate": 0
            },
            {
              "origin": [
                26.84655,
                30.697,
                3.34364
              ],
              "size": [
                3.0,
                1.0,
                1.0
              ],
              "pivot": [
                26.84655,
                31.197,
                1.84364
              ],
              "rotation": [
                0.0,
                0.0,
                60.0
              ],
              "uv": [
                91,
                39
              ],
              "inflate": 0
            },
            {
              "origin": [
                26.84655,
                30.697,
                4.34364
              ],
              "size": [
                2.0,
                1.0,
                1.0
              ],
              "pivot": [
                26.84655,
                31.197,
                1.84364
              ],
              "rotation": [
                0.0,
                0.0,
                62.5
              ],
              "uv": [
                81,
                26
              ],
              "inflate": 0
            },
            {
              "origin": [
                25.84655,
                27.697,
                1.34364
              ],
              "size": [
                2.0,
                1.0,
                1.0
              ],
              "pivot": [
                25.84655,
                28.197,
                1.84364
              ],
              "rotation": [
                0.0,
                0.0,
                -15.0
              ],
              "uv": [
                81,
                24
              ],
              "inflate": 0
            }
          ],
          "parent": "bone17",
          "rotation": [
            -94.74043,
            -16.1937,
            23.67257
          ]
        },
        {
          "name": "Hand2",
          "pivot": [
            -7,
            29,
            3
          ],
          "cubes": [
            {
              "origin": [
                -9.0,
                27.0,
                1.0
              ],
              "size": [
                12.0,
                4.0,
                4.0
              ],
              "uv": [
                224,
                0
              ],
              "inflate": 0
            }
          ],
          "parent": "Body",
          "rotation": [
            -173.21573,
            12.74577,
            108.54537
          ]
        },
        {
          "name": "bone5",
          "pivot": [
            2,
            29,
            3
          ],
          "cubes": [
            {
              "origin": [
                1.0,
                27.0,
                1.0
              ],
              "size": [
                10.0,
                4.0,
                4.0
              ],
              "uv": [
                117,
                20
              ],
              "inflate": 0
            }
          ],
          "parent": "Hand2",
          "rotation": [
            -46.62322,
            -50.60963,
            -19.29494
          ]
        },
        {
          "name": "bone6",
          "pivot": [
            11,
            28.75,
            3
          ],
          "cubes": [
            {
              "origin": [
                11.0,
                26.75,
                1.0
              ],
              "size": [
                2.0,
                4.0,
                4.0
              ],
              "uv": [
                122,
                130
              ],
              "inflate": 0
            },
            {
              "origin": [
                13.0,
                26.75,
                2.0
              ],
              "size": [
                1.0,
                4.0,
                2.0
              ],
              "uv": [
                24,
                25
              ],
              "inflate": 0
            },
            {
              "origin": [
                14.0,
                26.75,
                2.0
              ],
              "size": [
                1.0,
                1.0,
                2.0
              ],
              "pivot": [
                14.5,
                27.25,
                2.0
              ],
              "rotation": [
                0.0,
                30.0,
                0.0
              ],
              "uv": [
                24,
                47
              ],
              "inflate": 0
            },
            {
              "origin": [
                14.0,
                26.75,
                1.0
              ],
              "size": [
                1.0,
                2.0,
                1.0
              ],
              "uv": [
                33,
                49
              ],
              "inflate": 0
            },
            {
              "origin": [
                13.0,
                26.75,
                1.0
              ],
              "size": [
                1.0,
                3.0,
                1.0
              ],
              "uv": [
                0,
                36
              ],
              "inflate": 0
            },
            {
              "origin": [
                13.0,
                29.75,
                4.0
              ],
              "size": [
                1.0,
                1.0,
                2.0
              ],
              "pivot": [
                13.5,
                30.25,
                4.0
              ],
              "rotation": [
                0.0,
                27.5,
                0.0
              ],
              "uv": [
                10,
                70
              ],
              "inflate": 0
            },
            {
              "origin": [
                13.0,
                28.75,
                4.0
              ],
              "size": [
                1.0,
                1.0,
                3.0
              ],
              "pivot": [
                13.5,
                30.25,
                4.0
              ],
              "rotation": [
                0.0,
                17.5,
                0.0
              ],
              "uv": [
                42,
                81
              ],
              "inflate": 0
            },
            {
              "origin": [
                13.0,
                27.75,
                4.0
              ],
              "size": [
                1.0,
                1.0,
                3.0
              ],
              "pivot": [
                13.5,
                30.25,
                4.0
              ],
              "rotation": [
                0.0,
                20.0,
                0.0
              ],
              "uv": [
                0,
                47
              ],
              "inflate": 0
            },
            {
              "origin": [
                13.0,
                26.75,
                4.0
              ],
              "size": [
                1.0,
                1.0,
                2.0
              ],
              "pivot": [
                13.5,
                30.25,
                4.0
              ],
              "rotation": [
                0.0,
                22.5,
                0.0
              ],
              "uv": [
                58,
                49
              ],
              "inflate": 0
            }
          ],
          "parent": "bone5",
          "rotation": [
            -93.7964,
            7.67747,
            -23.59523
          ]
        },
        {
          "name": "Hand9",
          "pivot": [
            -7,
            29,
            3
          ],
          "cubes": [
            {
              "origin": [
                -9.0,
                27.0,
                1.0
              ],
              "size": [
                12.0,
                4.0,
                4.0
              ],
              "uv": [
                224,
                0
              ],
              "inflate": 0
            }
          ],
          "parent": "Body",
          "rotation": [
            -85.84097,
            -18.83771,
            174.98755
          ]
        },
        {
          "name": "bone19",
          "pivot": [
            2,
            29,
            3
          ],
          "cubes": [
            {
              "origin": [
                1.0,
                27.0,
                1.0
              ],
              "size": [
                10.0,
                4.0,
                4.0
              ],
              "uv": [
                113,
                35
              ],
              "inflate": 0
            }
          ],
          "parent": "Hand9",
          "rotation": [
            -73.90471,
            -61.17008,
            105.12815
          ]
        },
        {
          "name": "bone20",
          "pivot": [
            10,
            29,
            3
          ],
          "cubes": [
            {
              "origin": [
                10.0,
                27.0,
                1.0
              ],
              "size": [
                2.0,
                4.0,
                4.0
              ],
              "uv": [
                110,
                130
              ],
              "inflate": 0
            },
            {
              "origin": [
                12.0,
                30.0,
                1.0
              ],
              "size": [
                1.0,
                1.0,
                4.0
              ],
              "uv": [
                0,
                51
              ],
              "inflate": 0
            },
            {
              "origin": [
                13.0,
                30.0,
                4.0
              ],
              "size": [
                2.0,
                1.0,
                1.0
              ],
              "pivot": [
                13.0,
                30.5,
                1.5
              ],
              "rotation": [
                0.0,
                0.0,
                -25.0
              ],
              "uv": [
                64,
                77
              ],
              "inflate": 0
            },
            {
              "origin": [
                13.0,
                30.0,
                3.0
              ],
              "size": [
                3.0,
                1.0,
                1.0
              ],
              "pivot": [
                13.0,
                30.5,
                1.5
              ],
              "rotation": [
                0.0,
                0.0,
                -17.5
              ],
              "uv": [
                54,
                83
              ],
              "inflate": 0
            },
            {
              "origin": [
                13.0,
                30.0,
                2.0
              ],
              "size": [
                3.0,
                1.0,
                1.0
              ],
              "pivot": [
                13.0,
                30.5,
                1.5
              ],
              "rotation": [
                0.0,
                0.0,
                -20.0
              ],
              "uv": [
                54,
                81
              ],
              "inflate": 0
            },
            {
              "origin": [
                13.0,
                30.0,
                1.0
              ],
              "size": [
                2.0,
                1.0,
                1.0
              ],
              "pivot": [
                13.0,
                30.5,
                1.5
              ],
              "rotation": [
                0.0,
                0.0,
                -12.5
              ],
              "uv": [
                64,
                75
              ],
              "inflate": 0
            },
            {
              "origin": [
                12.0,
                27.0,
                4.0
              ],
              "size": [
                2.0,
                1.0,
                1.0
              ],
              "pivot": [
                12.0,
                27.5,
                4.5
              ],
              "rotation": [
                0.0,
                0.0,
                -20.0
              ],
              "uv": [
                64,
                73
              ],
              "inflate": 0
            }
          ],
          "parent": "bone19",
          "rotation": [
            -0.87043,
            -4.96214,
            4.99971
          ]
        },
        {
          "name": "Face",
          "pivot": [
            0,
            31,
            3
          ],
          "cubes": [
            {
              "origin": [
                -2.0,
                31.0,
                1.0
              ],
              "size": [
                4.0,
                3.0,
                3.0
              ],
              "uv": [
                80,
                130
              ],
              "inflate": 0
            },
            {
              "origin": [
                3.0,
                35.0,
                1.0
              ],
              "size": [
                1.0,
                3.0,
                2.0
              ],
              "uv": [
                25,
                36
              ],
              "inflate": 0
            },
            {
              "origin": [
                3.0,
                7.0,
                3.0
              ],
              "size": [
                2.0,
                34.0,
                4.0
              ],
              "pivot": [
                4.0,
                41.0,
                3.5
              ],
              "rotation": [
                0.0,
                0.0,
                -7.5
              ],
              "uv": [
                46,
                81
              ],
              "inflate": 0
            },
            {
              "origin": [
                2.0,
                31.0,
                -2.0
              ],
              "size": [
                3.0,
                2.0,
                9.0
              ],
              "pivot": [
                4.0,
                41.0,
                3.5
              ],
              "rotation": [
                0.0,
                0.0,
                -7.5
              ],
              "uv": [
                119,
                76
              ],
              "inflate": 0
            },
            {
              "origin": [
                3.13624,
                11.05231,
                -2.0
              ],
              "size": [
                7.0,
                22.0,
                0.0
              ],
              "pivot": [
                4.96716,
                32.35834,
                -2.0
              ],
              "rotation": [
                -7.5,
                0.0,
                -2.5
              ],
              "uv": [
                58,
                118
              ],
              "inflate": 0
            },
            {
              "origin": [
                6.0,
                22.0,
                3.0
              ],
              "size": [
                0.0,
                22.0,
                4.0
              ],
              "pivot": [
                4.0,
                41.0,
                3.5
              ],
              "rotation": [
                0.0,
                0.0,
                -7.5
              ],
              "uv": [
                72,
                114
              ],
              "inflate": 0
            },
            {
              "origin": [
                -5.0,
                44.0,
                3.0
              ],
              "size": [
                11.0,
                0.0,
                4.0
              ],
              "pivot": [
                4.0,
                41.0,
                3.5
              ],
              "rotation": [
                0.0,
                0.0,
                -7.5
              ],
              "uv": [
                101,
                11
              ],
              "inflate": 0
            },
            {
              "origin": [
                -6.0,
                10.0,
                7.0
              ],
              "size": [
                12.0,
                34.0,
                0.0
              ],
              "pivot": [
                4.0,
                41.0,
                3.5
              ],
              "rotation": [
                5.0,
                0.0,
                -7.5
              ],
              "uv": [
                111,
                157
              ],
              "inflate": 0
            },
            {
              "origin": [
                -5.0,
                7.0,
                3.0
              ],
              "size": [
                2.0,
                34.0,
                4.0
              ],
              "pivot": [
                -4.0,
                41.0,
                3.5
              ],
              "rotation": [
                0.0,
                0.0,
                7.5
              ],
              "uv": [
                34,
                81
              ],
              "inflate": 0
            },
            {
              "origin": [
                -4.0,
                35.0,
                1.0
              ],
              "size": [
                1.0,
                3.0,
                2.0
              ],
              "uv": [
                24,
                31
              ],
              "inflate": 0
            },
            {
              "origin": [
                -5.0,
                34.0,
                2.0
              ],
              "size": [
                2.0,
                2.0,
                0.0
              ],
              "uv": [
                26,
                52
              ],
              "inflate": 0
            },
            {
              "origin": [
                3.0,
                34.0,
                2.0
              ],
              "size": [
                2.0,
                2.0,
                0.0
              ],
              "uv": [
                0,
                51
              ],
              "inflate": 0
            },
            {
              "origin": [
                -3.5,
                33.0,
                0.0
              ],
              "size": [
                7.0,
                7.0,
                5.0
              ],
              "uv": [
                112,
                61
              ],
              "inflate": 0
            },
            {
              "origin": [
                -5.0,
                40.0,
                0.0
              ],
              "size": [
                10.0,
                3.0,
                7.0
              ],
              "uv": [
                90,
                85
              ],
              "inflate": 0
            },
            {
              "origin": [
                -4.0,
                43.0,
                2.0
              ],
              "size": [
                8.0,
                3.0,
                4.0
              ],
              "uv": [
                117,
                28
              ],
              "inflate": 0
            },
            {
              "origin": [
                -3.0,
                43.0,
                1.0
              ],
              "size": [
                6.0,
                1.0,
                1.0
              ],
              "uv": [
                33,
                38
              ],
              "inflate": 0
            },
            {
              "origin": [
                -2.0,
                44.0,
                1.0
              ],
              "size": [
                4.0,
                1.0,
                1.0
              ],
              "uv": [
                81,
                39
              ],
              "inflate": 0
            },
            {
              "origin": [
                -1.0,
                45.0,
                1.0
              ],
              "size": [
                2.0,
                1.0,
                1.0
              ],
              "uv": [
                58,
                52
              ],
              "inflate": 0
            },
            {
              "origin": [
                -3.0,
                43.0,
                0.0
              ],
              "size": [
                6.0,
                4.0,
                0.0
              ],
              "uv": [
                57,
                12
              ],
              "inflate": 0
            },
            {
              "origin": [
                -5.0,
                7.0,
                5.0
              ],
              "size": [
                10.0,
                34.0,
                2.0
              ],
              "uv": [
                0,
                0
              ],
              "inflate": 0
            }
          ],
          "parent": "Body"
        },
        {
          "name": "bone3",
          "pivot": [
            0,
            33.5,
            0.75
          ],
          "parent": "Face",
          "rotation": [
            -7.5,
            0,
            0
          ]
        },
        {
          "name": "Baselaotus",
          "cubes": [
            {
              "origin": [
                -8.0,
                0.0,
                -8.0
              ],
              "size": [
                16.0,
                8.0,
                16.0
              ],
              "uv": [
                57,
                0
              ],
              "inflate": 0
            },
            {
              "origin": [
                -8.0,
                2.0,
                -33.0
              ],
              "size": [
                16.0,
                0.0,
                25.0
              ],
              "uv": [
                0,
                0
              ],
              "inflate": 0
            },
            {
              "origin": [
                -8.0,
                2.0,
                -33.0
              ],
              "size": [
                16.0,
                0.0,
                25.0
              ],
              "pivot": [
                0.0,
                4.0,
                0.0
              ],
              "rotation": [
                0.0,
                -42.5,
                0.0
              ],
              "uv": [
                0,
                0
              ],
              "inflate": 0
            },
            {
              "origin": [
                -8.0,
                2.0,
                -33.0
              ],
              "size": [
                16.0,
                0.0,
                25.0
              ],
              "pivot": [
                0.0,
                4.0,
                0.0
              ],
              "rotation": [
                0.0,
                -87.5,
                0.0
              ],
              "uv": [
                0,
                0
              ],
              "inflate": 0
            },
            {
              "origin": [
                -8.0,
                2.0,
                -33.0
              ],
              "size": [
                16.0,
                0.0,
                25.0
              ],
              "pivot": [
                0.0,
                4.0,
                0.0
              ],
              "rotation": [
                -180.0,
                -50.0,
                180.0
              ],
              "uv": [
                0,
                0
              ],
              "inflate": 0
            },
            {
              "origin": [
                -8.0,
                2.0,
                -33.0
              ],
              "size": [
                16.0,
                0.0,
                25.0
              ],
              "pivot": [
                0.0,
                4.0,
                0.0
              ],
              "rotation": [
                -180.0,
                -5.0,
                180.0
              ],
              "uv": [
                0,
                0
              ],
              "inflate": 0
            },
            {
              "origin": [
                -8.0,
                2.0,
                -33.0
              ],
              "size": [
                16.0,
                0.0,
                25.0
              ],
              "pivot": [
                0.0,
                4.0,
                0.0
              ],
              "rotation": [
                -180.0,
                37.5,
                180.0
              ],
              "uv": [
                0,
                0
              ],
              "inflate": 0
            },
            {
              "origin": [
                -8.0,
                2.0,
                -33.0
              ],
              "size": [
                16.0,
                0.0,
                25.0
              ],
              "pivot": [
                0.0,
                4.0,
                0.0
              ],
              "rotation": [
                -180.0,
                82.5,
                180.0
              ],
              "uv": [
                0,
                0
              ],
              "inflate": 0
            },
            {
              "origin": [
                -8.0,
                2.0,
                -33.0
              ],
              "size": [
                16.0,
                0.0,
                25.0
              ],
              "pivot": [
                0.0,
                4.0,
                0.0
              ],
              "rotation": [
                0.0,
                47.5,
                0.0
              ],
              "uv": [
                0,
                0
              ],
              "inflate": 0
            },
            {
              "origin": [
                -8.0,
                0.0,
                -8.0
              ],
              "size": [
                16.0,
                8.0,
                16.0
              ],
              "pivot": [
                0.0,
                4.0,
                0.0
              ],
              "rotation": [
                0.0,
                -40.0,
                0.0
              ],
              "uv": [
                0,
                57
              ],
              "inflate": 0
            },
            {
              "origin": [
                -8.0,
                0.0,
                -8.0
              ],
              "size": [
                16.0,
                8.0,
                16.0
              ],
              "pivot": [
                0.0,
                4.0,
                0.0
              ],
              "rotation": [
                0.0,
                -65.0,
                0.0
              ],
              "uv": [
                48,
                49
              ],
              "inflate": 0
            },
            {
              "origin": [
                -8.0,
                0.0,
                -8.0
              ],
              "size": [
                16.0,
                8.0,
                16.0
              ],
              "pivot": [
                0.0,
                4.0,
                0.0
              ],
              "rotation": [
                -180.0,
                -70.0,
                180.0
              ],
              "uv": [
                33,
                25
              ],
              "inflate": 0
            }
          ],
          "parent": "Matangi"
        }
      ]
    }
  ]
}