{
  "format_version": "1.12.0",
  "minecraft:geometry": [
    {
      "description": {
        "identifier": "geometry.ms_balram",
        "texture_width": 128,
        "texture_height": 128,
        "visible_bounds_width": 8,
        "visible_bounds_height": 5,
        "visible_bounds_offset": [
          0,
          1.5,
          0
        ]
      },
      "bones": [
        {
          "name": "Ravan"
        },
        {
          "name": "Body",
          "pivot": [
            0,
            18,
            0
          ],
          "cubes": [
            {
              "origin": [
                -4.0,
                18.0,
                -2.0
              ],
              "size": [
                8.0,
                9.0,
                6.0
              ],
              "uv": [
                50,
                44
              ],
              "inflate": 0
            },
            {
              "origin": [
                -5.0,
                19.0,
                -3.0
              ],
              "size": [
                10.0,
                2.0,
                8.0
              ],
              "uv": [
                30,
                8
              ],
              "inflate": 0
            },
            {
              "origin": [
                -6.0,
                27.0,
                -2.0
              ],
              "size": [
                12.0,
                6.0,
                6.0
              ],
              "uv": [
                0,
                29
              ],
              "inflate": 0
            },
            {
              "origin": [
                -4.0,
                23.0,
                -3.0
              ],
              "size": [
                2.0,
                10.0,
                1.0
              ],
              "uv": [
                55,
                80
              ],
              "inflate": 0
            },
            {
              "origin": [
                2.0,
                23.0,
                -3.0
              ],
              "size": [
                2.0,
                10.0,
                1.0
              ],
              "uv": [
                49,
                80
              ],
              "inflate": 0
            },
            {
              "origin": [
                3.0,
                25.0,
                4.0
              ],
              "size": [
                2.0,
                9.0,
                1.0
              ],
              "uv": [
                61,
                80
              ],
              "inflate": 0
            },
            {
              "origin": [
                5.0,
                4.0,
                -4.0
              ],
              "size": [
                4.0,
                29.0,
                1.0
              ],
              "uv": [
                20,
                41
              ],
              "inflate": 0
            },
            {
              "origin": [
                5.0,
                33.0,
                -4.0
              ],
              "size": [
                4.0,
                1.0,
                9.0
              ],
              "uv": [
                57,
                9
              ],
              "inflate": 0
            },
            {
              "origin": [
                -3.0,
                22.0,
                -3.0
              ],
              "size": [
                6.0,
                1.0,
                1.0
              ],
              "uv": [
                42,
                31
              ],
              "inflate": 0
            },
            {
              "origin": [
                -2.0,
                21.0,
                -3.0
              ],
              "size": [
                4.0,
                1.0,
                1.0
              ],
              "uv": [
                61,
                0
              ],
              "inflate": 0
            }
          ],
          "parent": "Ravan"
        },
        {
          "name": "Hand1",
          "pivot": [
            -7,
            32.16667,
            0.83333
          ],
          "cubes": [
            {
              "origin": [
                -8.91299,
                24.06626,
                -0.96122
              ],
              "size": [
                3.0,
                8.0,
                4.0
              ],
              "uv": [
                23,
                78
              ],
              "inflate": 0
            }
          ],
          "parent": "Body",
          "rotation": [
            -12.38379,
            28.35953,
            24.19827
          ]
        },
        {
          "name": "bone4",
          "pivot": [
            -7.41299,
            24.06626,
            1.53878
          ],
          "cubes": [
            {
              "origin": [
                -8.91299,
                16.06626,
                0.03878
              ],
              "size": [
                3.0,
                9.0,
                3.0
              ],
              "pivot": [
                -7.41299,
                24.06626,
                1.53878
              ],
              "rotation": [
                -50.0,
                0.0,
                0.0
              ],
              "uv": [
                78,
                43
              ],
              "inflate": 0
            }
          ],
          "parent": "Hand1",
          "rotation": [
            -58.98996,
            -26.32776,
            -14.92735
          ]
        },
        {
          "name": "bone",
          "pivot": [
            -7.41299,
            18.73293,
            -3.79456
          ],
          "cubes": [
            {
              "origin": [
                -8.91299,
                12.06626,
                0.03878
              ],
              "size": [
                1.0,
                2.0,
                3.0
              ],
              "pivot": [
                -7.41299,
                24.06626,
                1.53878
              ],
              "rotation": [
                -50.0,
                0.0,
                0.0
              ],
              "uv": [
                30,
                8
              ],
              "inflate": 0
            },
            {
              "origin": [
                -8.91299,
                14.06626,
                0.03878
              ],
              "size": [
                3.0,
                2.0,
                3.0
              ],
              "pivot": [
                -7.41299,
                24.06626,
                1.53878
              ],
              "rotation": [
                -50.0,
                0.0,
                0.0
              ],
              "uv": [
                46,
                59
              ],
              "inflate": 0
            },
            {
              "origin": [
                -6.91299,
                16.35281,
                -6.90724
              ],
              "size": [
                1.0,
                2.0,
                1.0
              ],
              "pivot": [
                -6.41299,
                18.76164,
                -6.5305
              ],
              "rotation": [
                -64.57549,
                11.91576,
                3.70148
              ],
              "uv": [
                14,
                0
              ],
              "inflate": 0
            }
          ],
          "parent": "bone4",
          "rotation": [
            -23.9094,
            3.74307,
            -11.27412
          ]
        },
        {
          "name": "bone7",
          "pivot": [
            -7.41299,
            17.06626,
            -6.46122
          ],
          "cubes": [
            {
              "origin": [
                -7.91299,
                16.06626,
                -15.96122
              ],
              "size": [
                1.0,
                1.0,
                28.0
              ],
              "pivot": [
                -7.41299,
                27.06626,
                -0.46122
              ],
              "rotation": [
                -50.0,
                0.0,
                0.0
              ],
              "uv": [
                0,
                0
              ],
              "inflate": 0
            },
            {
              "origin": [
                -7.91299,
                12.06626,
                -15.96122
              ],
              "size": [
                1.0,
                9.0,
                2.0
              ],
              "pivot": [
                -7.41299,
                27.06626,
                -0.46122
              ],
              "rotation": [
                -50.0,
                0.0,
                0.0
              ],
              "uv": [
                78,
                55
              ],
              "inflate": 0
            },
            {
              "origin": [
                -7.41299,
                12.06626,
                -13.96122
              ],
              "size": [
                0.0,
                9.0,
                1.0
              ],
              "pivot": [
                -7.41299,
                27.06626,
                -0.46122
              ],
              "rotation": [
                -50.0,
                0.0,
                0.0
              ],
              "uv": [
                26,
                0
              ],
              "inflate": 0
            },
            {
              "origin": [
                -7.91299,
                35.25099,
                -14.98095
              ],
              "size": [
                1.0,
                9.0,
                2.0
              ],
              "pivot": [
                -7.41299,
                35.20972,
                -15.18071
              ],
              "rotation": [
                -92.5,
                0.0,
                0.0
              ],
              "uv": [
                20,
                0
              ],
              "inflate": 0
            },
            {
              "origin": [
                -7.91299,
                20.37247,
                -21.86451
              ],
              "size": [
                1.0,
                9.0,
                2.0
              ],
              "uv": [
                20,
                11
              ],
              "inflate": 0
            }
          ],
          "parent": "bone",
          "rotation": [
            -9.85108,
            1.72794,
            9.85108
          ]
        },
        {
          "name": "Hand2",
          "pivot": [
            6,
            30.16667,
            0.83333
          ],
          "cubes": [
            {
              "origin": [
                6.0,
                24.0,
                -1.0
              ],
              "size": [
                3.0,
                8.0,
                4.0
              ],
              "uv": [
                74,
                0
              ],
              "inflate": 0
            }
          ],
          "parent": "Body",
          "rotation": [
            2.62173,
            -28.36326,
            -30.0879
          ]
        },
        {
          "name": "bone5",
          "pivot": [
            7.5,
            24,
            1.5
          ],
          "cubes": [
            {
              "origin": [
                6.0,
                16.0,
                0.0
              ],
              "size": [
                3.0,
                9.0,
                3.0
              ],
              "pivot": [
                7.5,
                24.0,
                1.5
              ],
              "rotation": [
                -50.0,
                0.0,
                0.0
              ],
              "uv": [
                37,
                78
              ],
              "inflate": 0
            }
          ],
          "parent": "Hand2",
          "rotation": [
            32.00206,
            19.3546,
            11.70092
          ]
        },
        {
          "name": "bone2",
          "pivot": [
            7.5,
            18.66667,
            -3.83333
          ],
          "cubes": [
            {
              "origin": [
                8.0,
                12.0,
                0.0
              ],
              "size": [
                1.0,
                2.0,
                3.0
              ],
              "pivot": [
                7.5,
                24.0,
                1.5
              ],
              "rotation": [
                -50.0,
                0.0,
                0.0
              ],
              "uv": [
                20,
                22
              ],
              "inflate": 0
            },
            {
              "origin": [
                6.0,
                14.0,
                0.0
              ],
              "size": [
                3.0,
                2.0,
                3.0
              ],
              "pivot": [
                7.5,
                24.0,
                1.5
              ],
              "rotation": [
                -50.0,
                0.0,
                0.0
              ],
              "uv": [
                53,
                19
              ],
              "inflate": 0
            },
            {
              "origin": [
                6.0,
                12.0,
                0.0
              ],
              "size": [
                1.0,
                2.0,
                1.0
              ],
              "pivot": [
                7.5,
                24.0,
                1.5
              ],
              "rotation": [
                -50.0,
                0.0,
                0.0
              ],
              "uv": [
                0,
                2
              ],
              "inflate": 0
            }
          ],
          "parent": "bone5",
          "rotation": [
            -18.03062,
            28.76009,
            30.33293
          ]
        },
        {
          "name": "Face",
          "pivot": [
            0,
            33,
            1
          ],
          "parent": "Body"
        },
        {
          "name": "Face1",
          "cubes": [
            {
              "origin": [
                -1.0,
                33.0,
                0.0
              ],
              "size": [
                2.0,
                1.0,
                2.0
              ],
              "uv": [
                58,
                8
              ],
              "inflate": 0
            },
            {
              "origin": [
                -4.0,
                34.0,
                -2.0
              ],
              "size": [
                8.0,
                9.0,
                6.0
              ],
              "uv": [
                50,
                29
              ],
              "inflate": 0
            },
            {
              "origin": [
                -5.0,
                33.0,
                4.0
              ],
              "size": [
                10.0,
                10.0,
                1.0
              ],
              "uv": [
                30,
                67
              ],
              "inflate": 0
            },
            {
              "origin": [
                4.0,
                33.0,
                -1.0
              ],
              "size": [
                1.0,
                10.0,
                5.0
              ],
              "uv": [
                11,
                71
              ],
              "inflate": 0
            },
            {
              "origin": [
                -5.0,
                33.0,
                -1.0
              ],
              "size": [
                1.0,
                10.0,
                5.0
              ],
              "uv": [
                68,
                68
              ],
              "inflate": 0
            },
            {
              "origin": [
                -4.0,
                43.0,
                -2.0
              ],
              "size": [
                8.0,
                3.0,
                7.0
              ],
              "uv": [
                30,
                18
              ],
              "inflate": 0
            },
            {
              "origin": [
                -4.0,
                43.0,
                4.0
              ],
              "size": [
                8.0,
                1.0,
                1.0
              ],
              "uv": [
                0,
                26
              ],
              "inflate": 0
            },
            {
              "origin": [
                -3.0,
                46.0,
                -1.0
              ],
              "size": [
                6.0,
                3.0,
                6.0
              ],
              "uv": [
                54,
                59
              ],
              "inflate": 0
            },
            {
              "origin": [
                -4.0,
                43.0,
                -3.0
              ],
              "size": [
                8.0,
                1.0,
                2.0
              ],
              "uv": [
                0,
                23
              ],
              "inflate": 0
            },
            {
              "origin": [
                -3.0,
                44.0,
                -3.0
              ],
              "size": [
                6.0,
                1.0,
                1.0
              ],
              "uv": [
                42,
                29
              ],
              "inflate": 0
            },
            {
              "origin": [
                -2.0,
                45.0,
                -3.0
              ],
              "size": [
                4.0,
                1.0,
                1.0
              ],
              "uv": [
                45,
                33
              ],
              "inflate": 0
            },
            {
              "origin": [
                -1.0,
                46.0,
                -3.0
              ],
              "size": [
                2.0,
                1.0,
                1.0
              ],
              "uv": [
                0,
                0
              ],
              "inflate": 0
            },
            {
              "origin": [
                -2.0,
                49.0,
                0.0
              ],
              "size": [
                4.0,
                1.0,
                4.0
              ],
              "uv": [
                30,
                29
              ],
              "inflate": 0
            },
            {
              "origin": [
                -1.0,
                50.0,
                1.0
              ],
              "size": [
                2.0,
                1.0,
                2.0
              ],
              "uv": [
                30,
                13
              ],
              "inflate": 0
            }
          ],
          "parent": "Face"
        },
        {
          "name": "Legs",
          "pivot": [
            0,
            19,
            0
          ],
          "parent": "Ravan"
        },
        {
          "name": "bone3",
          "pivot": [
            -4,
            8.5,
            2.71429
          ],
          "cubes": [
            {
              "origin": [
                -6.0,
                1.0,
                -3.0
              ],
              "size": [
                4.0,
                17.0,
                6.0
              ],
              "pivot": [
                -6.0,
                18.0,
                0.0
              ],
              "rotation": [
                0.0,
                0.0,
                -2.5
              ],
              "uv": [
                0,
                41
              ],
              "inflate": 0
            },
            {
              "origin": [
                2.0,
                1.0,
                -3.0
              ],
              "size": [
                4.0,
                17.0,
                6.0
              ],
              "pivot": [
                6.0,
                18.0,
                0.0
              ],
              "rotation": [
                0.0,
                0.0,
                5.0
              ],
              "uv": [
                30,
                35
              ],
              "inflate": 0
            },
            {
              "origin": [
                -6.0,
                18.0,
                -3.0
              ],
              "size": [
                12.0,
                1.0,
                7.0
              ],
              "uv": [
                30,
                0
              ],
              "inflate": 0
            },
            {
              "origin": [
                -1.0,
                7.0,
                4.0
              ],
              "size": [
                2.0,
                11.0,
                3.0
              ],
              "pivot": [
                0.0,
                17.5,
                3.5
              ],
              "rotation": [
                -17.5,
                0.0,
                0.0
              ],
              "uv": [
                78,
                29
              ],
              "inflate": 0
            },
            {
              "origin": [
                -1.0,
                7.0,
                4.0
              ],
              "size": [
                2.0,
                11.0,
                3.0
              ],
              "pivot": [
                0.0,
                17.5,
                3.5
              ],
              "rotation": [
                2.5,
                0.0,
                0.0
              ],
              "uv": [
                0,
                76
              ],
              "inflate": 0
            },
            {
              "origin": [
                -2.0,
                1.0,
                -2.0
              ],
              "size": [
                4.0,
                17.0,
                6.0
              ],
              "uv": [
                0,
                0
              ],
              "inflate": 0
            }
          ],
          "parent": "Legs"
        },
        {
          "name": "bone6",
          "pivot": [
            0,
            17.5,
            3.5
          ],
          "parent": "bone3",
          "rotation": [
            -0.92684,
            -39.00657,
            -38.42684
          ]
        },
        {
          "name": "Leg1",
          "pivot": [
            -3.5,
            15.25,
            -0.5
          ],
          "cubes": [
            {
              "origin": [
                -6.0,
                7.0,
                -2.0
              ],
              "size": [
                4.0,
                3.0,
                4.0
              ],
              "pivot": [
                -4.0,
                15.0,
                0.0
              ],
              "rotation": [
                0.0,
                0.0,
                -5.0
              ],
              "uv": [
                74,
                19
              ],
              "inflate": 0
            }
          ],
          "parent": "Legs"
        },
        {
          "name": "bone8",
          "pivot": [
            -3,
            9,
            0
          ],
          "cubes": [
            {
              "origin": [
                -5.0,
                0.0,
                -5.0
              ],
              "size": [
                4.0,
                1.0,
                8.0
              ],
              "uv": [
                30,
                58
              ],
              "inflate": 0
            },
            {
              "origin": [
                -5.30275,
                1.04566,
                -2.0
              ],
              "size": [
                4.0,
                8.0,
                4.0
              ],
              "pivot": [
                -3.12844,
                7.03805,
                0.0
              ],
              "rotation": [
                0.0,
                0.0,
                -5.0
              ],
              "uv": [
                52,
                68
              ],
              "inflate": 0
            }
          ],
          "parent": "Leg1"
        },
        {
          "name": "Leg2",
          "pivot": [
            3.5,
            15.25,
            -0.5
          ],
          "parent": "Legs"
        },
        {
          "name": "bone9",
          "pivot": [
            3.23853,
            8.77664,
            -0.5
          ],
          "cubes": [
            {
              "origin": [
                1.0,
                0.0,
                -5.0
              ],
              "size": [
                4.0,
                1.0,
                8.0
              ],
              "uv": [
                58,
                20
              ],
              "inflate": 0
            },
            {
              "origin": [
                0.47707,
                1.05327,
                -2.0
              ],
              "size": [
                4.0,
                8.0,
                4.0
              ],
              "uv": [
                0,
                64
              ],
              "inflate": 0
            }
          ],
          "parent": "Leg2"
        }
      ]
    }
  ]
}