{
  "format_version": "1.12.0",
  "minecraft:geometry": [
    {
      "description": {
        "identifier": "geometry.ms_b_a_d_1",
        "texture_width": 64,
        "texture_height": 64,
        "visible_bounds_width": 2,
        "visible_bounds_height": 2.5,
        "visible_bounds_offset": [
          0,
          0.75,
          0
        ]
      },
      "bones": [
        {
          "name": "bone",
          "cubes": [
            {
              "origin": [
                -7.0,
                0.0,
                -1.0
              ],
              "size": [
                2.0,
                16.0,
                2.0
              ],
              "uv": [
                40,
                0
              ],
              "inflate": 0
            },
            {
              "origin": [
                -6.0,
                0.0,
                -3.0
              ],
              "size": [
                2.0,
                16.0,
                2.0
              ],
              "uv": [
                24,
                18
              ],
              "inflate": 0
            },
            {
              "origin": [
                -6.0,
                0.0,
                1.0
              ],
              "size": [
                2.0,
                16.0,
                2.0
              ],
              "uv": [
                24,
                0
              ],
              "inflate": 0
            },
            {
              "origin": [
                4.0,
                0.0,
                1.0
              ],
              "size": [
                2.0,
                16.0,
                2.0
              ],
              "uv": [
                16,
                18
              ],
              "inflate": 0
            },
            {
              "origin": [
                4.0,
                0.0,
                -3.0
              ],
              "size": [
                2.0,
                16.0,
                2.0
              ],
              "uv": [
                8,
                18
              ],
              "inflate": 0
            },
            {
              "origin": [
                2.0,
                0.0,
                -4.0
              ],
              "size": [
                2.0,
                16.0,
                2.0
              ],
              "uv": [
                0,
                18
              ],
              "inflate": 0
            },
            {
              "origin": [
                2.0,
                0.0,
                2.0
              ],
              "size": [
                2.0,
                16.0,
                2.0
              ],
              "uv": [
                16,
                0
              ],
              "inflate": 0
            },
            {
              "origin": [
                -4.0,
                0.0,
                2.0
              ],
              "size": [
                2.0,
                16.0,
                2.0
              ],
              "uv": [
                8,
                0
              ],
              "inflate": 0
            },
            {
              "origin": [
                -4.0,
                0.0,
                -4.0
              ],
              "size": [
                2.0,
                16.0,
                2.0
              ],
              "uv": [
                0,
                0
              ],
              "inflate": 0
            },
            {
              "origin": [
                -1.0,
                0.0,
                -7.0
              ],
              "size": [
                2.0,
                16.0,
                2.0
              ],
              "uv": [
                24,
                36
              ],
              "inflate": 0
            },
            {
              "origin": [
                -1.0,
                0.0,
                5.0
              ],
              "size": [
                2.0,
                16.0,
                2.0
              ],
              "uv": [
                16,
                36
              ],
              "inflate": 0
            },
            {
              "origin": [
                -3.0,
                0.0,
                4.0
              ],
              "size": [
                2.0,
                16.0,
                2.0
              ],
              "uv": [
                8,
                36
              ],
              "inflate": 0
            },
            {
              "origin": [
                1.0,
                0.0,
                4.0
              ],
              "size": [
                2.0,
                16.0,
                2.0
              ],
              "uv": [
                0,
                36
              ],
              "inflate": 0
            },
            {
              "origin": [
                1.0,
                0.0,
                -6.0
              ],
              "size": [
                2.0,
                16.0,
                2.0
              ],
              "uv": [
                32,
                18
              ],
              "inflate": 0
            },
            {
              "origin": [
                -3.0,
                0.0,
                -6.0
              ],
              "size": [
                2.0,
                16.0,
                2.0
              ],
              "uv": [
                32,
                0
              ],
              "inflate": 0
            },
            {
              "origin": [
                5.0,
                0.0,
                -1.0
              ],
              "size": [
                2.0,
                16.0,
                2.0
              ],
              "uv": [
                32,
                36
              ],
              "inflate": 0
            }
          ]
        }
      ]
    }
  ]
}