{
  "format_version": "1.12.0",
  "minecraft:geometry": [
    {
      "description": {
        "identifier": "geometry.ms_chandradev",
        "texture_width": 128,
        "texture_height": 128,
        "visible_bounds_width": 5,
        "visible_bounds_height": 5,
        "visible_bounds_offset": [
          0,
          1.5,
          0
        ]
      },
      "bones": [
        {
          "name": "Chandradev"
        },
        {
          "name": "Legs",
          "cubes": [
            {
              "origin": [
                -1.0,
                5.0,
                -1.0
              ],
              "size": [
                2.0,
                16.0,
                5.0
              ],
              "uv": [
                54,
                50
              ],
              "inflate": 0
            },
            {
              "origin": [
                -2.0,
                5.0,
                -2.0
              ],
              "size": [
                4.0,
                16.0,
                1.0
              ],
              "uv": [
                16,
                72
              ],
              "inflate": 0
            },
            {
              "origin": [
                -1.0,
                4.0,
                -3.0
              ],
              "size": [
                3.0,
                17.0,
                1.0
              ],
              "uv": [
                26,
                72
              ],
              "inflate": 0
            },
            {
              "origin": [
                -5.0,
                21.0,
                -1.75
              ],
              "size": [
                10.0,
                2.0,
                6.0
              ],
              "uv": [
                12,
                32
              ],
              "inflate": 0
            },
            {
              "origin": [
                4.0,
                9.0,
                -1.75
              ],
              "size": [
                2.0,
                12.0,
                3.0
              ],
              "uv": [
                75,
                75
              ],
              "inflate": 0
            }
          ],
          "parent": "Chandradev"
        },
        {
          "name": "Leg",
          "pivot": [
            -3,
            21,
            2
          ],
          "parent": "Legs",
          "rotation": [
            0,
            15,
            0
          ]
        },
        {
          "name": "Joinleg",
          "pivot": [
            -2.5,
            21,
            1.5
          ],
          "cubes": [
            {
              "origin": [
                -5.0,
                6.0,
                -1.0
              ],
              "size": [
                5.0,
                15.0,
                5.0
              ],
              "uv": [
                12,
                40
              ],
              "inflate": 0
            }
          ],
          "parent": "Leg",
          "rotation": [
            0,
            0,
            5
          ]
        },
        {
          "name": "Midleg",
          "pivot": [
            -2.5,
            12,
            1.25
          ],
          "cubes": [
            {
              "origin": [
                -4.5,
                3.0,
                -0.75
              ],
              "size": [
                4.0,
                9.0,
                4.0
              ],
              "uv": [
                0,
                71
              ],
              "inflate": 0
            }
          ],
          "parent": "Joinleg",
          "rotation": [
            0,
            0,
            -5
          ]
        },
        {
          "name": "Paul",
          "pivot": [
            -2.48864,
            3,
            1.29545
          ],
          "cubes": [
            {
              "origin": [
                -5.0,
                0.0,
                2.0
              ],
              "size": [
                5.0,
                1.0,
                3.0
              ],
              "uv": [
                82,
                17
              ],
              "inflate": 0
            },
            {
              "origin": [
                -5.0,
                0.0,
                -3.0
              ],
              "size": [
                5.0,
                1.0,
                3.0
              ],
              "uv": [
                81,
                31
              ],
              "inflate": 0
            },
            {
              "origin": [
                -5.0,
                0.5,
                0.0
              ],
              "size": [
                5.0,
                1.0,
                2.0
              ],
              "uv": [
                82,
                21
              ],
              "inflate": 0
            },
            {
              "origin": [
                -5.0,
                0.0,
                -5.0
              ],
              "size": [
                1.0,
                1.0,
                2.0
              ],
              "uv": [
                38,
                32
              ],
              "inflate": 0
            },
            {
              "origin": [
                -4.0,
                0.0,
                -5.5
              ],
              "size": [
                1.0,
                1.0,
                3.0
              ],
              "uv": [
                50,
                81
              ],
              "inflate": 0
            },
            {
              "origin": [
                -3.0,
                0.0,
                -5.75
              ],
              "size": [
                1.0,
                1.0,
                3.0
              ],
              "uv": [
                34,
                72
              ],
              "inflate": 0
            },
            {
              "origin": [
                -2.0,
                0.0,
                -6.0
              ],
              "size": [
                1.0,
                1.0,
                3.0
              ],
              "uv": [
                65,
                25
              ],
              "inflate": 0
            },
            {
              "origin": [
                -1.0,
                0.0,
                -5.75
              ],
              "size": [
                1.25,
                1.0,
                3.0
              ],
              "uv": [
                65,
                0
              ],
              "inflate": 0
            },
            {
              "origin": [
                -5.0,
                1.0,
                -2.25
              ],
              "size": [
                5.0,
                1.0,
                7.0
              ],
              "uv": [
                65,
                17
              ],
              "inflate": 0
            },
            {
              "origin": [
                -5.0,
                2.0,
                -1.25
              ],
              "size": [
                5.0,
                1.0,
                5.0
              ],
              "uv": [
                58,
                72
              ],
              "inflate": 0
            },
            {
              "origin": [
                -5.0,
                0.5,
                -4.25
              ],
              "size": [
                5.0,
                1.0,
                2.0
              ],
              "uv": [
                81,
                12
              ],
              "inflate": 0
            }
          ],
          "parent": "Midleg"
        },
        {
          "name": "Leg2",
          "pivot": [
            2,
            21,
            2
          ],
          "parent": "Legs",
          "rotation": [
            0,
            -15,
            0
          ]
        },
        {
          "name": "Joinleg2",
          "pivot": [
            2.5,
            21,
            1.5
          ],
          "cubes": [
            {
              "origin": [
                0.0,
                6.0,
                -1.0
              ],
              "size": [
                5.0,
                15.0,
                5.0
              ],
              "uv": [
                39,
                35
              ],
              "inflate": 0
            }
          ],
          "parent": "Leg2",
          "rotation": [
            0,
            0,
            -5
          ]
        },
        {
          "name": "Midleg2",
          "pivot": [
            2.5,
            12,
            1.25
          ],
          "cubes": [
            {
              "origin": [
                0.5,
                3.0,
                -0.75
              ],
              "size": [
                4.0,
                9.0,
                4.0
              ],
              "uv": [
                42,
                68
              ],
              "inflate": 0
            }
          ],
          "parent": "Joinleg2",
          "rotation": [
            0,
            0,
            5
          ]
        },
        {
          "name": "Paul2",
          "pivot": [
            2.51136,
            3,
            1.29545
          ],
          "cubes": [
            {
              "origin": [
                0.0,
                0.0,
                2.0
              ],
              "size": [
                5.0,
                1.0,
                3.0
              ],
              "uv": [
                81,
                8
              ],
              "inflate": 0
            },
            {
              "origin": [
                0.0,
                0.0,
                -3.0
              ],
              "size": [
                5.0,
                1.0,
                3.0
              ],
              "uv": [
                42,
                10
              ],
              "inflate": 0
            },
            {
              "origin": [
                0.0,
                0.5,
                0.0
              ],
              "size": [
                5.0,
                1.0,
                2.0
              ],
              "uv": [
                70,
                31
              ],
              "inflate": 0
            },
            {
              "origin": [
                4.0,
                0.0,
                -5.0
              ],
              "size": [
                1.0,
                1.0,
                2.0
              ],
              "uv": [
                0,
                4
              ],
              "inflate": 0
            },
            {
              "origin": [
                3.0,
                0.0,
                -5.5
              ],
              "size": [
                1.0,
                1.0,
                3.0
              ],
              "uv": [
                17,
                60
              ],
              "inflate": 0
            },
            {
              "origin": [
                2.0,
                0.0,
                -5.75
              ],
              "size": [
                1.0,
                1.0,
                3.0
              ],
              "uv": [
                55,
                11
              ],
              "inflate": 0
            },
            {
              "origin": [
                1.0,
                0.0,
                -6.0
              ],
              "size": [
                1.0,
                1.0,
                3.0
              ],
              "uv": [
                54,
                34
              ],
              "inflate": 0
            },
            {
              "origin": [
                0.0,
                0.0,
                -5.75
              ],
              "size": [
                1.25,
                1.0,
                3.0
              ],
              "uv": [
                32,
                52
              ],
              "inflate": 0
            },
            {
              "origin": [
                0.0,
                1.0,
                -2.25
              ],
              "size": [
                5.0,
                1.0,
                7.0
              ],
              "uv": [
                61,
                64
              ],
              "inflate": 0
            },
            {
              "origin": [
                0.0,
                2.0,
                -1.25
              ],
              "size": [
                5.0,
                1.0,
                5.0
              ],
              "uv": [
                70,
                25
              ],
              "inflate": 0
            },
            {
              "origin": [
                0.0,
                0.5,
                -4.25
              ],
              "size": [
                5.0,
                1.0,
                2.0
              ],
              "uv": [
                40,
                64
              ],
              "inflate": 0
            }
          ],
          "parent": "Midleg2"
        },
        {
          "name": "Body",
          "pivot": [
            0,
            21,
            0
          ],
          "cubes": [
            {
              "origin": [
                -4.0,
                21.0,
                -1.0
              ],
              "size": [
                8.0,
                2.0,
                5.0
              ],
              "uv": [
                60,
                10
              ],
              "inflate": 0
            },
            {
              "origin": [
                -5.0,
                27.0,
                -1.0
              ],
              "size": [
                10.0,
                7.0,
                5.0
              ],
              "uv": [
                12,
                20
              ],
              "inflate": 0
            },
            {
              "origin": [
                2.0,
                23.0,
                -2.0
              ],
              "size": [
                7.0,
                13.0,
                7.0
              ],
              "uv": [
                0,
                108
              ],
              "inflate": 0
            },
            {
              "origin": [
                -8.0,
                23.0,
                -2.0
              ],
              "size": [
                3.0,
                1.0,
                7.0
              ],
              "uv": [
                70,
                0
              ],
              "inflate": 0
            },
            {
              "origin": [
                -8.0,
                23.0,
                -3.0
              ],
              "size": [
                3.0,
                6.0,
                1.0
              ],
              "pivot": [
                -6.5,
                23.0,
                -2.5
              ],
              "rotation": [
                28.49206,
                1.20894,
                -7.80879
              ],
              "uv": [
                85,
                84
              ],
              "inflate": 0
            },
            {
              "origin": [
                -12.0,
                29.0,
                -3.0
              ],
              "size": [
                7.0,
                2.0,
                1.0
              ],
              "pivot": [
                -6.5,
                23.0,
                -2.5
              ],
              "rotation": [
                28.49206,
                1.20894,
                -7.80879
              ],
              "uv": [
                73,
                72
              ],
              "inflate": 0
            },
            {
              "origin": [
                -12.71706,
                0.25228,
                -7.74104
              ],
              "size": [
                1.0,
                29.0,
                5.0
              ],
              "pivot": [
                -10.32458,
                27.41562,
                -6.33644
              ],
              "rotation": [
                3.61977,
                0.74311,
                -0.32216
              ],
              "uv": [
                0,
                20
              ],
              "inflate": 0
            },
            {
              "origin": [
                -4.5,
                33.25,
                -1.0
              ],
              "size": [
                9.0,
                1.0,
                5.0
              ],
              "uv": [
                59,
                42
              ],
              "inflate": 0
            },
            {
              "origin": [
                -4.0,
                33.75,
                -1.0
              ],
              "size": [
                8.0,
                1.0,
                5.0
              ],
              "uv": [
                63,
                48
              ],
              "inflate": 0
            },
            {
              "origin": [
                -4.5,
                23.0,
                -1.0
              ],
              "size": [
                9.0,
                4.0,
                5.0
              ],
              "uv": [
                42,
                25
              ],
              "inflate": 0
            }
          ],
          "parent": "Chandradev"
        },
        {
          "name": "Head",
          "pivot": [
            0,
            35,
            2
          ],
          "cubes": [
            {
              "origin": [
                -1.5,
                34.75,
                0.0
              ],
              "size": [
                3.0,
                2.0,
                3.0
              ],
              "uv": [
                35,
                0
              ],
              "inflate": 0
            },
            {
              "origin": [
                -3.0,
                36.0,
                -1.0
              ],
              "size": [
                6.0,
                6.0,
                5.0
              ],
              "uv": [
                0,
                60
              ],
              "inflate": 0
            },
            {
              "origin": [
                -3.0,
                42.0,
                -2.0
              ],
              "size": [
                6.0,
                2.0,
                6.0
              ],
              "uv": [
                22,
                64
              ],
              "inflate": 0
            },
            {
              "origin": [
                -3.0,
                44.0,
                0.0
              ],
              "size": [
                6.0,
                2.0,
                5.0
              ],
              "uv": [
                68,
                54
              ],
              "inflate": 0
            },
            {
              "origin": [
                -3.0,
                34.0,
                4.0
              ],
              "size": [
                6.0,
                10.0,
                1.0
              ],
              "uv": [
                58,
                78
              ],
              "inflate": 0
            },
            {
              "origin": [
                -3.5,
                44.0,
                -1.0
              ],
              "size": [
                7.0,
                2.0,
                1.0
              ],
              "uv": [
                78,
                68
              ],
              "inflate": 0
            },
            {
              "origin": [
                -3.5,
                44.0,
                -2.0
              ],
              "size": [
                7.0,
                7.0,
                0.0
              ],
              "uv": [
                78,
                61
              ],
              "inflate": 0
            },
            {
              "origin": [
                -2.5,
                46.0,
                -1.0
              ],
              "size": [
                5.0,
                2.0,
                1.0
              ],
              "uv": [
                27,
                40
              ],
              "inflate": 0
            },
            {
              "origin": [
                -1.5,
                48.0,
                -1.0
              ],
              "size": [
                3.0,
                2.0,
                1.0
              ],
              "uv": [
                60,
                17
              ],
              "inflate": 0
            },
            {
              "origin": [
                -4.0,
                42.0,
                -1.0
              ],
              "size": [
                1.0,
                2.0,
                5.0
              ],
              "uv": [
                83,
                0
              ],
              "inflate": 0
            },
            {
              "origin": [
                3.0,
                42.0,
                -1.0
              ],
              "size": [
                1.0,
                2.0,
                5.0
              ],
              "uv": [
                82,
                37
              ],
              "inflate": 0
            },
            {
              "origin": [
                -3.5,
                38.0,
                1.0
              ],
              "size": [
                1.0,
                2.0,
                1.0
              ],
              "uv": [
                42,
                25
              ],
              "inflate": 0
            },
            {
              "origin": [
                2.5,
                38.0,
                1.0
              ],
              "size": [
                1.0,
                2.0,
                1.0
              ],
              "uv": [
                12,
                40
              ],
              "inflate": 0
            },
            {
              "origin": [
                2.5,
                35.0,
                2.0
              ],
              "size": [
                2.0,
                7.0,
                2.0
              ],
              "uv": [
                85,
                75
              ],
              "inflate": 0
            },
            {
              "origin": [
                -4.5,
                35.0,
                2.0
              ],
              "size": [
                2.0,
                7.0,
                2.0
              ],
              "uv": [
                34,
                85
              ],
              "inflate": 0
            },
            {
              "origin": [
                -0.5,
                37.0,
                -1.75
              ],
              "size": [
                1.0,
                2.0,
                1.0
              ],
              "pivot": [
                0.5,
                37.0,
                -1.0
              ],
              "rotation": [
                -27.5,
                0.0,
                0.0
              ],
              "uv": [
                0,
                20
              ],
              "inflate": 0
            }
          ],
          "parent": "Body"
        },
        {
          "name": "Hand",
          "pivot": [
            5,
            34,
            1
          ],
          "cubes": [
            {
              "origin": [
                5.0,
                31.0,
                -1.0
              ],
              "size": [
                9.0,
                5.0,
                5.0
              ],
              "uv": [
                42,
                0
              ],
              "inflate": 0
            }
          ],
          "parent": "Body",
          "rotation": [
            24.82801,
            -7.57027,
            46.09675
          ]
        },
        {
          "name": "Handm",
          "pivot": [
            13.75,
            34,
            0
          ],
          "cubes": [
            {
              "origin": [
                11.75,
                31.5,
                -0.5
              ],
              "size": [
                9.0,
                4.0,
                4.0
              ],
              "uv": [
                59,
                34
              ],
              "inflate": 0
            }
          ],
          "parent": "Hand",
          "rotation": [
            3.17603,
            38.62085,
            -29.32794
          ]
        },
        {
          "name": "Handfingers",
          "pivot": [
            20.25,
            33.5,
            1.5
          ],
          "cubes": [
            {
              "origin": [
                19.75,
                31.5,
                -0.5
              ],
              "size": [
                2.0,
                4.0,
                4.0
              ],
              "uv": [
                42,
                81
              ],
              "inflate": 0
            },
            {
              "origin": [
                21.75,
                31.5,
                -0.5
              ],
              "size": [
                1.0,
                4.0,
                4.0
              ],
              "uv": [
                84,
                44
              ],
              "inflate": 0
            },
            {
              "origin": [
                24.25,
                34.5,
                2.5
              ],
              "size": [
                3.0,
                1.0,
                1.0
              ],
              "pivot": [
                24.75,
                35.0,
                3.0
              ],
              "rotation": [
                0.0,
                70.0,
                0.0
              ],
              "uv": [
                70,
                8
              ],
              "inflate": 0
            },
            {
              "origin": [
                24.25,
                33.5,
                2.5
              ],
              "size": [
                4.0,
                1.0,
                1.0
              ],
              "pivot": [
                24.25,
                34.0,
                3.0
              ],
              "rotation": [
                0.0,
                80.0,
                0.0
              ],
              "uv": [
                7,
                22
              ],
              "inflate": 0
            },
            {
              "origin": [
                24.75,
                32.5,
                2.5
              ],
              "size": [
                3.0,
                1.0,
                1.0
              ],
              "pivot": [
                24.25,
                33.0,
                3.0
              ],
              "rotation": [
                0.0,
                80.0,
                0.0
              ],
              "uv": [
                68,
                61
              ],
              "inflate": 0
            },
            {
              "origin": [
                24.75,
                31.5,
                2.5
              ],
              "size": [
                2.0,
                1.0,
                1.0
              ],
              "pivot": [
                24.75,
                32.0,
                3.0
              ],
              "rotation": [
                -180.0,
                80.0,
                180.0
              ],
              "uv": [
                32,
                45
              ],
              "inflate": 0
            },
            {
              "origin": [
                22.75,
                31.5,
                1.5
              ],
              "size": [
                2.0,
                4.0,
                2.0
              ],
              "uv": [
                10,
                87
              ],
              "inflate": 0
            },
            {
              "origin": [
                22.75,
                33.5,
                -0.5
              ],
              "size": [
                1.0,
                2.0,
                2.0
              ],
              "uv": [
                12,
                32
              ],
              "inflate": 0
            },
            {
              "origin": [
                23.75,
                34.5,
                -0.5
              ],
              "size": [
                2.0,
                1.0,
                1.0
              ],
              "uv": [
                38,
                35
              ],
              "inflate": 0
            }
          ],
          "parent": "Handm",
          "rotation": [
            0,
            20,
            0
          ]
        },
        {
          "name": "Hand2",
          "pivot": [
            -5,
            34,
            2
          ],
          "cubes": [
            {
              "origin": [
                -5.0,
                31.0,
                0.0
              ],
              "size": [
                9.0,
                5.0,
                5.0
              ],
              "uv": [
                37,
                15
              ],
              "inflate": 0
            }
          ],
          "parent": "Body",
          "rotation": [
            180,
            22.5,
            140
          ]
        },
        {
          "name": "Handm2",
          "pivot": [
            2.75,
            34,
            1
          ],
          "cubes": [
            {
              "origin": [
                1.75,
                31.5,
                0.5
              ],
              "size": [
                9.0,
                4.0,
                4.0
              ],
              "uv": [
                28,
                56
              ],
              "inflate": 0
            }
          ],
          "parent": "Hand2",
          "rotation": [
            -66.60124,
            -56.48877,
            13.81535
          ]
        },
        {
          "name": "Handfingers2",
          "pivot": [
            10.25,
            33.5,
            2.5
          ],
          "cubes": [
            {
              "origin": [
                9.75,
                31.5,
                0.5
              ],
              "size": [
                2.0,
                4.0,
                4.0
              ],
              "uv": [
                34,
                77
              ],
              "inflate": 0
            },
            {
              "origin": [
                11.75,
                31.5,
                0.5
              ],
              "size": [
                1.0,
                4.0,
                4.0
              ],
              "uv": [
                0,
                84
              ],
              "inflate": 0
            },
            {
              "origin": [
                14.25,
                33.5,
                3.5
              ],
              "size": [
                3.0,
                1.0,
                1.0
              ],
              "pivot": [
                14.75,
                35.0,
                4.0
              ],
              "rotation": [
                -180.0,
                75.0,
                180.0
              ],
              "uv": [
                59,
                48
              ],
              "inflate": 0
            },
            {
              "origin": [
                14.25,
                32.5,
                3.5
              ],
              "size": [
                4.0,
                1.0,
                1.0
              ],
              "pivot": [
                14.75,
                35.0,
                4.0
              ],
              "rotation": [
                -180.0,
                77.5,
                180.0
              ],
              "uv": [
                7,
                20
              ],
              "inflate": 0
            },
            {
              "origin": [
                14.75,
                31.5,
                3.5
              ],
              "size": [
                3.0,
                1.0,
                1.0
              ],
              "pivot": [
                14.75,
                35.0,
                4.0
              ],
              "rotation": [
                -180.0,
                70.0,
                180.0
              ],
              "uv": [
                27,
                43
              ],
              "inflate": 0
            },
            {
              "origin": [
                14.75,
                34.5,
                3.5
              ],
              "size": [
                2.0,
                1.0,
                1.0
              ],
              "pivot": [
                14.75,
                35.0,
                4.0
              ],
              "rotation": [
                -180.0,
                75.0,
                180.0
              ],
              "uv": [
                12,
                36
              ],
              "inflate": 0
            },
            {
              "origin": [
                12.75,
                31.5,
                2.5
              ],
              "size": [
                2.0,
                4.0,
                2.0
              ],
              "uv": [
                0,
                54
              ],
              "inflate": 0
            },
            {
              "origin": [
                12.75,
                31.5,
                0.5
              ],
              "size": [
                1.0,
                2.0,
                2.0
              ],
              "uv": [
                0,
                0
              ],
              "inflate": 0
            },
            {
              "origin": [
                13.75,
                31.5,
                0.5
              ],
              "size": [
                2.0,
                1.0,
                1.0
              ],
              "pivot": [
                13.75,
                32.0,
                1.0
              ],
              "rotation": [
                0.0,
                -67.5,
                0.0
              ],
              "uv": [
                35,
                5
              ],
              "inflate": 0
            }
          ],
          "parent": "Handm2",
          "rotation": [
            180,
            -75,
            0
          ]
        }
      ]
    }
  ]
}