{
  "format_version": "1.12.0",
  "minecraft:geometry": [
    {
      "description": {
        "identifier": "geometry.ms_csmp",
        "texture_width": 128,
        "texture_height": 128,
        "visible_bounds_width": 5,
        "visible_bounds_height": 5,
        "visible_bounds_offset": [
          0,
          1.5,
          0
        ]
      },
      "bones": [
        {
          "name": "Manbody"
        },
        {
          "name": "Body",
          "pivot": [
            0,
            21,
            0
          ],
          "cubes": [
            {
              "origin": [
                -4.0,
                21.0,
                -1.0
              ],
              "size": [
                8.0,
                2.0,
                5.0
              ],
              "uv": [
                57,
                76
              ],
              "inflate": 0
            },
            {
              "origin": [
                -5.0,
                27.0,
                -1.0
              ],
              "size": [
                10.0,
                7.0,
                5.0
              ],
              "uv": [
                0,
                51
              ],
              "inflate": 0
            },
            {
              "origin": [
                -5.0,
                30.0,
                -2.0
              ],
              "size": [
                3.0,
                5.0,
                1.0
              ],
              "uv": [
                93,
                75
              ],
              "inflate": 0
            },
            {
              "origin": [
                -5.0,
                35.0,
                -1.0
              ],
              "size": [
                3.0,
                0.0,
                5.0
              ],
              "uv": [
                12,
                0
              ],
              "inflate": 0
            },
            {
              "origin": [
                -5.0,
                21.0,
                4.0
              ],
              "size": [
                3.0,
                14.0,
                1.0
              ],
              "pivot": [
                -3.5,
                35.0,
                4.5
              ],
              "rotation": [
                0.0,
                0.0,
                12.5
              ],
              "uv": [
                0,
                89
              ],
              "inflate": 0
            },
            {
              "origin": [
                -7.73983,
                21.77876,
                -1.08877
              ],
              "size": [
                3.0,
                1.0,
                1.0
              ],
              "pivot": [
                -6.78724,
                22.70138,
                -1.18246
              ],
              "rotation": [
                -13.4936,
                -21.93857,
                17.623
              ],
              "uv": [
                74,
                93
              ],
              "inflate": 0
            },
            {
              "origin": [
                -14.17514,
                22.37237,
                -1.66495
              ],
              "size": [
                7.0,
                1.0,
                1.0
              ],
              "pivot": [
                -8.40704,
                24.29498,
                -1.99873
              ],
              "rotation": [
                -7.73993,
                -14.4019,
                2.8005
              ],
              "uv": [
                35,
                65
              ],
              "inflate": 0
            },
            {
              "origin": [
                -14.09547,
                6.60482,
                -3.21304
              ],
              "size": [
                1.0,
                16.0,
                2.0
              ],
              "pivot": [
                -13.97405,
                23.53556,
                -3.19283
              ],
              "rotation": [
                2.26007,
                -14.4019,
                2.8005
              ],
              "uv": [
                42,
                87
              ],
              "inflate": 0
            },
            {
              "origin": [
                -5.69673,
                21.36177,
                1.0
              ],
              "size": [
                3.0,
                1.0,
                1.0
              ],
              "pivot": [
                -5.5,
                32.0,
                1.5
              ],
              "rotation": [
                -7.5,
                0.0,
                12.5
              ],
              "uv": [
                74,
                91
              ],
              "inflate": 0
            },
            {
              "origin": [
                -5.69673,
                21.36177,
                1.0
              ],
              "size": [
                3.0,
                1.0,
                1.0
              ],
              "pivot": [
                -5.5,
                32.0,
                1.5
              ],
              "rotation": [
                -2.5,
                0.0,
                12.5
              ],
              "uv": [
                91,
                37
              ],
              "inflate": 0
            },
            {
              "origin": [
                -5.69673,
                21.36177,
                1.0
              ],
              "size": [
                3.0,
                1.0,
                1.0
              ],
              "pivot": [
                -5.5,
                32.0,
                1.5
              ],
              "rotation": [
                2.5,
                0.0,
                12.5
              ],
              "uv": [
                32,
                79
              ],
              "inflate": 0
            },
            {
              "origin": [
                -5.69673,
                21.36177,
                1.0
              ],
              "size": [
                3.0,
                1.0,
                1.0
              ],
              "pivot": [
                -5.5,
                32.0,
                1.5
              ],
              "rotation": [
                7.5,
                0.0,
                12.5
              ],
              "uv": [
                35,
                67
              ],
              "inflate": 0
            },
            {
              "origin": [
                -5.69673,
                21.36177,
                1.0
              ],
              "size": [
                3.0,
                1.0,
                1.0
              ],
              "pivot": [
                -5.5,
                32.0,
                1.5
              ],
              "rotation": [
                12.5,
                0.0,
                12.5
              ],
              "uv": [
                52,
                51
              ],
              "inflate": 0
            },
            {
              "origin": [
                -4.0,
                27.0,
                -2.0
              ],
              "size": [
                3.0,
                3.0,
                1.0
              ],
              "uv": [
                76,
                62
              ],
              "inflate": 0
            },
            {
              "origin": [
                -3.0,
                24.0,
                -2.0
              ],
              "size": [
                3.0,
                3.0,
                1.0
              ],
              "uv": [
                62,
                68
              ],
              "inflate": 0
            },
            {
              "origin": [
                -2.0,
                13.0,
                -2.0
              ],
              "size": [
                3.0,
                5.0,
                1.0
              ],
              "pivot": [
                -0.5,
                23.5,
                -1.5
              ],
              "rotation": [
                -31.83806,
                -64.75128,
                -65.61208
              ],
              "uv": [
                93,
                9
              ],
              "inflate": 0
            },
            {
              "origin": [
                -2.0,
                18.0,
                -2.0
              ],
              "size": [
                3.0,
                7.0,
                1.0
              ],
              "pivot": [
                -0.5,
                23.5,
                -1.5
              ],
              "rotation": [
                -21.83806,
                -64.75128,
                -65.61208
              ],
              "uv": [
                60,
                93
              ],
              "inflate": 0
            },
            {
              "origin": [
                8.5584,
                23.62356,
                -4.53684
              ],
              "size": [
                3.0,
                1.0,
                23.0
              ],
              "pivot": [
                9.97317,
                24.32737,
                -3.98906
              ],
              "rotation": [
                -71.8825,
                -76.30514,
                -23.54329
              ],
              "uv": [
                0,
                0
              ],
              "inflate": 0
            },
            {
              "origin": [
                -4.5,
                33.25,
                -1.0
              ],
              "size": [
                9.0,
                1.0,
                5.0
              ],
              "uv": [
                58,
                35
              ],
              "inflate": 0
            },
            {
              "origin": [
                -4.0,
                33.75,
                -1.0
              ],
              "size": [
                8.0,
                1.0,
                5.0
              ],
              "uv": [
                73,
                0
              ],
              "inflate": 0
            },
            {
              "origin": [
                -4.5,
                23.0,
                -1.0
              ],
              "size": [
                9.0,
                4.0,
                5.0
              ],
              "uv": [
                30,
                56
              ],
              "inflate": 0
            },
            {
              "origin": [
                -5.5,
                24.0,
                4.0
              ],
              "size": [
                11.0,
                11.0,
                1.0
              ],
              "uv": [
                58,
                23
              ],
              "inflate": 0
            },
            {
              "origin": [
                -4.5,
                25.0,
                5.0
              ],
              "size": [
                9.0,
                9.0,
                1.0
              ],
              "uv": [
                81,
                41
              ],
              "inflate": 0
            }
          ],
          "parent": "Manbody"
        },
        {
          "name": "Head",
          "pivot": [
            0,
            35,
            2
          ],
          "cubes": [
            {
              "origin": [
                -1.5,
                34.75,
                0.0
              ],
              "size": [
                3.0,
                2.0,
                3.0
              ],
              "uv": [
                46,
                0
              ],
              "inflate": 0
            },
            {
              "origin": [
                -3.0,
                36.0,
                -1.0
              ],
              "size": [
                6.0,
                6.0,
                5.0
              ],
              "uv": [
                35,
                76
              ],
              "inflate": 0
            },
            {
              "origin": [
                -3.5,
                41.0,
                -1.25
              ],
              "size": [
                7.0,
                2.0,
                6.0
              ],
              "uv": [
                73,
                9
              ],
              "inflate": 0
            },
            {
              "origin": [
                -3.0,
                43.0,
                -0.75
              ],
              "size": [
                6.0,
                3.0,
                5.0
              ],
              "pivot": [
                0.0,
                43.0,
                -1.25
              ],
              "rotation": [
                -17.5,
                0.0,
                0.0
              ],
              "uv": [
                0,
                15
              ],
              "inflate": 0
            },
            {
              "origin": [
                -2.5,
                45.78029,
                0.32252
              ],
              "size": [
                5.0,
                3.0,
                4.0
              ],
              "pivot": [
                0.0,
                44.75,
                -0.25
              ],
              "rotation": [
                -37.5,
                0.0,
                0.0
              ],
              "uv": [
                72,
                84
              ],
              "inflate": 0
            },
            {
              "origin": [
                -2.0,
                48.01221,
                2.33111
              ],
              "size": [
                4.0,
                3.0,
                3.0
              ],
              "pivot": [
                0.0,
                46.58804,
                1.63564
              ],
              "rotation": [
                -62.5,
                0.0,
                0.0
              ],
              "uv": [
                91,
                31
              ],
              "inflate": 0
            },
            {
              "origin": [
                -0.75,
                48.58452,
                5.36751
              ],
              "size": [
                2.0,
                3.0,
                2.0
              ],
              "pivot": [
                0.25,
                47.87611,
                5.1542
              ],
              "rotation": [
                -92.5,
                0.0,
                0.0
              ],
              "uv": [
                67,
                83
              ],
              "inflate": 0
            },
            {
              "origin": [
                0.25,
                50.58452,
                7.36751
              ],
              "size": [
                1.0,
                1.0,
                6.0
              ],
              "pivot": [
                0.25,
                47.87611,
                5.1542
              ],
              "rotation": [
                -92.5,
                0.0,
                0.0
              ],
              "uv": [
                27,
                24
              ],
              "inflate": 0
            },
            {
              "origin": [
                -0.75,
                45.72505,
                7.5852
              ],
              "size": [
                1.0,
                1.0,
                8.0
              ],
              "pivot": [
                -0.25,
                45.55057,
                7.589
              ],
              "rotation": [
                -90.0,
                0.0,
                0.0
              ],
              "uv": [
                81,
                31
              ],
              "inflate": 0
            },
            {
              "origin": [
                -1.0,
                37.0,
                -1.5
              ],
              "size": [
                2.0,
                1.0,
                1.0
              ],
              "uv": [
                46,
                87
              ],
              "inflate": 0
            },
            {
              "origin": [
                -3.0,
                34.0,
                -2.5
              ],
              "size": [
                6.0,
                2.0,
                2.0
              ],
              "uv": [
                56,
                89
              ],
              "inflate": 0
            },
            {
              "origin": [
                -4.0,
                37.0,
                -0.5
              ],
              "size": [
                1.0,
                4.0,
                1.0
              ],
              "uv": [
                0,
                15
              ],
              "inflate": 0
            },
            {
              "origin": [
                -4.0,
                31.0,
                2.5
              ],
              "size": [
                8.0,
                10.0,
                2.0
              ],
              "uv": [
                0,
                77
              ],
              "inflate": 0
            },
            {
              "origin": [
                -4.0,
                40.0,
                0.5
              ],
              "size": [
                8.0,
                1.0,
                2.0
              ],
              "uv": [
                0,
                47
              ],
              "inflate": 0
            },
            {
              "origin": [
                3.0,
                37.0,
                -0.5
              ],
              "size": [
                1.0,
                4.0,
                1.0
              ],
              "uv": [
                0,
                0
              ],
              "inflate": 0
            },
            {
              "origin": [
                3.0,
                35.0,
                -1.5
              ],
              "size": [
                1.0,
                2.0,
                2.0
              ],
              "uv": [
                51,
                23
              ],
              "inflate": 0
            },
            {
              "origin": [
                -4.0,
                35.0,
                -1.5
              ],
              "size": [
                1.0,
                2.0,
                2.0
              ],
              "uv": [
                35,
                24
              ],
              "inflate": 0
            },
            {
              "origin": [
                -2.5,
                33.0,
                -3.5
              ],
              "size": [
                5.0,
                2.0,
                2.0
              ],
              "uv": [
                20,
                79
              ],
              "inflate": 0
            },
            {
              "origin": [
                -2.0,
                32.0,
                -4.5
              ],
              "size": [
                4.0,
                2.0,
                2.0
              ],
              "uv": [
                73,
                17
              ],
              "inflate": 0
            },
            {
              "origin": [
                -2.0,
                36.0,
                -1.5
              ],
              "size": [
                1.0,
                2.0,
                1.0
              ],
              "uv": [
                30,
                56
              ],
              "inflate": 0
            },
            {
              "origin": [
                1.0,
                36.0,
                -1.5
              ],
              "size": [
                1.0,
                2.0,
                1.0
              ],
              "uv": [
                55,
                0
              ],
              "inflate": 0
            },
            {
              "origin": [
                -3.5,
                38.0,
                1.0
              ],
              "size": [
                1.0,
                2.0,
                1.0
              ],
              "uv": [
                0,
                53
              ],
              "inflate": 0
            },
            {
              "origin": [
                2.5,
                38.0,
                1.0
              ],
              "size": [
                1.0,
                2.0,
                1.0
              ],
              "uv": [
                0,
                50
              ],
              "inflate": 0
            },
            {
              "origin": [
                -0.5,
                37.0,
                -2.0
              ],
              "size": [
                1.0,
                2.0,
                1.0
              ],
              "pivot": [
                0.5,
                37.0,
                -1.0
              ],
              "rotation": [
                -35.0,
                0.0,
                0.0
              ],
              "uv": [
                30,
                47
              ],
              "inflate": 0
            }
          ],
          "parent": "Body",
          "rotation": [
            -8.45307,
            -34.88043,
            1.97354
          ]
        },
        {
          "name": "Hand",
          "pivot": [
            5,
            34,
            1
          ],
          "cubes": [
            {
              "origin": [
                5.0,
                31.0,
                -1.0
              ],
              "size": [
                9.0,
                5.0,
                5.0
              ],
              "uv": [
                55,
                51
              ],
              "inflate": 0
            }
          ],
          "parent": "Body",
          "rotation": [
            100.66826,
            -2.3506,
            71.95983
          ]
        },
        {
          "name": "Handm",
          "pivot": [
            13.75,
            34,
            0
          ],
          "cubes": [
            {
              "origin": [
                11.75,
                31.5,
                -0.5
              ],
              "size": [
                9.0,
                4.0,
                4.0
              ],
              "uv": [
                66,
                68
              ],
              "inflate": 0
            }
          ],
          "parent": "Hand",
          "rotation": [
            -5.82801,
            3.98997,
            -57.47806
          ]
        },
        {
          "name": "Handfingers",
          "pivot": [
            20.25,
            33.5,
            1.5
          ],
          "cubes": [
            {
              "origin": [
                19.75,
                31.5,
                -0.5
              ],
              "size": [
                2.0,
                4.0,
                4.0
              ],
              "uv": [
                48,
                89
              ],
              "inflate": 0
            },
            {
              "origin": [
                21.75,
                31.5,
                -0.5
              ],
              "size": [
                1.0,
                4.0,
                4.0
              ],
              "uv": [
                78,
                91
              ],
              "inflate": 0
            },
            {
              "origin": [
                24.25,
                34.5,
                2.5
              ],
              "size": [
                3.0,
                1.0,
                1.0
              ],
              "pivot": [
                24.75,
                35.0,
                3.0
              ],
              "rotation": [
                0.0,
                87.5,
                0.0
              ],
              "uv": [
                94,
                17
              ],
              "inflate": 0
            },
            {
              "origin": [
                24.75,
                33.5,
                2.5
              ],
              "size": [
                4.0,
                1.0,
                1.0
              ],
              "pivot": [
                25.25,
                34.0,
                3.0
              ],
              "rotation": [
                -180.0,
                77.5,
                180.0
              ],
              "uv": [
                52,
                79
              ],
              "inflate": 0
            },
            {
              "origin": [
                24.75,
                32.5,
                2.5
              ],
              "size": [
                3.0,
                1.0,
                1.0
              ],
              "pivot": [
                25.25,
                33.0,
                3.0
              ],
              "rotation": [
                -180.0,
                67.5,
                180.0
              ],
              "uv": [
                94,
                2
              ],
              "inflate": 0
            },
            {
              "origin": [
                24.75,
                31.5,
                2.5
              ],
              "size": [
                2.0,
                1.0,
                1.0
              ],
              "pivot": [
                24.75,
                32.0,
                3.0
              ],
              "rotation": [
                -180.0,
                62.5,
                180.0
              ],
              "uv": [
                82,
                31
              ],
              "inflate": 0
            },
            {
              "origin": [
                22.75,
                31.5,
                1.5
              ],
              "size": [
                2.0,
                4.0,
                2.0
              ],
              "uv": [
                93,
                54
              ],
              "inflate": 0
            },
            {
              "origin": [
                22.75,
                33.5,
                -0.5
              ],
              "size": [
                1.0,
                2.0,
                2.0
              ],
              "uv": [
                27,
                24
              ],
              "inflate": 0
            },
            {
              "origin": [
                22.75,
                30.5,
                1.5
              ],
              "size": [
                1.0,
                6.0,
                1.0
              ],
              "uv": [
                29,
                0
              ],
              "inflate": 0
            },
            {
              "origin": [
                25.75,
                30.5,
                1.5
              ],
              "size": [
                1.0,
                6.0,
                1.0
              ],
              "uv": [
                0,
                24
              ],
              "inflate": 0
            },
            {
              "origin": [
                23.75,
                35.5,
                1.5
              ],
              "size": [
                2.0,
                1.0,
                1.0
              ],
              "uv": [
                46,
                5
              ],
              "inflate": 0
            },
            {
              "origin": [
                23.75,
                30.5,
                1.5
              ],
              "size": [
                2.0,
                1.0,
                1.0
              ],
              "uv": [
                35,
                28
              ],
              "inflate": 0
            },
            {
              "origin": [
                22.75,
                12.5,
                2.0
              ],
              "size": [
                3.0,
                18.0,
                0.0
              ],
              "uv": [
                36,
                87
              ],
              "inflate": 0
            },
            {
              "origin": [
                22.75,
                36.5,
                1.5
              ],
              "size": [
                3.0,
                1.0,
                1.0
              ],
              "uv": [
                25,
                51
              ],
              "inflate": 0
            },
            {
              "origin": [
                22.75,
                37.5,
                1.5
              ],
              "size": [
                2.0,
                1.0,
                1.0
              ],
              "uv": [
                27,
                28
              ],
              "inflate": 0
            },
            {
              "origin": [
                23.75,
                34.5,
                -0.5
              ],
              "size": [
                2.0,
                1.0,
                1.0
              ],
              "pivot": [
                23.75,
                35.0,
                0.0
              ],
              "rotation": [
                0.0,
                -75.0,
                0.0
              ],
              "uv": [
                23,
                63
              ],
              "inflate": 0
            }
          ],
          "parent": "Handm",
          "rotation": [
            12.98389,
            25.66347,
            -0.79717
          ]
        },
        {
          "name": "Hand2",
          "pivot": [
            -5,
            34,
            2
          ],
          "cubes": [
            {
              "origin": [
                -5.0,
                31.0,
                0.0
              ],
              "size": [
                9.0,
                5.0,
                5.0
              ],
              "uv": [
                53,
                41
              ],
              "inflate": 0
            }
          ],
          "parent": "Body",
          "rotation": [
            -176.41985,
            -6.38263,
            117.52308
          ]
        },
        {
          "name": "Handm2",
          "pivot": [
            2.75,
            34,
            1
          ],
          "cubes": [
            {
              "origin": [
                1.75,
                31.5,
                0.5
              ],
              "size": [
                9.0,
                4.0,
                4.0
              ],
              "uv": [
                40,
                68
              ],
              "inflate": 0
            }
          ],
          "parent": "Hand2",
          "rotation": [
            0,
            -25,
            5
          ]
        },
        {
          "name": "Handfingers2",
          "pivot": [
            10.25,
            33.5,
            2.5
          ],
          "cubes": [
            {
              "origin": [
                9.75,
                31.5,
                0.5
              ],
              "size": [
                2.0,
                4.0,
                4.0
              ],
              "uv": [
                8,
                89
              ],
              "inflate": 0
            },
            {
              "origin": [
                11.75,
                31.5,
                0.5
              ],
              "size": [
                1.0,
                4.0,
                4.0
              ],
              "uv": [
                68,
                91
              ],
              "inflate": 0
            },
            {
              "origin": [
                14.25,
                33.5,
                3.5
              ],
              "size": [
                3.0,
                1.0,
                1.0
              ],
              "pivot": [
                14.75,
                35.0,
                4.0
              ],
              "rotation": [
                -180.0,
                75.0,
                180.0
              ],
              "uv": [
                94,
                0
              ],
              "inflate": 0
            },
            {
              "origin": [
                14.25,
                32.5,
                3.5
              ],
              "size": [
                4.0,
                1.0,
                1.0
              ],
              "pivot": [
                14.75,
                35.0,
                4.0
              ],
              "rotation": [
                -180.0,
                77.5,
                180.0
              ],
              "uv": [
                15,
                66
              ],
              "inflate": 0
            },
            {
              "origin": [
                14.75,
                31.5,
                3.5
              ],
              "size": [
                3.0,
                1.0,
                1.0
              ],
              "pivot": [
                14.75,
                35.0,
                4.0
              ],
              "rotation": [
                -180.0,
                70.0,
                180.0
              ],
              "uv": [
                93,
                81
              ],
              "inflate": 0
            },
            {
              "origin": [
                14.75,
                34.5,
                3.5
              ],
              "size": [
                2.0,
                1.0,
                1.0
              ],
              "pivot": [
                14.75,
                35.0,
                4.0
              ],
              "rotation": [
                -180.0,
                75.0,
                180.0
              ],
              "uv": [
                51,
                29
              ],
              "inflate": 0
            },
            {
              "origin": [
                12.75,
                31.5,
                2.5
              ],
              "size": [
                2.0,
                4.0,
                2.0
              ],
              "uv": [
                81,
                33
              ],
              "inflate": 0
            },
            {
              "origin": [
                12.75,
                31.5,
                0.5
              ],
              "size": [
                1.0,
                2.0,
                2.0
              ],
              "uv": [
                17,
                15
              ],
              "inflate": 0
            },
            {
              "origin": [
                13.75,
                31.5,
                0.5
              ],
              "size": [
                2.0,
                1.0,
                1.0
              ],
              "pivot": [
                13.75,
                32.0,
                1.0
              ],
              "rotation": [
                0.0,
                -67.5,
                0.0
              ],
              "uv": [
                51,
                27
              ],
              "inflate": 0
            }
          ],
          "parent": "Handm2",
          "rotation": [
            87.71711,
            -32.43135,
            3.8176
          ]
        },
        {
          "name": "Leg3",
          "cubes": [
            {
              "origin": [
                -5.0,
                6.0,
                -2.0
              ],
              "size": [
                10.0,
                16.0,
                7.0
              ],
              "uv": [
                0,
                24
              ],
              "inflate": 0
            },
            {
              "origin": [
                -5.0,
                22.0,
                -2.0
              ],
              "size": [
                10.0,
                1.0,
                7.0
              ],
              "uv": [
                46,
                15
              ],
              "inflate": 0
            },
            {
              "origin": [
                0.0,
                7.0,
                -2.0
              ],
              "size": [
                5.0,
                15.0,
                7.0
              ],
              "pivot": [
                5.0,
                22.0,
                1.5
              ],
              "rotation": [
                0.0,
                0.0,
                -10.0
              ],
              "uv": [
                34,
                24
              ],
              "inflate": 0
            },
            {
              "origin": [
                -5.0,
                7.0,
                -2.0
              ],
              "size": [
                5.0,
                15.0,
                7.0
              ],
              "pivot": [
                -5.0,
                22.0,
                1.5
              ],
              "rotation": [
                0.0,
                0.0,
                17.5
              ],
              "uv": [
                29,
                0
              ],
              "inflate": 0
            }
          ],
          "parent": "Manbody"
        },
        {
          "name": "Leg",
          "pivot": [
            -3,
            21,
            2
          ],
          "parent": "Leg3",
          "rotation": [
            0,
            15,
            0
          ]
        },
        {
          "name": "Joinleg",
          "pivot": [
            -2.5,
            21,
            1.5
          ],
          "cubes": [
            {
              "origin": [
                -5.0,
                12.0,
                -1.0
              ],
              "size": [
                5.0,
                9.0,
                5.0
              ],
              "uv": [
                20,
                65
              ],
              "inflate": 0
            }
          ],
          "parent": "Leg",
          "rotation": [
            0,
            0,
            5
          ]
        },
        {
          "name": "Midleg",
          "pivot": [
            -2.5,
            12,
            1.25
          ],
          "cubes": [
            {
              "origin": [
                -4.5,
                3.0,
                -0.75
              ],
              "size": [
                4.0,
                9.0,
                4.0
              ],
              "uv": [
                20,
                83
              ],
              "inflate": 0
            }
          ],
          "parent": "Joinleg",
          "rotation": [
            0,
            0,
            -5
          ]
        },
        {
          "name": "Paul",
          "pivot": [
            -2.48864,
            3,
            1.29545
          ],
          "cubes": [
            {
              "origin": [
                -5.0,
                0.0,
                2.0
              ],
              "size": [
                5.0,
                1.0,
                3.0
              ],
              "uv": [
                87,
                88
              ],
              "inflate": 0
            },
            {
              "origin": [
                -5.0,
                0.0,
                -3.0
              ],
              "size": [
                5.0,
                1.0,
                3.0
              ],
              "uv": [
                88,
                68
              ],
              "inflate": 0
            },
            {
              "origin": [
                -5.0,
                0.5,
                0.0
              ],
              "size": [
                5.0,
                1.0,
                2.0
              ],
              "uv": [
                93,
                6
              ],
              "inflate": 0
            },
            {
              "origin": [
                -5.0,
                0.0,
                -5.0
              ],
              "size": [
                5.0,
                1.0,
                2.0
              ],
              "uv": [
                84,
                92
              ],
              "inflate": 0
            },
            {
              "origin": [
                -4.0,
                0.0,
                -7.0
              ],
              "size": [
                3.0,
                1.0,
                2.0
              ],
              "uv": [
                52,
                76
              ],
              "inflate": 0
            },
            {
              "origin": [
                -3.0,
                1.0,
                -7.0
              ],
              "size": [
                1.0,
                1.0,
                1.0
              ],
              "uv": [
                58,
                37
              ],
              "inflate": 0
            },
            {
              "origin": [
                -5.0,
                1.0,
                -2.25
              ],
              "size": [
                5.0,
                1.0,
                7.0
              ],
              "uv": [
                76,
                76
              ],
              "inflate": 0
            },
            {
              "origin": [
                -5.0,
                2.0,
                -1.25
              ],
              "size": [
                5.0,
                1.0,
                5.0
              ],
              "uv": [
                52,
                83
              ],
              "inflate": 0
            },
            {
              "origin": [
                -5.0,
                0.5,
                -4.25
              ],
              "size": [
                5.0,
                1.0,
                2.0
              ],
              "uv": [
                92,
                72
              ],
              "inflate": 0
            }
          ],
          "parent": "Midleg"
        },
        {
          "name": "Leg2",
          "pivot": [
            2,
            21,
            2
          ],
          "parent": "Leg3",
          "rotation": [
            0,
            -15,
            0
          ]
        },
        {
          "name": "Joinleg2",
          "pivot": [
            2.5,
            21,
            1.5
          ],
          "cubes": [
            {
              "origin": [
                0.0,
                12.0,
                -1.0
              ],
              "size": [
                5.0,
                9.0,
                5.0
              ],
              "uv": [
                0,
                63
              ],
              "inflate": 0
            },
            {
              "origin": [
                -1.0,
                12.0,
                -2.0
              ],
              "size": [
                7.0,
                9.0,
                6.0
              ],
              "uv": [
                53,
                0
              ],
              "inflate": 0
            }
          ],
          "parent": "Leg2",
          "rotation": [
            -35,
            0,
            -5
          ]
        },
        {
          "name": "Midleg2",
          "pivot": [
            2.5,
            12,
            1.25
          ],
          "cubes": [
            {
              "origin": [
                0.5,
                3.0,
                -0.75
              ],
              "size": [
                4.0,
                10.0,
                4.0
              ],
              "uv": [
                82,
                17
              ],
              "inflate": 0
            },
            {
              "origin": [
                -0.5,
                4.0,
                -1.75
              ],
              "size": [
                6.0,
                10.0,
                5.0
              ],
              "pivot": [
                2.5,
                5.0,
                0.75
              ],
              "rotation": [
                0.0,
                0.0,
                -2.5
              ],
              "uv": [
                0,
                0
              ],
              "inflate": 0
            }
          ],
          "parent": "Joinleg2",
          "rotation": [
            42.5,
            0,
            5
          ]
        },
        {
          "name": "Paul2",
          "pivot": [
            2.51136,
            3,
            1.29545
          ],
          "cubes": [
            {
              "origin": [
                0.0,
                0.0,
                2.0
              ],
              "size": [
                5.0,
                1.0,
                3.0
              ],
              "uv": [
                86,
                84
              ],
              "inflate": 0
            },
            {
              "origin": [
                0.0,
                0.0,
                -3.0
              ],
              "size": [
                5.0,
                1.0,
                3.0
              ],
              "uv": [
                17,
                47
              ],
              "inflate": 0
            },
            {
              "origin": [
                0.0,
                0.5,
                0.0
              ],
              "size": [
                5.0,
                1.0,
                2.0
              ],
              "uv": [
                92,
                51
              ],
              "inflate": 0
            },
            {
              "origin": [
                0.0,
                0.0,
                -5.0
              ],
              "size": [
                5.0,
                1.0,
                2.0
              ],
              "uv": [
                79,
                6
              ],
              "inflate": 0
            },
            {
              "origin": [
                1.0,
                0.0,
                -7.0
              ],
              "size": [
                3.0,
                1.0,
                2.0
              ],
              "uv": [
                15,
                63
              ],
              "inflate": 0
            },
            {
              "origin": [
                2.0,
                1.0,
                -7.0
              ],
              "size": [
                1.0,
                1.0,
                1.0
              ],
              "uv": [
                58,
                35
              ],
              "inflate": 0
            },
            {
              "origin": [
                0.0,
                1.0,
                -2.25
              ],
              "size": [
                5.0,
                1.0,
                7.0
              ],
              "uv": [
                76,
                54
              ],
              "inflate": 0
            },
            {
              "origin": [
                0.0,
                2.0,
                -1.25
              ],
              "size": [
                5.0,
                1.0,
                5.0
              ],
              "uv": [
                81,
                62
              ],
              "inflate": 0
            },
            {
              "origin": [
                0.0,
                0.5,
                -4.25
              ],
              "size": [
                5.0,
                1.0,
                2.0
              ],
              "uv": [
                78,
                51
              ],
              "inflate": 0
            }
          ],
          "parent": "Midleg2"
        },
        {
          "name": "Base",
          "cubes": [
            {
              "origin": [
                1.0,
                0.0,
                -5.0
              ],
              "size": [
                9.0,
                2.0,
                8.0
              ],
              "uv": [
                26,
                46
              ],
              "inflate": 0
            },
            {
              "origin": [
                1.0,
                -0.75,
                -10.0
              ],
              "size": [
                9.0,
                2.0,
                5.0
              ],
              "uv": [
                53,
                61
              ],
              "inflate": 0
            }
          ],
          "parent": "Manbody"
        }
      ]
    }
  ]
}