{
  "format_version": "1.12.0",
  "minecraft:geometry": [
    {
      "description": {
        "identifier": "geometry.ms_dip_sthambh",
        "texture_width": 64,
        "texture_height": 64,
        "visible_bounds_width": 3,
        "visible_bounds_height": 3.5,
        "visible_bounds_offset": [
          0,
          1.25,
          0
        ]
      },
      "bones": [
        {
          "name": "bb_main",
          "cubes": [
            {
              "origin": [
                -8.0,
                0.0,
                -8.0
              ],
              "size": [
                16.0,
                1.0,
                16.0
              ],
              "uv": [
                0,
                0
              ],
              "inflate": 0
            }
          ]
        },
        {
          "name": "Pantinhouse",
          "cubes": [
            {
              "origin": [
                -1.0,
                1.0,
                -1.0
              ],
              "size": [
                2.0,
                3.0,
                2.0
              ],
              "uv": [
                8,
                10
              ],
              "inflate": 0
            },
            {
              "origin": [
                -1.0,
                6.0,
                -9.0
              ],
              "size": [
                2.0,
                2.0,
                0.0
              ],
              "rotation": [
                0.0,
                90.0,
                0.0
              ],
              "uv": [
                14,
                26
              ],
              "inflate": 0
            },
            {
              "origin": [
                -1.0,
                6.0,
                9.0
              ],
              "size": [
                2.0,
                2.0,
                0.0
              ],
              "rotation": [
                0.0,
                90.0,
                0.0
              ],
              "uv": [
                28,
                17
              ],
              "inflate": 0
            },
            {
              "origin": [
                -1.0,
                5.0,
                -10.0
              ],
              "size": [
                2.0,
                1.0,
                2.0
              ],
              "rotation": [
                0.0,
                90.0,
                0.0
              ],
              "uv": [
                8,
                26
              ],
              "inflate": 0
            },
            {
              "origin": [
                -1.0,
                5.0,
                8.0
              ],
              "size": [
                2.0,
                1.0,
                2.0
              ],
              "rotation": [
                0.0,
                90.0,
                0.0
              ],
              "uv": [
                22,
                26
              ],
              "inflate": 0
            },
            {
              "origin": [
                -1.0,
                4.0,
                -9.0
              ],
              "size": [
                2.0,
                1.0,
                18.0
              ],
              "rotation": [
                0.0,
                90.0,
                0.0
              ],
              "uv": [
                0,
                17
              ],
              "inflate": 0
            }
          ]
        },
        {
          "name": "Pantinhouse2",
          "pivot": [
            0,
            4,
            0
          ],
          "cubes": [
            {
              "origin": [
                -1.0,
                5.0,
                -1.0
              ],
              "size": [
                2.0,
                3.0,
                2.0
              ],
              "uv": [
                0,
                10
              ],
              "inflate": 0
            }
          ]
        },
        {
          "name": "bone2",
          "pivot": [
            0,
            9,
            0
          ],
          "cubes": [
            {
              "origin": [
                -1.0,
                8.0,
                -8.0
              ],
              "size": [
                2.0,
                1.0,
                16.0
              ],
              "uv": [
                22,
                17
              ],
              "inflate": 0
            },
            {
              "origin": [
                -1.0,
                9.0,
                7.0
              ],
              "size": [
                2.0,
                1.0,
                2.0
              ],
              "uv": [
                0,
                26
              ],
              "inflate": 0
            },
            {
              "origin": [
                -1.0,
                9.0,
                -9.0
              ],
              "size": [
                2.0,
                1.0,
                2.0
              ],
              "uv": [
                22,
                23
              ],
              "inflate": 0
            },
            {
              "origin": [
                -1.0,
                10.0,
                8.0
              ],
              "size": [
                2.0,
                2.0,
                0.0
              ],
              "uv": [
                6,
                26
              ],
              "inflate": 0
            },
            {
              "origin": [
                -1.0,
                10.0,
                -8.0
              ],
              "size": [
                2.0,
                2.0,
                0.0
              ],
              "uv": [
                14,
                23
              ],
              "inflate": 0
            }
          ],
          "parent": "Pantinhouse2",
          "rotation": [
            0,
            90,
            0
          ]
        },
        {
          "name": "Pantinhouse3",
          "pivot": [
            0,
            8,
            0
          ],
          "cubes": [
            {
              "origin": [
                -1.0,
                9.0,
                -1.0
              ],
              "size": [
                2.0,
                3.0,
                2.0
              ],
              "uv": [
                8,
                5
              ],
              "inflate": 0
            }
          ]
        },
        {
          "name": "bone3",
          "pivot": [
            0,
            13,
            0
          ],
          "cubes": [
            {
              "origin": [
                -1.0,
                12.0,
                -7.0
              ],
              "size": [
                2.0,
                1.0,
                14.0
              ],
              "uv": [
                26,
                34
              ],
              "inflate": 0
            },
            {
              "origin": [
                -1.0,
                13.0,
                6.0
              ],
              "size": [
                2.0,
                1.0,
                2.0
              ],
              "uv": [
                8,
                23
              ],
              "inflate": 0
            },
            {
              "origin": [
                -1.0,
                13.0,
                -8.0
              ],
              "size": [
                2.0,
                1.0,
                2.0
              ],
              "uv": [
                0,
                23
              ],
              "inflate": 0
            },
            {
              "origin": [
                -1.0,
                14.0,
                7.0
              ],
              "size": [
                2.0,
                2.0,
                0.0
              ],
              "uv": [
                6,
                23
              ],
              "inflate": 0
            },
            {
              "origin": [
                -1.0,
                14.0,
                -7.0
              ],
              "size": [
                2.0,
                2.0,
                0.0
              ],
              "uv": [
                14,
                20
              ],
              "inflate": 0
            }
          ],
          "parent": "Pantinhouse3",
          "rotation": [
            0,
            90,
            0
          ]
        },
        {
          "name": "Pantinhouse4",
          "pivot": [
            0,
            12,
            0
          ],
          "cubes": [
            {
              "origin": [
                -1.0,
                13.0,
                -1.0
              ],
              "size": [
                2.0,
                3.0,
                2.0
              ],
              "uv": [
                8,
                0
              ],
              "inflate": 0
            }
          ]
        },
        {
          "name": "bone4",
          "pivot": [
            0,
            17,
            0
          ],
          "cubes": [
            {
              "origin": [
                -1.0,
                16.0,
                -6.0
              ],
              "size": [
                2.0,
                1.0,
                12.0
              ],
              "uv": [
                0,
                37
              ],
              "inflate": 0
            },
            {
              "origin": [
                -1.0,
                17.0,
                5.0
              ],
              "size": [
                2.0,
                1.0,
                2.0
              ],
              "uv": [
                22,
                20
              ],
              "inflate": 0
            },
            {
              "origin": [
                -1.0,
                17.0,
                -7.0
              ],
              "size": [
                2.0,
                1.0,
                2.0
              ],
              "uv": [
                22,
                17
              ],
              "inflate": 0
            },
            {
              "origin": [
                -1.0,
                18.0,
                6.0
              ],
              "size": [
                2.0,
                2.0,
                0.0
              ],
              "uv": [
                6,
                20
              ],
              "inflate": 0
            },
            {
              "origin": [
                -1.0,
                18.0,
                -6.0
              ],
              "size": [
                2.0,
                2.0,
                0.0
              ],
              "uv": [
                14,
                17
              ],
              "inflate": 0
            }
          ],
          "parent": "Pantinhouse4",
          "rotation": [
            0,
            90,
            0
          ]
        },
        {
          "name": "Pantinhouse5",
          "pivot": [
            0,
            16,
            0
          ],
          "cubes": [
            {
              "origin": [
                -1.0,
                17.0,
                -1.0
              ],
              "size": [
                2.0,
                3.0,
                2.0
              ],
              "uv": [
                0,
                5
              ],
              "inflate": 0
            }
          ]
        },
        {
          "name": "bone5",
          "pivot": [
            0,
            21,
            0
          ],
          "cubes": [
            {
              "origin": [
                -1.0,
                20.0,
                -5.0
              ],
              "size": [
                2.0,
                1.0,
                10.0
              ],
              "uv": [
                16,
                36
              ],
              "inflate": 0
            },
            {
              "origin": [
                -1.0,
                21.0,
                4.0
              ],
              "size": [
                2.0,
                1.0,
                2.0
              ],
              "uv": [
                8,
                20
              ],
              "inflate": 0
            },
            {
              "origin": [
                -1.0,
                21.0,
                -6.0
              ],
              "size": [
                2.0,
                1.0,
                2.0
              ],
              "uv": [
                0,
                20
              ],
              "inflate": 0
            },
            {
              "origin": [
                -1.0,
                22.0,
                5.0
              ],
              "size": [
                2.0,
                2.0,
                0.0
              ],
              "uv": [
                6,
                17
              ],
              "inflate": 0
            },
            {
              "origin": [
                -1.0,
                22.0,
                -5.0
              ],
              "size": [
                2.0,
                2.0,
                0.0
              ],
              "uv": [
                6,
                10
              ],
              "inflate": 0
            }
          ],
          "parent": "Pantinhouse5",
          "rotation": [
            0,
            90,
            0
          ]
        },
        {
          "name": "Pantinhouse6",
          "pivot": [
            0,
            20,
            0
          ],
          "cubes": [
            {
              "origin": [
                -1.0,
                21.0,
                -1.0
              ],
              "size": [
                2.0,
                3.0,
                2.0
              ],
              "uv": [
                0,
                0
              ],
              "inflate": 0
            }
          ]
        },
        {
          "name": "bone6",
          "pivot": [
            0,
            25,
            0
          ],
          "cubes": [
            {
              "origin": [
                -1.0,
                24.0,
                -4.0
              ],
              "size": [
                2.0,
                1.0,
                8.0
              ],
              "uv": [
                42,
                17
              ],
              "inflate": 0
            },
            {
              "origin": [
                -1.0,
                25.0,
                3.0
              ],
              "size": [
                2.0,
                1.0,
                2.0
              ],
              "uv": [
                8,
                17
              ],
              "inflate": 0
            },
            {
              "origin": [
                -1.0,
                25.0,
                -5.0
              ],
              "size": [
                2.0,
                1.0,
                2.0
              ],
              "uv": [
                0,
                17
              ],
              "inflate": 0
            },
            {
              "origin": [
                -1.0,
                26.0,
                4.0
              ],
              "size": [
                2.0,
                2.0,
                0.0
              ],
              "uv": [
                6,
                5
              ],
              "inflate": 0
            },
            {
              "origin": [
                -1.0,
                26.0,
                -4.0
              ],
              "size": [
                2.0,
                2.0,
                0.0
              ],
              "uv": [
                6,
                0
              ],
              "inflate": 0
            }
          ],
          "parent": "Pantinhouse6",
          "rotation": [
            0,
            90,
            0
          ]
        },
        {
          "name": "Pantinhouse7",
          "cubes": [
            {
              "origin": [
                -1.0,
                1.0,
                -1.0
              ],
              "size": [
                2.0,
                3.0,
                2.0
              ],
              "uv": [
                8,
                10
              ],
              "inflate": 0
            },
            {
              "origin": [
                -1.0,
                6.0,
                -9.0
              ],
              "size": [
                2.0,
                2.0,
                0.0
              ],
              "rotation": [
                0.0,
                90.0,
                0.0
              ],
              "uv": [
                14,
                26
              ],
              "inflate": 0
            },
            {
              "origin": [
                -1.0,
                6.0,
                9.0
              ],
              "size": [
                2.0,
                2.0,
                0.0
              ],
              "rotation": [
                0.0,
                90.0,
                0.0
              ],
              "uv": [
                28,
                17
              ],
              "inflate": 0
            },
            {
              "origin": [
                -1.0,
                5.0,
                -10.0
              ],
              "size": [
                2.0,
                1.0,
                2.0
              ],
              "rotation": [
                0.0,
                90.0,
                0.0
              ],
              "uv": [
                8,
                26
              ],
              "inflate": 0
            },
            {
              "origin": [
                -1.0,
                5.0,
                8.0
              ],
              "size": [
                2.0,
                1.0,
                2.0
              ],
              "rotation": [
                0.0,
                90.0,
                0.0
              ],
              "uv": [
                22,
                26
              ],
              "inflate": 0
            },
            {
              "origin": [
                -1.0,
                4.0,
                -9.0
              ],
              "size": [
                2.0,
                1.0,
                18.0
              ],
              "rotation": [
                0.0,
                90.0,
                0.0
              ],
              "uv": [
                0,
                17
              ],
              "inflate": 0
            }
          ],
          "rotation": [
            0,
            -90,
            0
          ]
        },
        {
          "name": "Pantinhouse8",
          "cubes": [
            {
              "origin": [
                -1.0,
                1.0,
                -1.0
              ],
              "size": [
                2.0,
                3.0,
                2.0
              ],
              "uv": [
                8,
                10
              ],
              "inflate": 0
            },
            {
              "origin": [
                -1.0,
                6.0,
                -9.0
              ],
              "size": [
                2.0,
                2.0,
                0.0
              ],
              "rotation": [
                0.0,
                90.0,
                0.0
              ],
              "uv": [
                14,
                26
              ],
              "inflate": 0
            },
            {
              "origin": [
                -1.0,
                6.0,
                9.0
              ],
              "size": [
                2.0,
                2.0,
                0.0
              ],
              "rotation": [
                0.0,
                90.0,
                0.0
              ],
              "uv": [
                28,
                17
              ],
              "inflate": 0
            },
            {
              "origin": [
                -1.0,
                5.0,
                -10.0
              ],
              "size": [
                2.0,
                1.0,
                2.0
              ],
              "rotation": [
                0.0,
                90.0,
                0.0
              ],
              "uv": [
                8,
                26
              ],
              "inflate": 0
            },
            {
              "origin": [
                -1.0,
                5.0,
                8.0
              ],
              "size": [
                2.0,
                1.0,
                2.0
              ],
              "rotation": [
                0.0,
                90.0,
                0.0
              ],
              "uv": [
                22,
                26
              ],
              "inflate": 0
            },
            {
              "origin": [
                -1.0,
                4.0,
                -9.0
              ],
              "size": [
                2.0,
                1.0,
                18.0
              ],
              "rotation": [
                0.0,
                90.0,
                0.0
              ],
              "uv": [
                0,
                17
              ],
              "inflate": 0
            }
          ],
          "rotation": [
            -180,
            -45,
            180
          ]
        },
        {
          "name": "Pantinhouse9",
          "cubes": [
            {
              "origin": [
                -1.0,
                1.0,
                -1.0
              ],
              "size": [
                2.0,
                3.0,
                2.0
              ],
              "uv": [
                8,
                10
              ],
              "inflate": 0
            },
            {
              "origin": [
                -1.0,
                6.0,
                -9.0
              ],
              "size": [
                2.0,
                2.0,
                0.0
              ],
              "rotation": [
                0.0,
                90.0,
                0.0
              ],
              "uv": [
                14,
                26
              ],
              "inflate": 0
            },
            {
              "origin": [
                -1.0,
                6.0,
                9.0
              ],
              "size": [
                2.0,
                2.0,
                0.0
              ],
              "rotation": [
                0.0,
                90.0,
                0.0
              ],
              "uv": [
                28,
                17
              ],
              "inflate": 0
            },
            {
              "origin": [
                -1.0,
                5.0,
                -10.0
              ],
              "size": [
                2.0,
                1.0,
                2.0
              ],
              "rotation": [
                0.0,
                90.0,
                0.0
              ],
              "uv": [
                8,
                26
              ],
              "inflate": 0
            },
            {
              "origin": [
                -1.0,
                5.0,
                8.0
              ],
              "size": [
                2.0,
                1.0,
                2.0
              ],
              "rotation": [
                0.0,
                90.0,
                0.0
              ],
              "uv": [
                22,
                26
              ],
              "inflate": 0
            },
            {
              "origin": [
                -1.0,
                4.0,
                -9.0
              ],
              "size": [
                2.0,
                1.0,
                18.0
              ],
              "rotation": [
                0.0,
                90.0,
                0.0
              ],
              "uv": [
                0,
                17
              ],
              "inflate": 0
            }
          ],
          "rotation": [
            -180,
            45,
            180
          ]
        },
        {
          "name": "Pantinhouse10",
          "pivot": [
            0,
            4,
            0
          ],
          "cubes": [
            {
              "origin": [
                -1.0,
                5.0,
                -1.0
              ],
              "size": [
                2.0,
                3.0,
                2.0
              ],
              "uv": [
                0,
                10
              ],
              "inflate": 0
            }
          ],
          "rotation": [
            0,
            -90,
            0
          ]
        },
        {
          "name": "bone7",
          "pivot": [
            0,
            9,
            0
          ],
          "cubes": [
            {
              "origin": [
                -1.0,
                8.0,
                -8.0
              ],
              "size": [
                2.0,
                1.0,
                16.0
              ],
              "uv": [
                22,
                17
              ],
              "inflate": 0
            },
            {
              "origin": [
                -1.0,
                9.0,
                7.0
              ],
              "size": [
                2.0,
                1.0,
                2.0
              ],
              "uv": [
                0,
                26
              ],
              "inflate": 0
            },
            {
              "origin": [
                -1.0,
                9.0,
                -9.0
              ],
              "size": [
                2.0,
                1.0,
                2.0
              ],
              "uv": [
                22,
                23
              ],
              "inflate": 0
            },
            {
              "origin": [
                -1.0,
                10.0,
                8.0
              ],
              "size": [
                2.0,
                2.0,
                0.0
              ],
              "uv": [
                6,
                26
              ],
              "inflate": 0
            },
            {
              "origin": [
                -1.0,
                10.0,
                -8.0
              ],
              "size": [
                2.0,
                2.0,
                0.0
              ],
              "uv": [
                14,
                23
              ],
              "inflate": 0
            }
          ],
          "parent": "Pantinhouse10",
          "rotation": [
            0,
            90,
            0
          ]
        },
        {
          "name": "Pantinhouse11",
          "pivot": [
            0,
            4,
            0
          ],
          "cubes": [
            {
              "origin": [
                -1.0,
                5.0,
                -1.0
              ],
              "size": [
                2.0,
                3.0,
                2.0
              ],
              "uv": [
                0,
                10
              ],
              "inflate": 0
            }
          ],
          "rotation": [
            -180,
            -45,
            180
          ]
        },
        {
          "name": "bone8",
          "pivot": [
            0,
            9,
            0
          ],
          "cubes": [
            {
              "origin": [
                -1.0,
                8.0,
                -8.0
              ],
              "size": [
                2.0,
                1.0,
                16.0
              ],
              "uv": [
                22,
                17
              ],
              "inflate": 0
            },
            {
              "origin": [
                -1.0,
                9.0,
                7.0
              ],
              "size": [
                2.0,
                1.0,
                2.0
              ],
              "uv": [
                0,
                26
              ],
              "inflate": 0
            },
            {
              "origin": [
                -1.0,
                9.0,
                -9.0
              ],
              "size": [
                2.0,
                1.0,
                2.0
              ],
              "uv": [
                22,
                23
              ],
              "inflate": 0
            },
            {
              "origin": [
                -1.0,
                10.0,
                8.0
              ],
              "size": [
                2.0,
                2.0,
                0.0
              ],
              "uv": [
                6,
                26
              ],
              "inflate": 0
            },
            {
              "origin": [
                -1.0,
                10.0,
                -8.0
              ],
              "size": [
                2.0,
                2.0,
                0.0
              ],
              "uv": [
                14,
                23
              ],
              "inflate": 0
            }
          ],
          "parent": "Pantinhouse11",
          "rotation": [
            0,
            90,
            0
          ]
        },
        {
          "name": "Pantinhouse12",
          "pivot": [
            0,
            4,
            0
          ],
          "cubes": [
            {
              "origin": [
                -1.0,
                5.0,
                -1.0
              ],
              "size": [
                2.0,
                3.0,
                2.0
              ],
              "uv": [
                0,
                10
              ],
              "inflate": 0
            }
          ],
          "rotation": [
            -180,
            45,
            180
          ]
        },
        {
          "name": "bone9",
          "pivot": [
            0,
            9,
            0
          ],
          "cubes": [
            {
              "origin": [
                -1.0,
                8.0,
                -8.0
              ],
              "size": [
                2.0,
                1.0,
                16.0
              ],
              "uv": [
                22,
                17
              ],
              "inflate": 0
            },
            {
              "origin": [
                -1.0,
                9.0,
                7.0
              ],
              "size": [
                2.0,
                1.0,
                2.0
              ],
              "uv": [
                0,
                26
              ],
              "inflate": 0
            },
            {
              "origin": [
                -1.0,
                9.0,
                -9.0
              ],
              "size": [
                2.0,
                1.0,
                2.0
              ],
              "uv": [
                22,
                23
              ],
              "inflate": 0
            },
            {
              "origin": [
                -1.0,
                10.0,
                8.0
              ],
              "size": [
                2.0,
                2.0,
                0.0
              ],
              "uv": [
                6,
                26
              ],
              "inflate": 0
            },
            {
              "origin": [
                -1.0,
                10.0,
                -8.0
              ],
              "size": [
                2.0,
                2.0,
                0.0
              ],
              "uv": [
                14,
                23
              ],
              "inflate": 0
            }
          ],
          "parent": "Pantinhouse12",
          "rotation": [
            0,
            90,
            0
          ]
        },
        {
          "name": "Pantinhouse13",
          "pivot": [
            0,
            8,
            0
          ],
          "cubes": [
            {
              "origin": [
                -1.0,
                9.0,
                -1.0
              ],
              "size": [
                2.0,
                3.0,
                2.0
              ],
              "uv": [
                8,
                5
              ],
              "inflate": 0
            }
          ],
          "rotation": [
            0,
            -90,
            0
          ]
        },
        {
          "name": "bone10",
          "pivot": [
            0,
            13,
            0
          ],
          "cubes": [
            {
              "origin": [
                -1.0,
                12.0,
                -7.0
              ],
              "size": [
                2.0,
                1.0,
                14.0
              ],
              "uv": [
                26,
                34
              ],
              "inflate": 0
            },
            {
              "origin": [
                -1.0,
                13.0,
                6.0
              ],
              "size": [
                2.0,
                1.0,
                2.0
              ],
              "uv": [
                8,
                23
              ],
              "inflate": 0
            },
            {
              "origin": [
                -1.0,
                13.0,
                -8.0
              ],
              "size": [
                2.0,
                1.0,
                2.0
              ],
              "uv": [
                0,
                23
              ],
              "inflate": 0
            },
            {
              "origin": [
                -1.0,
                14.0,
                7.0
              ],
              "size": [
                2.0,
                2.0,
                0.0
              ],
              "uv": [
                6,
                23
              ],
              "inflate": 0
            },
            {
              "origin": [
                -1.0,
                14.0,
                -7.0
              ],
              "size": [
                2.0,
                2.0,
                0.0
              ],
              "uv": [
                14,
                20
              ],
              "inflate": 0
            }
          ],
          "parent": "Pantinhouse13",
          "rotation": [
            0,
            90,
            0
          ]
        },
        {
          "name": "Pantinhouse14",
          "pivot": [
            0,
            8,
            0
          ],
          "cubes": [
            {
              "origin": [
                -1.0,
                9.0,
                -1.0
              ],
              "size": [
                2.0,
                3.0,
                2.0
              ],
              "uv": [
                8,
                5
              ],
              "inflate": 0
            }
          ],
          "rotation": [
            -180,
            -45,
            180
          ]
        },
        {
          "name": "bone11",
          "pivot": [
            0,
            13,
            0
          ],
          "cubes": [
            {
              "origin": [
                -1.0,
                12.0,
                -7.0
              ],
              "size": [
                2.0,
                1.0,
                14.0
              ],
              "uv": [
                26,
                34
              ],
              "inflate": 0
            },
            {
              "origin": [
                -1.0,
                13.0,
                6.0
              ],
              "size": [
                2.0,
                1.0,
                2.0
              ],
              "uv": [
                8,
                23
              ],
              "inflate": 0
            },
            {
              "origin": [
                -1.0,
                13.0,
                -8.0
              ],
              "size": [
                2.0,
                1.0,
                2.0
              ],
              "uv": [
                0,
                23
              ],
              "inflate": 0
            },
            {
              "origin": [
                -1.0,
                14.0,
                7.0
              ],
              "size": [
                2.0,
                2.0,
                0.0
              ],
              "uv": [
                6,
                23
              ],
              "inflate": 0
            },
            {
              "origin": [
                -1.0,
                14.0,
                -7.0
              ],
              "size": [
                2.0,
                2.0,
                0.0
              ],
              "uv": [
                14,
                20
              ],
              "inflate": 0
            }
          ],
          "parent": "Pantinhouse14",
          "rotation": [
            0,
            90,
            0
          ]
        },
        {
          "name": "Pantinhouse15",
          "pivot": [
            0,
            8,
            0
          ],
          "cubes": [
            {
              "origin": [
                -1.0,
                9.0,
                -1.0
              ],
              "size": [
                2.0,
                3.0,
                2.0
              ],
              "uv": [
                8,
                5
              ],
              "inflate": 0
            }
          ],
          "rotation": [
            -180,
            45,
            180
          ]
        },
        {
          "name": "bone12",
          "pivot": [
            0,
            13,
            0
          ],
          "cubes": [
            {
              "origin": [
                -1.0,
                12.0,
                -7.0
              ],
              "size": [
                2.0,
                1.0,
                14.0
              ],
              "uv": [
                26,
                34
              ],
              "inflate": 0
            },
            {
              "origin": [
                -1.0,
                13.0,
                6.0
              ],
              "size": [
                2.0,
                1.0,
                2.0
              ],
              "uv": [
                8,
                23
              ],
              "inflate": 0
            },
            {
              "origin": [
                -1.0,
                13.0,
                -8.0
              ],
              "size": [
                2.0,
                1.0,
                2.0
              ],
              "uv": [
                0,
                23
              ],
              "inflate": 0
            },
            {
              "origin": [
                -1.0,
                14.0,
                7.0
              ],
              "size": [
                2.0,
                2.0,
                0.0
              ],
              "uv": [
                6,
                23
              ],
              "inflate": 0
            },
            {
              "origin": [
                -1.0,
                14.0,
                -7.0
              ],
              "size": [
                2.0,
                2.0,
                0.0
              ],
              "uv": [
                14,
                20
              ],
              "inflate": 0
            }
          ],
          "parent": "Pantinhouse15",
          "rotation": [
            0,
            90,
            0
          ]
        },
        {
          "name": "Pantinhouse16",
          "pivot": [
            0,
            12,
            0
          ],
          "cubes": [
            {
              "origin": [
                -1.0,
                13.0,
                -1.0
              ],
              "size": [
                2.0,
                3.0,
                2.0
              ],
              "uv": [
                8,
                0
              ],
              "inflate": 0
            }
          ],
          "rotation": [
            0,
            -90,
            0
          ]
        },
        {
          "name": "bone13",
          "pivot": [
            0,
            17,
            0
          ],
          "cubes": [
            {
              "origin": [
                -1.0,
                16.0,
                -6.0
              ],
              "size": [
                2.0,
                1.0,
                12.0
              ],
              "uv": [
                0,
                37
              ],
              "inflate": 0
            },
            {
              "origin": [
                -1.0,
                17.0,
                5.0
              ],
              "size": [
                2.0,
                1.0,
                2.0
              ],
              "uv": [
                22,
                20
              ],
              "inflate": 0
            },
            {
              "origin": [
                -1.0,
                17.0,
                -7.0
              ],
              "size": [
                2.0,
                1.0,
                2.0
              ],
              "uv": [
                22,
                17
              ],
              "inflate": 0
            },
            {
              "origin": [
                -1.0,
                18.0,
                6.0
              ],
              "size": [
                2.0,
                2.0,
                0.0
              ],
              "uv": [
                6,
                20
              ],
              "inflate": 0
            },
            {
              "origin": [
                -1.0,
                18.0,
                -6.0
              ],
              "size": [
                2.0,
                2.0,
                0.0
              ],
              "uv": [
                14,
                17
              ],
              "inflate": 0
            }
          ],
          "parent": "Pantinhouse16",
          "rotation": [
            0,
            90,
            0
          ]
        },
        {
          "name": "Pantinhouse17",
          "pivot": [
            0,
            12,
            0
          ],
          "cubes": [
            {
              "origin": [
                -1.0,
                13.0,
                -1.0
              ],
              "size": [
                2.0,
                3.0,
                2.0
              ],
              "uv": [
                8,
                0
              ],
              "inflate": 0
            }
          ],
          "rotation": [
            -180,
            -45,
            180
          ]
        },
        {
          "name": "bone14",
          "pivot": [
            0,
            17,
            0
          ],
          "cubes": [
            {
              "origin": [
                -1.0,
                16.0,
                -6.0
              ],
              "size": [
                2.0,
                1.0,
                12.0
              ],
              "uv": [
                0,
                37
              ],
              "inflate": 0
            },
            {
              "origin": [
                -1.0,
                17.0,
                5.0
              ],
              "size": [
                2.0,
                1.0,
                2.0
              ],
              "uv": [
                22,
                20
              ],
              "inflate": 0
            },
            {
              "origin": [
                -1.0,
                17.0,
                -7.0
              ],
              "size": [
                2.0,
                1.0,
                2.0
              ],
              "uv": [
                22,
                17
              ],
              "inflate": 0
            },
            {
              "origin": [
                -1.0,
                18.0,
                6.0
              ],
              "size": [
                2.0,
                2.0,
                0.0
              ],
              "uv": [
                6,
                20
              ],
              "inflate": 0
            },
            {
              "origin": [
                -1.0,
                18.0,
                -6.0
              ],
              "size": [
                2.0,
                2.0,
                0.0
              ],
              "uv": [
                14,
                17
              ],
              "inflate": 0
            }
          ],
          "parent": "Pantinhouse17",
          "rotation": [
            0,
            90,
            0
          ]
        },
        {
          "name": "Pantinhouse18",
          "pivot": [
            0,
            12,
            0
          ],
          "cubes": [
            {
              "origin": [
                -1.0,
                13.0,
                -1.0
              ],
              "size": [
                2.0,
                3.0,
                2.0
              ],
              "uv": [
                8,
                0
              ],
              "inflate": 0
            }
          ],
          "rotation": [
            -180,
            45,
            180
          ]
        },
        {
          "name": "bone15",
          "pivot": [
            0,
            17,
            0
          ],
          "cubes": [
            {
              "origin": [
                -1.0,
                16.0,
                -6.0
              ],
              "size": [
                2.0,
                1.0,
                12.0
              ],
              "uv": [
                0,
                37
              ],
              "inflate": 0
            },
            {
              "origin": [
                -1.0,
                17.0,
                5.0
              ],
              "size": [
                2.0,
                1.0,
                2.0
              ],
              "uv": [
                22,
                20
              ],
              "inflate": 0
            },
            {
              "origin": [
                -1.0,
                17.0,
                -7.0
              ],
              "size": [
                2.0,
                1.0,
                2.0
              ],
              "uv": [
                22,
                17
              ],
              "inflate": 0
            },
            {
              "origin": [
                -1.0,
                18.0,
                6.0
              ],
              "size": [
                2.0,
                2.0,
                0.0
              ],
              "uv": [
                6,
                20
              ],
              "inflate": 0
            },
            {
              "origin": [
                -1.0,
                18.0,
                -6.0
              ],
              "size": [
                2.0,
                2.0,
                0.0
              ],
              "uv": [
                14,
                17
              ],
              "inflate": 0
            }
          ],
          "parent": "Pantinhouse18",
          "rotation": [
            0,
            90,
            0
          ]
        },
        {
          "name": "Pantinhouse19",
          "pivot": [
            0,
            16,
            0
          ],
          "cubes": [
            {
              "origin": [
                -1.0,
                17.0,
                -1.0
              ],
              "size": [
                2.0,
                3.0,
                2.0
              ],
              "uv": [
                0,
                5
              ],
              "inflate": 0
            }
          ],
          "rotation": [
            0,
            -90,
            0
          ]
        },
        {
          "name": "bone16",
          "pivot": [
            0,
            21,
            0
          ],
          "cubes": [
            {
              "origin": [
                -1.0,
                20.0,
                -5.0
              ],
              "size": [
                2.0,
                1.0,
                10.0
              ],
              "uv": [
                16,
                36
              ],
              "inflate": 0
            },
            {
              "origin": [
                -1.0,
                21.0,
                4.0
              ],
              "size": [
                2.0,
                1.0,
                2.0
              ],
              "uv": [
                8,
                20
              ],
              "inflate": 0
            },
            {
              "origin": [
                -1.0,
                21.0,
                -6.0
              ],
              "size": [
                2.0,
                1.0,
                2.0
              ],
              "uv": [
                0,
                20
              ],
              "inflate": 0
            },
            {
              "origin": [
                -1.0,
                22.0,
                5.0
              ],
              "size": [
                2.0,
                2.0,
                0.0
              ],
              "uv": [
                6,
                17
              ],
              "inflate": 0
            },
            {
              "origin": [
                -1.0,
                22.0,
                -5.0
              ],
              "size": [
                2.0,
                2.0,
                0.0
              ],
              "uv": [
                6,
                10
              ],
              "inflate": 0
            }
          ],
          "parent": "Pantinhouse19",
          "rotation": [
            0,
            90,
            0
          ]
        },
        {
          "name": "Pantinhouse20",
          "pivot": [
            0,
            16,
            0
          ],
          "cubes": [
            {
              "origin": [
                -1.0,
                17.0,
                -1.0
              ],
              "size": [
                2.0,
                3.0,
                2.0
              ],
              "uv": [
                0,
                5
              ],
              "inflate": 0
            }
          ],
          "rotation": [
            -180,
            -45,
            180
          ]
        },
        {
          "name": "bone17",
          "pivot": [
            0,
            21,
            0
          ],
          "cubes": [
            {
              "origin": [
                -1.0,
                20.0,
                -5.0
              ],
              "size": [
                2.0,
                1.0,
                10.0
              ],
              "uv": [
                16,
                36
              ],
              "inflate": 0
            },
            {
              "origin": [
                -1.0,
                21.0,
                4.0
              ],
              "size": [
                2.0,
                1.0,
                2.0
              ],
              "uv": [
                8,
                20
              ],
              "inflate": 0
            },
            {
              "origin": [
                -1.0,
                21.0,
                -6.0
              ],
              "size": [
                2.0,
                1.0,
                2.0
              ],
              "uv": [
                0,
                20
              ],
              "inflate": 0
            },
            {
              "origin": [
                -1.0,
                22.0,
                5.0
              ],
              "size": [
                2.0,
                2.0,
                0.0
              ],
              "uv": [
                6,
                17
              ],
              "inflate": 0
            },
            {
              "origin": [
                -1.0,
                22.0,
                -5.0
              ],
              "size": [
                2.0,
                2.0,
                0.0
              ],
              "uv": [
                6,
                10
              ],
              "inflate": 0
            }
          ],
          "parent": "Pantinhouse20",
          "rotation": [
            0,
            90,
            0
          ]
        },
        {
          "name": "Pantinhouse21",
          "pivot": [
            0,
            16,
            0
          ],
          "cubes": [
            {
              "origin": [
                -1.0,
                17.0,
                -1.0
              ],
              "size": [
                2.0,
                3.0,
                2.0
              ],
              "uv": [
                0,
                5
              ],
              "inflate": 0
            }
          ],
          "rotation": [
            -180,
            45,
            180
          ]
        },
        {
          "name": "bone18",
          "pivot": [
            0,
            21,
            0
          ],
          "cubes": [
            {
              "origin": [
                -1.0,
                20.0,
                -5.0
              ],
              "size": [
                2.0,
                1.0,
                10.0
              ],
              "uv": [
                16,
                36
              ],
              "inflate": 0
            },
            {
              "origin": [
                -1.0,
                21.0,
                4.0
              ],
              "size": [
                2.0,
                1.0,
                2.0
              ],
              "uv": [
                8,
                20
              ],
              "inflate": 0
            },
            {
              "origin": [
                -1.0,
                21.0,
                -6.0
              ],
              "size": [
                2.0,
                1.0,
                2.0
              ],
              "uv": [
                0,
                20
              ],
              "inflate": 0
            },
            {
              "origin": [
                -1.0,
                22.0,
                5.0
              ],
              "size": [
                2.0,
                2.0,
                0.0
              ],
              "uv": [
                6,
                17
              ],
              "inflate": 0
            },
            {
              "origin": [
                -1.0,
                22.0,
                -5.0
              ],
              "size": [
                2.0,
                2.0,
                0.0
              ],
              "uv": [
                6,
                10
              ],
              "inflate": 0
            }
          ],
          "parent": "Pantinhouse21",
          "rotation": [
            0,
            90,
            0
          ]
        },
        {
          "name": "Pantinhouse22",
          "pivot": [
            0,
            20,
            0
          ],
          "cubes": [
            {
              "origin": [
                -1.0,
                21.0,
                -1.0
              ],
              "size": [
                2.0,
                3.0,
                2.0
              ],
              "uv": [
                0,
                0
              ],
              "inflate": 0
            }
          ],
          "rotation": [
            0,
            -90,
            0
          ]
        },
        {
          "name": "bone19",
          "pivot": [
            0,
            25,
            0
          ],
          "cubes": [
            {
              "origin": [
                -1.0,
                24.0,
                -4.0
              ],
              "size": [
                2.0,
                1.0,
                8.0
              ],
              "uv": [
                42,
                17
              ],
              "inflate": 0
            },
            {
              "origin": [
                -1.0,
                25.0,
                3.0
              ],
              "size": [
                2.0,
                1.0,
                2.0
              ],
              "uv": [
                8,
                17
              ],
              "inflate": 0
            },
            {
              "origin": [
                -1.0,
                25.0,
                -5.0
              ],
              "size": [
                2.0,
                1.0,
                2.0
              ],
              "uv": [
                0,
                17
              ],
              "inflate": 0
            },
            {
              "origin": [
                -1.0,
                26.0,
                4.0
              ],
              "size": [
                2.0,
                2.0,
                0.0
              ],
              "uv": [
                6,
                5
              ],
              "inflate": 0
            },
            {
              "origin": [
                -1.0,
                26.0,
                -4.0
              ],
              "size": [
                2.0,
                2.0,
                0.0
              ],
              "uv": [
                6,
                0
              ],
              "inflate": 0
            }
          ],
          "parent": "Pantinhouse22",
          "rotation": [
            0,
            90,
            0
          ]
        },
        {
          "name": "Pantinhouse23",
          "pivot": [
            0,
            20,
            0
          ],
          "cubes": [
            {
              "origin": [
                -1.0,
                21.0,
                -1.0
              ],
              "size": [
                2.0,
                3.0,
                2.0
              ],
              "uv": [
                0,
                0
              ],
              "inflate": 0
            }
          ],
          "rotation": [
            -180,
            -45,
            180
          ]
        },
        {
          "name": "bone20",
          "pivot": [
            0,
            25,
            0
          ],
          "cubes": [
            {
              "origin": [
                -1.0,
                24.0,
                -4.0
              ],
              "size": [
                2.0,
                1.0,
                8.0
              ],
              "uv": [
                42,
                17
              ],
              "inflate": 0
            },
            {
              "origin": [
                -1.0,
                25.0,
                3.0
              ],
              "size": [
                2.0,
                1.0,
                2.0
              ],
              "uv": [
                8,
                17
              ],
              "inflate": 0
            },
            {
              "origin": [
                -1.0,
                25.0,
                -5.0
              ],
              "size": [
                2.0,
                1.0,
                2.0
              ],
              "uv": [
                0,
                17
              ],
              "inflate": 0
            },
            {
              "origin": [
                -1.0,
                26.0,
                4.0
              ],
              "size": [
                2.0,
                2.0,
                0.0
              ],
              "uv": [
                6,
                5
              ],
              "inflate": 0
            },
            {
              "origin": [
                -1.0,
                26.0,
                -4.0
              ],
              "size": [
                2.0,
                2.0,
                0.0
              ],
              "uv": [
                6,
                0
              ],
              "inflate": 0
            }
          ],
          "parent": "Pantinhouse23",
          "rotation": [
            0,
            90,
            0
          ]
        },
        {
          "name": "Pantinhouse24",
          "pivot": [
            0,
            20,
            0
          ],
          "cubes": [
            {
              "origin": [
                -1.0,
                21.0,
                -1.0
              ],
              "size": [
                2.0,
                3.0,
                2.0
              ],
              "uv": [
                0,
                0
              ],
              "inflate": 0
            }
          ],
          "rotation": [
            -180,
            45,
            180
          ]
        },
        {
          "name": "bone21",
          "pivot": [
            0,
            25,
            0
          ],
          "cubes": [
            {
              "origin": [
                -1.0,
                24.0,
                -4.0
              ],
              "size": [
                2.0,
                1.0,
                8.0
              ],
              "uv": [
                42,
                17
              ],
              "inflate": 0
            },
            {
              "origin": [
                -1.0,
                25.0,
                3.0
              ],
              "size": [
                2.0,
                1.0,
                2.0
              ],
              "uv": [
                8,
                17
              ],
              "inflate": 0
            },
            {
              "origin": [
                -1.0,
                25.0,
                -5.0
              ],
              "size": [
                2.0,
                1.0,
                2.0
              ],
              "uv": [
                0,
                17
              ],
              "inflate": 0
            },
            {
              "origin": [
                -1.0,
                26.0,
                4.0
              ],
              "size": [
                2.0,
                2.0,
                0.0
              ],
              "uv": [
                6,
                5
              ],
              "inflate": 0
            },
            {
              "origin": [
                -1.0,
                26.0,
                -4.0
              ],
              "size": [
                2.0,
                2.0,
                0.0
              ],
              "uv": [
                6,
                0
              ],
              "inflate": 0
            }
          ],
          "parent": "Pantinhouse24",
          "rotation": [
            0,
            90,
            0
          ]
        }
      ]
    }
  ]
}