{
  "format_version": "1.12.0",
  "minecraft:geometry": [
    {
      "description": {
        "identifier": "geometry.ms_devi_chandi",
        "texture_width": 128,
        "texture_height": 128,
        "visible_bounds_width": 7,
        "visible_bounds_height": 6,
        "visible_bounds_offset": [
          0,
          2,
          0
        ]
      },
      "bones": [
        {
          "name": "Man"
        },
        {
          "name": "Legs",
          "cubes": [
            {
              "origin": [
                -5.0,
                21.0,
                -1.25
              ],
              "size": [
                10.0,
                2.0,
                6.0
              ],
              "uv": [
                60,
                6
              ],
              "inflate": 0
            },
            {
              "origin": [
                -4.0,
                3.0,
                -1.75
              ],
              "size": [
                8.0,
                20.0,
                0.0
              ],
              "uv": [
                68,
                39
              ],
              "inflate": 0
            },
            {
              "origin": [
                -3.0,
                11.0,
                -1.5
              ],
              "size": [
                10.0,
                12.0,
                7.0
              ],
              "uv": [
                0,
                19
              ],
              "inflate": 0
            },
            {
              "origin": [
                -1.0,
                2.0,
                -0.5
              ],
              "size": [
                2.0,
                21.0,
                6.0
              ],
              "uv": [
                38,
                35
              ],
              "inflate": 0
            }
          ],
          "parent": "Man"
        },
        {
          "name": "Leg",
          "pivot": [
            -3,
            21,
            2
          ],
          "parent": "Legs",
          "rotation": [
            -70.75,
            0,
            0
          ]
        },
        {
          "name": "Leg2",
          "pivot": [
            -2,
            21,
            2
          ],
          "parent": "Legs"
        },
        {
          "name": "Joinleg2",
          "pivot": [
            -2.5,
            21,
            1.5
          ],
          "cubes": [
            {
              "origin": [
                -5.0,
                11.0,
                -1.0
              ],
              "size": [
                5.0,
                10.0,
                5.0
              ],
              "uv": [
                33,
                74
              ],
              "inflate": 0
            }
          ],
          "parent": "Leg2",
          "rotation": [
            0,
            15,
            5
          ]
        },
        {
          "name": "Midleg2",
          "pivot": [
            -2.5,
            12,
            1.25
          ],
          "cubes": [
            {
              "origin": [
                -4.5,
                3.0,
                -0.75
              ],
              "size": [
                4.0,
                10.0,
                4.0
              ],
              "uv": [
                0,
                88
              ],
              "inflate": 0
            }
          ],
          "parent": "Joinleg2",
          "rotation": [
            0,
            0,
            -5
          ]
        },
        {
          "name": "Paul2",
          "pivot": [
            -2.51136,
            3,
            1.29545
          ],
          "cubes": [
            {
              "origin": [
                -5.0,
                0.0,
                2.0
              ],
              "size": [
                5.0,
                1.0,
                3.0
              ],
              "uv": [
                98,
                47
              ],
              "inflate": 0
            },
            {
              "origin": [
                -5.0,
                0.0,
                -3.0
              ],
              "size": [
                5.0,
                1.0,
                3.0
              ],
              "uv": [
                16,
                98
              ],
              "inflate": 0
            },
            {
              "origin": [
                -5.0,
                0.5,
                0.0
              ],
              "size": [
                5.0,
                1.0,
                2.0
              ],
              "uv": [
                99,
                80
              ],
              "inflate": 0
            },
            {
              "origin": [
                -5.0,
                0.0,
                -5.0
              ],
              "size": [
                1.0,
                1.0,
                2.0
              ],
              "uv": [
                0,
                38
              ],
              "inflate": 0
            },
            {
              "origin": [
                -4.0,
                0.0,
                -5.5
              ],
              "size": [
                1.0,
                1.0,
                3.0
              ],
              "uv": [
                16,
                102
              ],
              "inflate": 0
            },
            {
              "origin": [
                -3.0,
                0.0,
                -5.75
              ],
              "size": [
                1.0,
                1.0,
                3.0
              ],
              "uv": [
                8,
                102
              ],
              "inflate": 0
            },
            {
              "origin": [
                -2.0,
                0.0,
                -6.0
              ],
              "size": [
                1.0,
                1.0,
                3.0
              ],
              "uv": [
                0,
                102
              ],
              "inflate": 0
            },
            {
              "origin": [
                -1.25,
                0.0,
                -5.75
              ],
              "size": [
                1.25,
                1.0,
                3.0
              ],
              "uv": [
                56,
                99
              ],
              "inflate": 0
            },
            {
              "origin": [
                -5.0,
                1.0,
                -2.25
              ],
              "size": [
                5.0,
                1.0,
                7.0
              ],
              "uv": [
                46,
                84
              ],
              "inflate": 0
            },
            {
              "origin": [
                -5.0,
                2.0,
                -1.25
              ],
              "size": [
                5.0,
                1.0,
                5.0
              ],
              "uv": [
                91,
                18
              ],
              "inflate": 0
            },
            {
              "origin": [
                -5.0,
                0.5,
                -4.25
              ],
              "size": [
                5.0,
                1.0,
                2.0
              ],
              "uv": [
                98,
                69
              ],
              "inflate": 0
            }
          ],
          "parent": "Midleg2"
        },
        {
          "name": "Leg3",
          "pivot": [
            2,
            21,
            2
          ],
          "parent": "Legs"
        },
        {
          "name": "Joinleg3",
          "pivot": [
            2.5,
            21,
            1.5
          ],
          "cubes": [
            {
              "origin": [
                0.0,
                11.0,
                -1.0
              ],
              "size": [
                5.0,
                10.0,
                5.0
              ],
              "uv": [
                61,
                69
              ],
              "inflate": 0
            }
          ],
          "parent": "Leg3",
          "rotation": [
            0,
            -15,
            -5
          ]
        },
        {
          "name": "Midleg3",
          "pivot": [
            2.5,
            12,
            1.25
          ],
          "cubes": [
            {
              "origin": [
                0.5,
                3.0,
                -0.75
              ],
              "size": [
                4.0,
                10.0,
                4.0
              ],
              "uv": [
                86,
                47
              ],
              "inflate": 0
            }
          ],
          "parent": "Joinleg3",
          "rotation": [
            0,
            0,
            5
          ]
        },
        {
          "name": "Paul3",
          "pivot": [
            2.51136,
            3,
            1.29545
          ],
          "cubes": [
            {
              "origin": [
                0.0,
                0.0,
                2.0
              ],
              "size": [
                5.0,
                1.0,
                3.0
              ],
              "uv": [
                96,
                35
              ],
              "inflate": 0
            },
            {
              "origin": [
                0.0,
                0.0,
                -3.0
              ],
              "size": [
                5.0,
                1.0,
                3.0
              ],
              "uv": [
                85,
                94
              ],
              "inflate": 0
            },
            {
              "origin": [
                0.0,
                0.5,
                0.0
              ],
              "size": [
                5.0,
                1.0,
                2.0
              ],
              "uv": [
                63,
                84
              ],
              "inflate": 0
            },
            {
              "origin": [
                4.0,
                0.0,
                -5.0
              ],
              "size": [
                1.0,
                1.0,
                2.0
              ],
              "uv": [
                0,
                23
              ],
              "inflate": 0
            },
            {
              "origin": [
                3.0,
                0.0,
                -5.5
              ],
              "size": [
                1.0,
                1.0,
                3.0
              ],
              "uv": [
                87,
                0
              ],
              "inflate": 0
            },
            {
              "origin": [
                2.0,
                0.0,
                -5.75
              ],
              "size": [
                1.0,
                1.0,
                3.0
              ],
              "uv": [
                22,
                79
              ],
              "inflate": 0
            },
            {
              "origin": [
                1.0,
                0.0,
                -6.0
              ],
              "size": [
                1.0,
                1.0,
                3.0
              ],
              "uv": [
                76,
                69
              ],
              "inflate": 0
            },
            {
              "origin": [
                0.0,
                0.0,
                -5.75
              ],
              "size": [
                1.25,
                1.0,
                3.0
              ],
              "uv": [
                61,
                0
              ],
              "inflate": 0
            },
            {
              "origin": [
                0.0,
                1.0,
                -2.25
              ],
              "size": [
                5.0,
                1.0,
                7.0
              ],
              "uv": [
                84,
                39
              ],
              "inflate": 0
            },
            {
              "origin": [
                0.0,
                2.0,
                -1.25
              ],
              "size": [
                5.0,
                1.0,
                5.0
              ],
              "uv": [
                88,
                88
              ],
              "inflate": 0
            },
            {
              "origin": [
                0.0,
                0.5,
                -4.25
              ],
              "size": [
                5.0,
                1.0,
                2.0
              ],
              "uv": [
                59,
                14
              ],
              "inflate": 0
            }
          ],
          "parent": "Midleg3"
        },
        {
          "name": "Body",
          "pivot": [
            0,
            21,
            0
          ],
          "cubes": [
            {
              "origin": [
                -4.0,
                21.0,
                -1.0
              ],
              "size": [
                8.0,
                2.0,
                5.0
              ],
              "uv": [
                70,
                23
              ],
              "inflate": 0
            },
            {
              "origin": [
                -5.0,
                27.0,
                -1.0
              ],
              "size": [
                10.0,
                7.0,
                5.0
              ],
              "uv": [
                36,
                0
              ],
              "inflate": 0
            },
            {
              "origin": [
                -4.5,
                33.25,
                -1.0
              ],
              "size": [
                9.0,
                1.0,
                5.0
              ],
              "uv": [
                36,
                12
              ],
              "inflate": 0
            },
            {
              "origin": [
                -4.0,
                33.75,
                -1.0
              ],
              "size": [
                8.0,
                1.0,
                5.0
              ],
              "uv": [
                66,
                0
              ],
              "inflate": 0
            },
            {
              "origin": [
                -4.5,
                23.0,
                -1.0
              ],
              "size": [
                9.0,
                4.0,
                5.0
              ],
              "uv": [
                68,
                30
              ],
              "inflate": 0
            },
            {
              "origin": [
                -5.5,
                23.0,
                -1.5
              ],
              "size": [
                11.0,
                12.0,
                7.0
              ],
              "uv": [
                0,
                0
              ],
              "inflate": 0
            },
            {
              "origin": [
                -4.5,
                23.0,
                -1.25
              ],
              "size": [
                5.0,
                15.0,
                7.0
              ],
              "pivot": [
                -5.0,
                21.0,
                2.25
              ],
              "rotation": [
                0.0,
                0.0,
                25.0
              ],
              "uv": [
                0,
                38
              ],
              "inflate": 0
            }
          ],
          "parent": "Man"
        },
        {
          "name": "bone2",
          "pivot": [
            4,
            34.25,
            5.75
          ],
          "cubes": [
            {
              "origin": [
                1.5,
                5.5,
                5.75
              ],
              "size": [
                7.0,
                29.5,
                0.0
              ],
              "pivot": [
                4.0,
                34.25,
                5.75
              ],
              "rotation": [
                4.88206,
                -1.08089,
                -10.04608
              ],
              "uv": [
                54,
                35
              ],
              "inflate": 0
            },
            {
              "origin": [
                1.5,
                5.5,
                5.75
              ],
              "size": [
                7.0,
                29.5,
                0.0
              ],
              "pivot": [
                4.0,
                34.25,
                5.75
              ],
              "rotation": [
                4.53359,
                -2.11089,
                2.41643
              ],
              "uv": [
                54,
                35
              ],
              "inflate": 0
            },
            {
              "origin": [
                1.5,
                5.5,
                5.75
              ],
              "size": [
                7.0,
                29.5,
                0.0
              ],
              "pivot": [
                4.0,
                34.25,
                5.75
              ],
              "rotation": [
                5.0,
                0.0,
                -22.5
              ],
              "uv": [
                54,
                35
              ],
              "inflate": 0
            }
          ],
          "parent": "Body",
          "rotation": [
            12.08681,
            -3.21132,
            2.15993
          ]
        },
        {
          "name": "Handlall",
          "pivot": [
            -6,
            36,
            3
          ],
          "parent": "Body",
          "rotation": [
            10,
            -12.5,
            -22.5
          ]
        },
        {
          "name": "Hand4",
          "pivot": [
            -5,
            33,
            5
          ],
          "parent": "Handlall",
          "rotation": [
            180,
            -12.5,
            135
          ]
        },
        {
          "name": "Handm4",
          "pivot": [
            2.75,
            33,
            4
          ],
          "parent": "Hand4",
          "rotation": [
            5.96433,
            -1.10676,
            -28.74236
          ]
        },
        {
          "name": "Handfingers4",
          "pivot": [
            10.25,
            32.5,
            5.5
          ],
          "parent": "Handm4",
          "rotation": [
            -175.78875,
            8.6564,
            -14.58087
          ]
        },
        {
          "name": "Hand8",
          "pivot": [
            -5,
            33,
            5
          ],
          "parent": "Handlall",
          "rotation": [
            176.30074,
            -35.98608,
            154.44977
          ]
        },
        {
          "name": "Handm8",
          "pivot": [
            2.75,
            33,
            4
          ],
          "parent": "Hand8",
          "rotation": [
            5.96433,
            -1.10676,
            -28.74236
          ]
        },
        {
          "name": "Handfingers8",
          "pivot": [
            10.25,
            32.5,
            5.5
          ],
          "parent": "Handm8",
          "rotation": [
            170.55056,
            9.60377,
            -37.35349
          ]
        },
        {
          "name": "Hand9",
          "pivot": [
            -5,
            33,
            5
          ],
          "parent": "Handlall",
          "rotation": [
            159.78435,
            -50.13182,
            -169.09168
          ]
        },
        {
          "name": "Handm9",
          "pivot": [
            2.75,
            33,
            4
          ],
          "parent": "Hand9",
          "rotation": [
            5.96433,
            -1.10676,
            -28.74236
          ]
        },
        {
          "name": "Handfingers9",
          "pivot": [
            10.25,
            32.5,
            5.5
          ],
          "parent": "Handm9",
          "rotation": [
            -172.52274,
            6.069,
            10.4972
          ]
        },
        {
          "name": "Handral",
          "pivot": [
            5,
            35,
            3.25
          ],
          "parent": "Body",
          "rotation": [
            0.66154,
            1.5627,
            20.09245
          ]
        },
        {
          "name": "Hand3",
          "pivot": [
            5,
            33,
            4
          ],
          "parent": "Handral",
          "rotation": [
            0.35429,
            -14.1954,
            42.15518
          ]
        },
        {
          "name": "Handm3",
          "pivot": [
            12.68264,
            32.83771,
            3.83344
          ],
          "parent": "Hand3",
          "rotation": [
            -96.00879,
            8.06226,
            -25.60642
          ]
        },
        {
          "name": "Handfingers3",
          "pivot": [
            20.75746,
            33.98125,
            4.37998
          ],
          "parent": "Handm3",
          "rotation": [
            107.52168,
            -31.53521,
            5.12666
          ]
        },
        {
          "name": "Hand5",
          "pivot": [
            5,
            33,
            4
          ],
          "parent": "Handral",
          "rotation": [
            8.49839,
            -28.85133,
            10.50731
          ]
        },
        {
          "name": "Handm5",
          "pivot": [
            12.68264,
            32.83771,
            3.83344
          ],
          "parent": "Hand5",
          "rotation": [
            -96.00879,
            8.06226,
            -25.60642
          ]
        },
        {
          "name": "Handfingers5",
          "pivot": [
            20.75746,
            33.98125,
            4.37998
          ],
          "parent": "Handm5",
          "rotation": [
            90,
            17.5,
            12.5
          ]
        },
        {
          "name": "Hand6",
          "pivot": [
            5,
            33,
            4
          ],
          "parent": "Handral",
          "rotation": [
            15.89805,
            -40.21239,
            -26.33035
          ]
        },
        {
          "name": "Handm6",
          "pivot": [
            12.68264,
            32.83771,
            3.83344
          ],
          "parent": "Hand6",
          "rotation": [
            -96.00879,
            8.06226,
            -25.60642
          ]
        },
        {
          "name": "Handfingers6",
          "pivot": [
            20.75746,
            33.98125,
            4.37998
          ],
          "parent": "Handm6",
          "rotation": [
            93.46148,
            7.10943,
            20.05121
          ]
        },
        {
          "name": "Hand7",
          "pivot": [
            5,
            33,
            4
          ],
          "parent": "Handral",
          "rotation": [
            46.39122,
            -41.48708,
            -67.71328
          ]
        },
        {
          "name": "Handm7",
          "pivot": [
            12.68264,
            32.83771,
            3.83344
          ],
          "parent": "Hand7",
          "rotation": [
            -96.00879,
            8.06226,
            -25.60642
          ]
        },
        {
          "name": "Handfingers7",
          "pivot": [
            20.75746,
            33.98125,
            4.37998
          ],
          "parent": "Handm7",
          "rotation": [
            90,
            -17.5,
            12.5
          ]
        },
        {
          "name": "Head",
          "pivot": [
            0,
            35,
            2
          ],
          "cubes": [
            {
              "origin": [
                -1.5,
                34.75,
                0.0
              ],
              "size": [
                3.0,
                2.0,
                3.0
              ],
              "uv": [
                29,
                0
              ],
              "inflate": 0
            },
            {
              "origin": [
                -3.0,
                36.0,
                -1.0
              ],
              "size": [
                6.0,
                6.0,
                5.0
              ],
              "uv": [
                81,
                69
              ],
              "inflate": 0
            },
            {
              "origin": [
                0.0,
                35.5,
                -1.5
              ],
              "size": [
                2.0,
                2.0,
                1.0
              ],
              "uv": [
                27,
                23
              ],
              "inflate": 0
            },
            {
              "origin": [
                -5.0,
                22.0,
                6.0
              ],
              "size": [
                10.0,
                20.0,
                0.0
              ],
              "uv": [
                0,
                60
              ],
              "inflate": 0
            },
            {
              "origin": [
                -9.0,
                41.0,
                6.0
              ],
              "size": [
                18.0,
                16.0,
                0.0
              ],
              "uv": [
                34,
                19
              ],
              "inflate": 0
            },
            {
              "origin": [
                -4.0,
                45.0,
                -0.75
              ],
              "size": [
                8.0,
                8.0,
                0.0
              ],
              "uv": [
                91,
                61
              ],
              "inflate": 0
            },
            {
              "origin": [
                -3.5,
                42.0,
                -1.0
              ],
              "size": [
                7.0,
                3.0,
                6.0
              ],
              "uv": [
                70,
                14
              ],
              "inflate": 0
            },
            {
              "origin": [
                3.5,
                42.0,
                2.0
              ],
              "size": [
                3.0,
                6.0,
                0.0
              ],
              "uv": [
                0,
                0
              ],
              "inflate": 0
            },
            {
              "origin": [
                -6.5,
                42.0,
                2.0
              ],
              "size": [
                3.0,
                6.0,
                0.0
              ],
              "uv": [
                0,
                0
              ],
              "inflate": 0,
              "mirror": true
            },
            {
              "origin": [
                -3.0,
                45.0,
                0.0
              ],
              "size": [
                6.0,
                2.0,
                4.0
              ],
              "uv": [
                90,
                12
              ],
              "inflate": 0
            },
            {
              "origin": [
                -3.5,
                45.0,
                -0.5
              ],
              "size": [
                7.0,
                1.0,
                5.0
              ],
              "uv": [
                86,
                6
              ],
              "inflate": 0
            },
            {
              "origin": [
                -2.0,
                47.0,
                0.0
              ],
              "size": [
                4.0,
                2.0,
                4.0
              ],
              "uv": [
                92,
                0
              ],
              "inflate": 0
            },
            {
              "origin": [
                -1.0,
                49.0,
                1.0
              ],
              "size": [
                2.0,
                2.0,
                2.0
              ],
              "uv": [
                49,
                92
              ],
              "inflate": 0
            },
            {
              "origin": [
                -3.5,
                35.0,
                4.0
              ],
              "size": [
                7.0,
                8.0,
                2.0
              ],
              "uv": [
                16,
                88
              ],
              "inflate": 0
            },
            {
              "origin": [
                3.5,
                35.0,
                0.0
              ],
              "size": [
                0.0,
                7.0,
                4.0
              ],
              "pivot": [
                3.5,
                42.0,
                2.0
              ],
              "rotation": [
                0.0,
                0.0,
                -12.5
              ],
              "uv": [
                78,
                94
              ],
              "inflate": 0
            },
            {
              "origin": [
                -3.5,
                35.0,
                0.0
              ],
              "size": [
                0.0,
                7.0,
                4.0
              ],
              "pivot": [
                -3.5,
                42.0,
                2.0
              ],
              "rotation": [
                0.0,
                0.0,
                12.5
              ],
              "uv": [
                53,
                70
              ],
              "inflate": 0
            },
            {
              "origin": [
                -3.5,
                35.0,
                2.0
              ],
              "size": [
                7.0,
                7.0,
                2.0
              ],
              "uv": [
                70,
                88
              ],
              "inflate": 0
            },
            {
              "origin": [
                3.5,
                35.0,
                -2.0
              ],
              "size": [
                2.0,
                1.0,
                6.0
              ],
              "uv": [
                54,
                92
              ],
              "inflate": 0
            },
            {
              "origin": [
                -5.5,
                35.0,
                -2.0
              ],
              "size": [
                2.0,
                1.0,
                6.0
              ],
              "uv": [
                20,
                72
              ],
              "inflate": 0
            },
            {
              "origin": [
                4.5,
                17.0,
                -2.0
              ],
              "size": [
                3.0,
                19.0,
                0.0
              ],
              "pivot": [
                5.5,
                36.0,
                -2.0
              ],
              "rotation": [
                0.0,
                0.0,
                -2.5
              ],
              "uv": [
                34,
                89
              ],
              "inflate": 0
            },
            {
              "origin": [
                -7.5,
                17.0,
                -2.0
              ],
              "size": [
                3.0,
                19.0,
                0.0
              ],
              "pivot": [
                -5.5,
                36.0,
                -2.0
              ],
              "rotation": [
                0.0,
                0.0,
                2.5
              ],
              "uv": [
                24,
                38
              ],
              "inflate": 0
            },
            {
              "origin": [
                -3.5,
                38.0,
                1.0
              ],
              "size": [
                1.0,
                2.0,
                1.0
              ],
              "uv": [
                17,
                40
              ],
              "inflate": 0
            },
            {
              "origin": [
                2.5,
                38.0,
                1.0
              ],
              "size": [
                1.0,
                2.0,
                1.0
              ],
              "uv": [
                30,
                38
              ],
              "inflate": 0
            },
            {
              "origin": [
                2.5,
                36.0,
                1.5
              ],
              "size": [
                2.0,
                2.0,
                0.0
              ],
              "uv": [
                38,
                39
              ],
              "inflate": 0
            },
            {
              "origin": [
                -4.5,
                36.0,
                1.5
              ],
              "size": [
                2.0,
                2.0,
                0.0
              ],
              "uv": [
                36,
                15
              ],
              "inflate": 0
            },
            {
              "origin": [
                -0.5,
                37.0,
                -1.75
              ],
              "size": [
                1.0,
                2.0,
                1.0
              ],
              "pivot": [
                0.5,
                37.0,
                -1.0
              ],
              "rotation": [
                -27.5,
                0.0,
                0.0
              ],
              "uv": [
                36,
                12
              ],
              "inflate": 0
            }
          ],
          "parent": "Body"
        },
        {
          "name": "Hand",
          "pivot": [
            5,
            34,
            1
          ],
          "cubes": [
            {
              "origin": [
                5.0,
                31.0,
                -1.0
              ],
              "size": [
                9.0,
                5.0,
                5.0
              ],
              "uv": [
                38,
                64
              ],
              "inflate": 0
            }
          ],
          "parent": "Body",
          "rotation": [
            0.32652,
            2.50702,
            60.03564
          ]
        },
        {
          "name": "Handm",
          "pivot": [
            12.68264,
            33.83771,
            0.83344
          ],
          "cubes": [
            {
              "origin": [
                11.92325,
                32.70347,
                -0.59599
              ],
              "size": [
                9.0,
                4.0,
                4.0
              ],
              "uv": [
                77,
                80
              ],
              "inflate": 0
            },
            {
              "origin": [
                15.92325,
                32.20347,
                -1.09599
              ],
              "size": [
                2.0,
                5.0,
                5.0
              ],
              "uv": [
                40,
                92
              ],
              "inflate": 0
            }
          ],
          "parent": "Hand",
          "rotation": [
            -100.05369,
            65.03367,
            -19.988
          ]
        },
        {
          "name": "Handfingers",
          "pivot": [
            20.75746,
            34.98125,
            1.37998
          ],
          "cubes": [
            {
              "origin": [
                19.92039,
                32.70347,
                -0.72685
              ],
              "size": [
                2.0,
                4.0,
                4.0
              ],
              "uv": [
                97,
                94
              ],
              "inflate": 0
            },
            {
              "origin": [
                21.92039,
                32.70347,
                -0.72685
              ],
              "size": [
                1.0,
                4.0,
                4.0
              ],
              "uv": [
                50,
                99
              ],
              "inflate": 0
            },
            {
              "origin": [
                24.42039,
                35.70347,
                2.27315
              ],
              "size": [
                3.0,
                1.0,
                1.0
              ],
              "pivot": [
                24.42039,
                36.20347,
                2.77315
              ],
              "rotation": [
                0.0,
                70.0,
                0.0
              ],
              "uv": [
                40,
                89
              ],
              "inflate": 0
            },
            {
              "origin": [
                24.42039,
                34.70347,
                2.27315
              ],
              "size": [
                4.0,
                1.0,
                1.0
              ],
              "pivot": [
                24.92039,
                35.20347,
                2.77315
              ],
              "rotation": [
                -180.0,
                70.0,
                180.0
              ],
              "uv": [
                38,
                62
              ],
              "inflate": 0
            },
            {
              "origin": [
                24.93547,
                33.70347,
                2.18765
              ],
              "size": [
                3.0,
                1.0,
                1.0
              ],
              "pivot": [
                24.92039,
                34.20347,
                2.77315
              ],
              "rotation": [
                -180.0,
                72.5,
                180.0
              ],
              "uv": [
                63,
                87
              ],
              "inflate": 0
            },
            {
              "origin": [
                24.92039,
                32.70347,
                2.27315
              ],
              "size": [
                2.0,
                1.0,
                1.0
              ],
              "pivot": [
                24.92039,
                33.20347,
                2.77315
              ],
              "rotation": [
                -180.0,
                70.0,
                180.0
              ],
              "uv": [
                38,
                37
              ],
              "inflate": 0
            },
            {
              "origin": [
                22.92039,
                32.70347,
                1.27315
              ],
              "size": [
                2.0,
                4.0,
                2.0
              ],
              "uv": [
                101,
                39
              ],
              "inflate": 0
            },
            {
              "origin": [
                22.92039,
                34.70347,
                -0.72685
              ],
              "size": [
                1.0,
                2.0,
                2.0
              ],
              "uv": [
                27,
                19
              ],
              "inflate": 0
            },
            {
              "origin": [
                23.92039,
                35.70347,
                -0.72685
              ],
              "size": [
                2.0,
                1.0,
                1.0
              ],
              "pivot": [
                23.92039,
                36.20347,
                -0.22685
              ],
              "rotation": [
                0.0,
                -27.5,
                0.0
              ],
              "uv": [
                38,
                35
              ],
              "inflate": 0
            }
          ],
          "parent": "Handm",
          "rotation": [
            -175,
            -25,
            12.5
          ]
        },
        {
          "name": "Hand2",
          "pivot": [
            -5,
            34,
            2
          ],
          "cubes": [
            {
              "origin": [
                -5.0,
                31.0,
                0.0
              ],
              "size": [
                9.0,
                5.0,
                5.0
              ],
              "uv": [
                63,
                59
              ],
              "inflate": 0
            }
          ],
          "parent": "Body",
          "rotation": [
            -180,
            15,
            135
          ]
        },
        {
          "name": "Handm2",
          "pivot": [
            3,
            33.5,
            2.5
          ],
          "cubes": [
            {
              "origin": [
                1.75,
                31.5,
                0.5
              ],
              "size": [
                9.0,
                4.0,
                4.0
              ],
              "uv": [
                0,
                80
              ],
              "inflate": 0
            },
            {
              "origin": [
                6.75,
                31.0,
                0.0
              ],
              "size": [
                2.0,
                5.0,
                5.0
              ],
              "uv": [
                91,
                25
              ],
              "inflate": 0
            }
          ],
          "parent": "Hand2",
          "rotation": [
            -155.73881,
            -70.24977,
            -176.58295
          ]
        },
        {
          "name": "Handfingers2",
          "pivot": [
            10.25,
            33.5,
            2.5
          ],
          "cubes": [
            {
              "origin": [
                9.75,
                31.5,
                0.5
              ],
              "size": [
                2.0,
                4.0,
                4.0
              ],
              "uv": [
                66,
                97
              ],
              "inflate": 0
            },
            {
              "origin": [
                11.75,
                31.5,
                0.5
              ],
              "size": [
                1.0,
                4.0,
                4.0
              ],
              "uv": [
                86,
                98
              ],
              "inflate": 0
            },
            {
              "origin": [
                14.25,
                33.5,
                3.5
              ],
              "size": [
                3.0,
                1.0,
                1.0
              ],
              "pivot": [
                14.75,
                35.0,
                4.0
              ],
              "rotation": [
                -180.0,
                75.0,
                180.0
              ],
              "uv": [
                53,
                81
              ],
              "inflate": 0
            },
            {
              "origin": [
                14.25,
                32.5,
                3.5
              ],
              "size": [
                4.0,
                1.0,
                1.0
              ],
              "pivot": [
                14.75,
                35.0,
                4.0
              ],
              "rotation": [
                -180.0,
                77.5,
                180.0
              ],
              "uv": [
                24,
                57
              ],
              "inflate": 0
            },
            {
              "origin": [
                14.75,
                31.5,
                3.5
              ],
              "size": [
                3.0,
                1.0,
                1.0
              ],
              "pivot": [
                14.75,
                35.0,
                4.0
              ],
              "rotation": [
                -180.0,
                70.0,
                180.0
              ],
              "uv": [
                63,
                17
              ],
              "inflate": 0
            },
            {
              "origin": [
                14.75,
                34.5,
                3.5
              ],
              "size": [
                2.0,
                1.0,
                1.0
              ],
              "pivot": [
                14.75,
                35.0,
                4.0
              ],
              "rotation": [
                -180.0,
                75.0,
                180.0
              ],
              "uv": [
                17,
                38
              ],
              "inflate": 0
            },
            {
              "origin": [
                12.75,
                31.5,
                2.5
              ],
              "size": [
                2.0,
                4.0,
                2.0
              ],
              "uv": [
                100,
                24
              ],
              "inflate": 0
            },
            {
              "origin": [
                12.75,
                31.5,
                0.5
              ],
              "size": [
                1.0,
                2.0,
                2.0
              ],
              "uv": [
                0,
                19
              ],
              "inflate": 0
            },
            {
              "origin": [
                13.75,
                31.5,
                0.5
              ],
              "size": [
                2.0,
                1.0,
                1.0
              ],
              "pivot": [
                13.75,
                32.0,
                1.0
              ],
              "rotation": [
                0.0,
                -67.5,
                0.0
              ],
              "uv": [
                29,
                5
              ],
              "inflate": 0
            }
          ],
          "parent": "Handm2",
          "rotation": [
            152.77842,
            -41.19438,
            3.26053
          ]
        },
        {
          "name": "bone",
          "pivot": [
            13.25,
            43,
            2
          ],
          "cubes": [
            {
              "origin": [
                12.75,
                23.5,
                1.5
              ],
              "size": [
                1.0,
                42.0,
                1.0
              ],
              "uv": [
                34,
                35
              ],
              "inflate": 0
            },
            {
              "origin": [
                13.25,
                15.5,
                2.0
              ],
              "size": [
                0.0,
                12.0,
                7.0
              ],
              "uv": [
                20,
                53
              ],
              "inflate": 0
            },
            {
              "origin": [
                13.25,
                15.5,
                2.0
              ],
              "size": [
                0.0,
                12.0,
                7.0
              ],
              "pivot": [
                13.25,
                23.0,
                2.0
              ],
              "rotation": [
                -180.0,
                0.0,
                180.0
              ],
              "uv": [
                20,
                53
              ],
              "inflate": 0
            }
          ],
          "parent": "Handfingers2",
          "rotation": [
            169.62241,
            66.97934,
            165.61758
          ]
        },
        {
          "name": "Base",
          "parent": "Man"
        }
      ]
    }
  ]
}