{
  "format_version": "1.10.0",
  "geometry.ms_feta": {
    "texturewidth": 64,
    "textureheight": 64,
    "visible_bounds_width": 3,
    "visible_bounds_height": 4,
    "visible_bounds_offset": [
      0,
      2,
      0
    ],
    "bones": [
      {
        "name": "head",
        "pivot": [
          0,
          24,
          0
        ],
        "cubes": [
          {
            "origin": [
              -4.0,
              24.0,
              -4.0
            ],
            "size": [
              8.0,
              8.0,
              8.0
            ],
            "uv": [
              0,
              0
            ],
            "inflate": 0.6
          },
          {
            "origin": [
              -5.0,
              32.0,
              -4.0
            ],
            "size": [
              9.0,
              3.0,
              8.0
            ],
            "uv": [
              0,
              16
            ],
            "inflate": 1.2
          },
          {
            "origin": [
              4.0,
              29.0,
              -4.0
            ],
            "size": [
              1.0,
              5.0,
              8.0
            ],
            "uv": [
              6,
              36
            ],
            "inflate": 0
          },
          {
            "origin": [
              -6.0,
              28.0,
              -4.0
            ],
            "size": [
              2.0,
              6.0,
              8.0
            ],
            "uv": [
              32,
              28
            ],
            "inflate": 0
          },
          {
            "origin": [
              -6.0,
              25.0,
              -2.0
            ],
            "size": [
              2.0,
              3.0,
              6.0
            ],
            "uv": [
              38,
              17
            ],
            "inflate": 0
          },
          {
            "origin": [
              -6.0,
              36.0,
              -4.0
            ],
            "size": [
              6.0,
              1.0,
              8.0
            ],
            "uv": [
              26,
              8
            ],
            "inflate": 0
          },
          {
            "origin": [
              -6.0,
              37.0,
              -4.0
            ],
            "size": [
              5.0,
              1.0,
              8.0
            ],
            "uv": [
              0,
              27
            ],
            "inflate": 0
          },
          {
            "origin": [
              -1.0,
              35.0,
              -6.0
            ],
            "size": [
              2.0,
              1.0,
              1.0
            ],
            "uv": [
              0,
              22
            ],
            "inflate": 0
          },
          {
            "origin": [
              0.0,
              36.0,
              -6.0
            ],
            "size": [
              2.0,
              1.0,
              10.0
            ],
            "uv": [
              24,
              17
            ],
            "inflate": 0
          },
          {
            "origin": [
              0.0,
              13.0,
              5.0
            ],
            "size": [
              2.0,
              24.0,
              1.0
            ],
            "uv": [
              0,
              36
            ],
            "inflate": 0
          },
          {
            "origin": [
              1.0,
              10.0,
              6.0
            ],
            "size": [
              2.0,
              27.0,
              1.0
            ],
            "uv": [
              26,
              28
            ],
            "inflate": 0
          },
          {
            "origin": [
              -2.0,
              34.0,
              -6.0
            ],
            "size": [
              2.0,
              1.0,
              1.0
            ],
            "uv": [
              0,
              20
            ],
            "inflate": 0
          },
          {
            "origin": [
              1.0,
              32.0,
              -5.75
            ],
            "size": [
              4.0,
              3.0,
              0.0
            ],
            "uv": [
              0,
              0
            ],
            "inflate": 0
          },
          {
            "origin": [
              -3.0,
              33.0,
              -6.0
            ],
            "size": [
              2.0,
              1.0,
              1.0
            ],
            "uv": [
              0,
              18
            ],
            "inflate": 0
          },
          {
            "origin": [
              -4.0,
              32.0,
              -6.0
            ],
            "size": [
              2.0,
              1.0,
              1.0
            ],
            "uv": [
              0,
              16
            ],
            "inflate": 0
          },
          {
            "origin": [
              -5.0,
              31.0,
              -6.0
            ],
            "size": [
              2.0,
              1.0,
              1.0
            ],
            "uv": [
              0,
              5
            ],
            "inflate": 0
          },
          {
            "origin": [
              -6.0,
              30.0,
              -6.0
            ],
            "size": [
              2.0,
              1.0,
              1.0
            ],
            "uv": [
              0,
              3
            ],
            "inflate": 0
          }
        ]
      },
      {
        "name": "bone",
        "pivot": [
          4.5,
          36.75,
          2
        ],
        "cubes": [
          {
            "origin": [
              3.0,
              36.0,
              2.0
            ],
            "size": [
              3.0,
              8.0,
              1.0
            ],
            "uv": [
              54,
              9
            ],
            "inflate": 0
          }
        ],
        "parent": "head",
        "rotation": [
          0,
          0,
          -2.5
        ]
      },
      {
        "name": "bone10",
        "pivot": [
          4.5,
          36.75,
          2
        ],
        "cubes": [
          {
            "origin": [
              3.0,
              36.0,
              2.0
            ],
            "size": [
              3.0,
              8.0,
              1.0
            ],
            "uv": [
              46,
              0
            ],
            "inflate": 0
          }
        ],
        "parent": "head",
        "rotation": [
          0,
          0,
          -27.5
        ]
      },
      {
        "name": "bone11",
        "pivot": [
          4.5,
          36.75,
          2
        ],
        "cubes": [
          {
            "origin": [
              3.0,
              36.0,
              2.0
            ],
            "size": [
              3.0,
              8.0,
              1.0
            ],
            "uv": [
              40,
              42
            ],
            "inflate": 0
          }
        ],
        "parent": "head",
        "rotation": [
          0,
          0,
          -50
        ]
      },
      {
        "name": "bone12",
        "pivot": [
          4.5,
          36.75,
          2
        ],
        "cubes": [
          {
            "origin": [
              3.0,
              36.0,
              2.0
            ],
            "size": [
              3.0,
              8.0,
              1.0
            ],
            "uv": [
              32,
              42
            ],
            "inflate": 0
          }
        ],
        "parent": "head",
        "rotation": [
          0,
          0,
          -70
        ]
      },
      {
        "name": "bone2",
        "pivot": [
          4.5,
          36.75,
          2
        ],
        "cubes": [
          {
            "origin": [
              3.0,
              36.0,
              2.0
            ],
            "size": [
              3.0,
              8.0,
              1.0
            ],
            "uv": [
              54,
              0
            ],
            "inflate": 0
          }
        ],
        "parent": "head",
        "rotation": [
          0,
          0,
          22.5
        ]
      },
      {
        "name": "bone3",
        "pivot": [
          4.5,
          36.75,
          2
        ],
        "cubes": [
          {
            "origin": [
              3.0,
              36.0,
              2.0
            ],
            "size": [
              3.0,
              8.0,
              1.0
            ],
            "uv": [
              48,
              51
            ],
            "inflate": 0
          }
        ],
        "parent": "head",
        "rotation": [
          0,
          0,
          45
        ]
      },
      {
        "name": "bone4",
        "pivot": [
          4.5,
          36.75,
          2
        ],
        "cubes": [
          {
            "origin": [
              3.0,
              36.0,
              2.0
            ],
            "size": [
              3.0,
              8.0,
              1.0
            ],
            "uv": [
              40,
              51
            ],
            "inflate": 0
          }
        ],
        "parent": "head",
        "rotation": [
          0,
          0,
          67.5
        ]
      },
      {
        "name": "bone5",
        "pivot": [
          4.5,
          36.75,
          2
        ],
        "cubes": [
          {
            "origin": [
              3.0,
              36.0,
              2.0
            ],
            "size": [
              3.0,
              8.0,
              1.0
            ],
            "uv": [
              32,
              51
            ],
            "inflate": 0
          }
        ],
        "parent": "head",
        "rotation": [
          0,
          0,
          90
        ]
      },
      {
        "name": "bone6",
        "pivot": [
          4.5,
          36.75,
          2
        ],
        "cubes": [
          {
            "origin": [
              3.0,
              36.0,
              2.0
            ],
            "size": [
              3.0,
              8.0,
              1.0
            ],
            "uv": [
              14,
              49
            ],
            "inflate": 0
          }
        ],
        "parent": "head",
        "rotation": [
          0,
          0,
          112.5
        ]
      },
      {
        "name": "bone7",
        "pivot": [
          4.5,
          36.75,
          2
        ],
        "cubes": [
          {
            "origin": [
              3.0,
              36.0,
              2.0
            ],
            "size": [
              3.0,
              8.0,
              1.0
            ],
            "uv": [
              6,
              49
            ],
            "inflate": 0
          }
        ],
        "parent": "head",
        "rotation": [
          0,
          0,
          135
        ]
      },
      {
        "name": "bone8",
        "pivot": [
          4.5,
          36.75,
          2
        ],
        "parent": "head",
        "rotation": [
          0,
          0,
          157.5
        ]
      },
      {
        "name": "bone9",
        "pivot": [
          4.5,
          36.75,
          2
        ],
        "cubes": [
          {
            "origin": [
              3.0,
              36.0,
              2.0
            ],
            "size": [
              3.0,
              8.0,
              1.0
            ],
            "uv": [
              47,
              27
            ],
            "inflate": 0
          }
        ],
        "parent": "head",
        "rotation": [
          0,
          0,
          157.5
        ]
      },
      {
        "name": "bone13",
        "pivot": [
          -0.5,
          33.5,
          -5.5
        ],
        "cubes": [
          {
            "origin": [
              -1.5,
              33.0,
              -5.5
            ],
            "size": [
              7.0,
              1.0,
              1.0
            ],
            "uv": [
              24,
              0
            ],
            "inflate": 0
          }
        ],
        "parent": "head",
        "rotation": [
          0,
          0,
          25
        ]
      }
    ]
  }
}