{
  "format_version": "1.12.0",
  "minecraft:geometry": [
    {
      "description": {
        "identifier": "geometry.ms_hanuman",
        "texture_width": 128,
        "texture_height": 128,
        "visible_bounds_width": 5,
        "visible_bounds_height": 5,
        "visible_bounds_offset": [
          0,
          1.5,
          0
        ]
      },
      "bones": [
        {
          "name": "Man"
        },
        {
          "name": "Legs",
          "pivot": [
            0,
            21,
            0
          ],
          "cubes": [
            {
              "origin": [
                -1.0,
                7.0,
                -1.0
              ],
              "size": [
                2.0,
                14.0,
                6.0
              ],
              "uv": [
                77,
                72
              ],
              "inflate": 0
            },
            {
              "origin": [
                -5.0,
                21.0,
                -2.0
              ],
              "size": [
                10.0,
                1.0,
                7.0
              ],
              "uv": [
                49,
                44
              ],
              "inflate": 0
            },
            {
              "origin": [
                -5.0,
                4.0,
                -2.0
              ],
              "size": [
                10.0,
                17.0,
                0.0
              ],
              "uv": [
                0,
                71
              ],
              "inflate": 0
            }
          ],
          "parent": "Man"
        },
        {
          "name": "Leg",
          "pivot": [
            -3,
            21,
            2
          ],
          "parent": "Legs"
        },
        {
          "name": "Joinleg",
          "pivot": [
            -2.5,
            21,
            1.5
          ],
          "cubes": [
            {
              "origin": [
                -5.0,
                8.0,
                -1.0
              ],
              "size": [
                5.0,
                13.0,
                5.0
              ],
              "uv": [
                23,
                66
              ],
              "inflate": 0
            }
          ],
          "parent": "Leg",
          "rotation": [
            0,
            15,
            5
          ]
        },
        {
          "name": "Midleg",
          "pivot": [
            -2.5,
            12,
            1.25
          ],
          "cubes": [
            {
              "origin": [
                -4.5,
                3.0,
                -0.75
              ],
              "size": [
                4.0,
                9.0,
                4.0
              ],
              "uv": [
                16,
                92
              ],
              "inflate": 0
            }
          ],
          "parent": "Joinleg",
          "rotation": [
            0,
            0,
            -5
          ]
        },
        {
          "name": "Paul",
          "pivot": [
            -2.48864,
            3,
            1.29545
          ],
          "cubes": [
            {
              "origin": [
                -5.0,
                0.0,
                2.0
              ],
              "size": [
                5.0,
                1.0,
                3.0
              ],
              "uv": [
                97,
                24
              ],
              "inflate": 0
            },
            {
              "origin": [
                -5.0,
                0.0,
                -3.0
              ],
              "size": [
                5.0,
                1.0,
                3.0
              ],
              "uv": [
                96,
                93
              ],
              "inflate": 0
            },
            {
              "origin": [
                -5.0,
                0.5,
                0.0
              ],
              "size": [
                5.0,
                1.0,
                2.0
              ],
              "uv": [
                101,
                34
              ],
              "inflate": 0
            },
            {
              "origin": [
                -5.0,
                0.0,
                -5.0
              ],
              "size": [
                1.0,
                1.0,
                2.0
              ],
              "uv": [
                43,
                74
              ],
              "inflate": 0
            },
            {
              "origin": [
                -4.0,
                0.0,
                -5.5
              ],
              "size": [
                1.0,
                1.0,
                3.0
              ],
              "uv": [
                101,
                47
              ],
              "inflate": 0
            },
            {
              "origin": [
                -3.0,
                0.0,
                -5.75
              ],
              "size": [
                1.0,
                1.0,
                3.0
              ],
              "uv": [
                101,
                37
              ],
              "inflate": 0
            },
            {
              "origin": [
                -2.0,
                0.0,
                -6.0
              ],
              "size": [
                1.0,
                1.0,
                3.0
              ],
              "uv": [
                64,
                97
              ],
              "inflate": 0
            },
            {
              "origin": [
                -1.0,
                0.0,
                -5.75
              ],
              "size": [
                1.25,
                1.0,
                3.0
              ],
              "uv": [
                52,
                97
              ],
              "inflate": 0
            },
            {
              "origin": [
                -5.0,
                1.0,
                -2.25
              ],
              "size": [
                5.0,
                1.0,
                7.0
              ],
              "uv": [
                84,
                56
              ],
              "inflate": 0
            },
            {
              "origin": [
                -5.0,
                2.0,
                -1.25
              ],
              "size": [
                5.0,
                1.0,
                5.0
              ],
              "uv": [
                87,
                72
              ],
              "inflate": 0
            },
            {
              "origin": [
                -5.0,
                0.5,
                -4.25
              ],
              "size": [
                5.0,
                1.0,
                2.0
              ],
              "uv": [
                0,
                101
              ],
              "inflate": 0
            }
          ],
          "parent": "Midleg"
        },
        {
          "name": "Leg2",
          "pivot": [
            2,
            21,
            2
          ],
          "parent": "Legs"
        },
        {
          "name": "Joinleg2",
          "pivot": [
            2.5,
            21,
            1.5
          ],
          "cubes": [
            {
              "origin": [
                0.0,
                8.0,
                -1.0
              ],
              "size": [
                5.0,
                13.0,
                5.0
              ],
              "uv": [
                49,
                64
              ],
              "inflate": 0
            }
          ],
          "parent": "Leg2",
          "rotation": [
            0,
            -15,
            -5
          ]
        },
        {
          "name": "Midleg2",
          "pivot": [
            2.5,
            12,
            1.25
          ],
          "cubes": [
            {
              "origin": [
                0.5,
                3.0,
                -0.75
              ],
              "size": [
                4.0,
                9.0,
                4.0
              ],
              "uv": [
                0,
                88
              ],
              "inflate": 0
            }
          ],
          "parent": "Joinleg2",
          "rotation": [
            0,
            0,
            5
          ]
        },
        {
          "name": "Paul2",
          "pivot": [
            2.51136,
            3,
            1.29545
          ],
          "cubes": [
            {
              "origin": [
                0.0,
                0.0,
                2.0
              ],
              "size": [
                5.0,
                1.0,
                3.0
              ],
              "uv": [
                96,
                43
              ],
              "inflate": 0
            },
            {
              "origin": [
                0.0,
                0.0,
                -3.0
              ],
              "size": [
                5.0,
                1.0,
                3.0
              ],
              "uv": [
                92,
                14
              ],
              "inflate": 0
            },
            {
              "origin": [
                0.0,
                0.5,
                0.0
              ],
              "size": [
                5.0,
                1.0,
                2.0
              ],
              "uv": [
                100,
                0
              ],
              "inflate": 0
            },
            {
              "origin": [
                4.0,
                0.0,
                -5.0
              ],
              "size": [
                1.0,
                1.0,
                2.0
              ],
              "uv": [
                43,
                71
              ],
              "inflate": 0
            },
            {
              "origin": [
                3.0,
                0.0,
                -5.5
              ],
              "size": [
                1.0,
                1.0,
                3.0
              ],
              "uv": [
                61,
                86
              ],
              "inflate": 0
            },
            {
              "origin": [
                2.0,
                0.0,
                -5.75
              ],
              "size": [
                1.0,
                1.0,
                3.0
              ],
              "uv": [
                30,
                84
              ],
              "inflate": 0
            },
            {
              "origin": [
                1.0,
                0.0,
                -6.0
              ],
              "size": [
                1.0,
                1.0,
                3.0
              ],
              "uv": [
                59,
                82
              ],
              "inflate": 0
            },
            {
              "origin": [
                0.0,
                0.0,
                -5.75
              ],
              "size": [
                1.25,
                1.0,
                3.0
              ],
              "uv": [
                76,
                44
              ],
              "inflate": 0
            },
            {
              "origin": [
                0.0,
                1.0,
                -2.25
              ],
              "size": [
                5.0,
                1.0,
                7.0
              ],
              "uv": [
                13,
                84
              ],
              "inflate": 0
            },
            {
              "origin": [
                0.0,
                2.0,
                -1.25
              ],
              "size": [
                5.0,
                1.0,
                5.0
              ],
              "uv": [
                87,
                8
              ],
              "inflate": 0
            },
            {
              "origin": [
                0.0,
                0.5,
                -4.25
              ],
              "size": [
                5.0,
                1.0,
                2.0
              ],
              "uv": [
                38,
                66
              ],
              "inflate": 0
            }
          ],
          "parent": "Midleg2"
        },
        {
          "name": "Body",
          "pivot": [
            0,
            21,
            0
          ],
          "cubes": [
            {
              "origin": [
                -4.0,
                21.0,
                -1.0
              ],
              "size": [
                8.0,
                2.0,
                5.0
              ],
              "uv": [
                80,
                36
              ],
              "inflate": 0
            },
            {
              "origin": [
                -5.0,
                27.0,
                -1.0
              ],
              "size": [
                10.0,
                7.0,
                5.0
              ],
              "uv": [
                54,
                52
              ],
              "inflate": 0
            },
            {
              "origin": [
                -5.0,
                25.0,
                -2.0
              ],
              "size": [
                10.0,
                10.0,
                5.0
              ],
              "uv": [
                24,
                51
              ],
              "inflate": 0
            },
            {
              "origin": [
                -4.5,
                33.25,
                -1.0
              ],
              "size": [
                9.0,
                1.0,
                5.0
              ],
              "uv": [
                80,
                18
              ],
              "inflate": 0
            },
            {
              "origin": [
                -4.0,
                33.75,
                -1.0
              ],
              "size": [
                8.0,
                1.0,
                5.0
              ],
              "uv": [
                38,
                82
              ],
              "inflate": 0
            },
            {
              "origin": [
                -4.5,
                23.0,
                -1.0
              ],
              "size": [
                9.0,
                4.0,
                5.0
              ],
              "uv": [
                64,
                9
              ],
              "inflate": 0
            },
            {
              "origin": [
                0.76433,
                19.22445,
                -1.25
              ],
              "size": [
                6.0,
                17.0,
                6.0
              ],
              "pivot": [
                2.76433,
                29.22445,
                -1.5
              ],
              "rotation": [
                0.0,
                0.0,
                25.0
              ],
              "uv": [
                0,
                38
              ],
              "inflate": 0
            },
            {
              "origin": [
                3.65189,
                -1.75062,
                4.75
              ],
              "size": [
                12.0,
                38.0,
                0.0
              ],
              "pivot": [
                4.15189,
                35.74938,
                4.75
              ],
              "rotation": [
                17.06488,
                -10.58927,
                -1.59314
              ],
              "uv": [
                0,
                0
              ],
              "inflate": 0
            }
          ],
          "parent": "Man"
        },
        {
          "name": "Head",
          "pivot": [
            0,
            35,
            2
          ],
          "cubes": [
            {
              "origin": [
                -1.5,
                34.75,
                0.0
              ],
              "size": [
                3.0,
                2.0,
                3.0
              ],
              "uv": [
                68,
                30
              ],
              "inflate": 0
            },
            {
              "origin": [
                -3.0,
                36.0,
                -1.0
              ],
              "size": [
                6.0,
                6.0,
                5.0
              ],
              "uv": [
                80,
                25
              ],
              "inflate": 0
            },
            {
              "origin": [
                -4.0,
                35.0,
                -2.0
              ],
              "size": [
                3.0,
                3.0,
                3.0
              ],
              "uv": [
                99,
                98
              ],
              "inflate": 0
            },
            {
              "origin": [
                1.0,
                35.0,
                -2.0
              ],
              "size": [
                3.0,
                3.0,
                3.0
              ],
              "uv": [
                99,
                64
              ],
              "inflate": 0
            },
            {
              "origin": [
                -1.0,
                35.0,
                -2.0
              ],
              "size": [
                2.0,
                2.0,
                2.0
              ],
              "uv": [
                49,
                52
              ],
              "inflate": 0
            },
            {
              "origin": [
                -3.0,
                30.0,
                4.0
              ],
              "size": [
                6.0,
                10.0,
                1.0
              ],
              "uv": [
                72,
                93
              ],
              "inflate": 0
            },
            {
              "origin": [
                -4.0,
                42.0,
                -2.0
              ],
              "size": [
                8.0,
                2.0,
                6.0
              ],
              "uv": [
                77,
                64
              ],
              "inflate": 0
            },
            {
              "origin": [
                -8.0,
                40.0,
                4.25
              ],
              "size": [
                16.0,
                16.0,
                0.0
              ],
              "uv": [
                24,
                35
              ],
              "inflate": 0
            },
            {
              "origin": [
                -3.0,
                44.0,
                -1.0
              ],
              "size": [
                6.0,
                2.0,
                5.0
              ],
              "uv": [
                50,
                90
              ],
              "inflate": 0
            },
            {
              "origin": [
                -2.0,
                46.0,
                0.0
              ],
              "size": [
                4.0,
                1.0,
                4.0
              ],
              "uv": [
                84,
                43
              ],
              "inflate": 0
            },
            {
              "origin": [
                -1.0,
                47.0,
                1.0
              ],
              "size": [
                2.0,
                1.0,
                2.0
              ],
              "uv": [
                35,
                84
              ],
              "inflate": 0
            },
            {
              "origin": [
                -4.0,
                40.0,
                -2.0
              ],
              "size": [
                2.0,
                2.0,
                6.0
              ],
              "uv": [
                86,
                93
              ],
              "inflate": 0
            },
            {
              "origin": [
                2.0,
                40.0,
                -2.0
              ],
              "size": [
                2.0,
                2.0,
                6.0
              ],
              "uv": [
                93,
                78
              ],
              "inflate": 0
            },
            {
              "origin": [
                -3.5,
                38.0,
                1.0
              ],
              "size": [
                1.0,
                2.0,
                1.0
              ],
              "uv": [
                30,
                0
              ],
              "inflate": 0
            },
            {
              "origin": [
                2.5,
                38.0,
                1.0
              ],
              "size": [
                1.0,
                2.0,
                1.0
              ],
              "uv": [
                24,
                20
              ],
              "inflate": 0
            },
            {
              "origin": [
                2.5,
                34.0,
                2.0
              ],
              "size": [
                2.0,
                6.0,
                2.0
              ],
              "uv": [
                56,
                35
              ],
              "inflate": 0
            },
            {
              "origin": [
                -4.5,
                34.0,
                2.0
              ],
              "size": [
                2.0,
                6.0,
                2.0
              ],
              "uv": [
                54,
                0
              ],
              "inflate": 0
            },
            {
              "origin": [
                -0.5,
                37.0,
                -1.75
              ],
              "size": [
                1.0,
                2.0,
                1.0
              ],
              "pivot": [
                0.5,
                37.0,
                -1.0
              ],
              "rotation": [
                -27.5,
                0.0,
                0.0
              ],
              "uv": [
                24,
                0
              ],
              "inflate": 0
            }
          ],
          "parent": "Body"
        },
        {
          "name": "Hand",
          "pivot": [
            5,
            34,
            1
          ],
          "cubes": [
            {
              "origin": [
                5.0,
                31.0,
                -1.0
              ],
              "size": [
                9.0,
                5.0,
                5.0
              ],
              "uv": [
                0,
                61
              ],
              "inflate": 0
            }
          ],
          "parent": "Body",
          "rotation": [
            0,
            0,
            62.5
          ]
        },
        {
          "name": "Handm",
          "pivot": [
            13.75,
            34,
            0
          ],
          "cubes": [
            {
              "origin": [
                11.75,
                31.5,
                -0.5
              ],
              "size": [
                9.0,
                4.0,
                4.0
              ],
              "uv": [
                79,
                48
              ],
              "inflate": 0
            }
          ],
          "parent": "Hand",
          "rotation": [
            0,
            0,
            15
          ]
        },
        {
          "name": "Handfingers",
          "pivot": [
            20.25,
            33.5,
            1.5
          ],
          "cubes": [
            {
              "origin": [
                19.75,
                31.5,
                -0.5
              ],
              "size": [
                2.0,
                4.0,
                4.0
              ],
              "uv": [
                56,
                97
              ],
              "inflate": 0
            },
            {
              "origin": [
                21.75,
                31.5,
                -0.5
              ],
              "size": [
                1.0,
                4.0,
                4.0
              ],
              "uv": [
                24,
                20
              ],
              "inflate": 0
            },
            {
              "origin": [
                22.75,
                31.5,
                1.5
              ],
              "size": [
                2.0,
                4.0,
                2.0
              ],
              "uv": [
                86,
                101
              ],
              "inflate": 0
            },
            {
              "origin": [
                22.75,
                33.5,
                -0.5
              ],
              "size": [
                1.0,
                2.0,
                2.0
              ],
              "uv": [
                18,
                38
              ],
              "inflate": 0
            },
            {
              "origin": [
                23.75,
                34.5,
                -0.5
              ],
              "size": [
                2.0,
                1.0,
                1.0
              ],
              "pivot": [
                23.75,
                35.0,
                0.0
              ],
              "rotation": [
                0.0,
                -30.0,
                0.0
              ],
              "uv": [
                64,
                64
              ],
              "inflate": 0
            }
          ],
          "parent": "Handm",
          "rotation": [
            90,
            0,
            20
          ]
        },
        {
          "name": "bone2",
          "pivot": [
            24.42743,
            33.5,
            2.50758
          ],
          "cubes": [
            {
              "origin": [
                24.25,
                34.5,
                2.5
              ],
              "size": [
                3.0,
                1.0,
                1.0
              ],
              "pivot": [
                24.25,
                35.0,
                3.0
              ],
              "rotation": [
                0.0,
                60.0,
                0.0
              ],
              "uv": [
                75,
                64
              ],
              "inflate": 0
            },
            {
              "origin": [
                24.25,
                33.5,
                2.5
              ],
              "size": [
                4.0,
                1.0,
                1.0
              ],
              "pivot": [
                24.5,
                34.0,
                3.0
              ],
              "rotation": [
                -180.0,
                82.5,
                180.0
              ],
              "uv": [
                24,
                28
              ],
              "inflate": 0
            },
            {
              "origin": [
                24.75,
                31.5,
                2.5
              ],
              "size": [
                2.0,
                1.0,
                1.0
              ],
              "pivot": [
                24.5,
                32.0,
                3.0
              ],
              "rotation": [
                -180.0,
                85.0,
                180.0
              ],
              "uv": [
                76,
                48
              ],
              "inflate": 0
            },
            {
              "origin": [
                24.75,
                32.5,
                2.5
              ],
              "size": [
                3.0,
                1.0,
                1.0
              ],
              "pivot": [
                24.5,
                33.0,
                3.0
              ],
              "rotation": [
                -180.0,
                75.0,
                180.0
              ],
              "uv": [
                72,
                18
              ],
              "inflate": 0
            }
          ],
          "parent": "Handfingers"
        },
        {
          "name": "Hand2",
          "pivot": [
            -5,
            34,
            2
          ],
          "cubes": [
            {
              "origin": [
                -5.0,
                31.0,
                0.0
              ],
              "size": [
                9.0,
                5.0,
                5.0
              ],
              "uv": [
                57,
                20
              ],
              "inflate": 0
            }
          ],
          "parent": "Body",
          "rotation": [
            180,
            15,
            127.5
          ]
        },
        {
          "name": "Handm2",
          "pivot": [
            3.25,
            33.5,
            2.5
          ],
          "cubes": [
            {
              "origin": [
                1.75,
                31.5,
                0.5
              ],
              "size": [
                9.0,
                4.0,
                4.0
              ],
              "uv": [
                78,
                0
              ],
              "inflate": 0
            }
          ],
          "parent": "Hand2",
          "rotation": [
            102.5,
            -72.5,
            180
          ]
        },
        {
          "name": "Handfingers2",
          "pivot": [
            10.25,
            33.5,
            2.5
          ],
          "cubes": [
            {
              "origin": [
                9.75,
                31.5,
                0.5
              ],
              "size": [
                2.0,
                4.0,
                4.0
              ],
              "uv": [
                44,
                97
              ],
              "inflate": 0
            },
            {
              "origin": [
                11.75,
                31.5,
                0.5
              ],
              "size": [
                1.0,
                4.0,
                4.0
              ],
              "uv": [
                24,
                0
              ],
              "inflate": 0
            },
            {
              "origin": [
                12.75,
                31.5,
                2.5
              ],
              "size": [
                2.0,
                4.0,
                2.0
              ],
              "uv": [
                101,
                56
              ],
              "inflate": 0
            },
            {
              "origin": [
                12.75,
                31.5,
                0.5
              ],
              "size": [
                1.0,
                2.0,
                2.0
              ],
              "uv": [
                0,
                38
              ],
              "inflate": 0
            },
            {
              "origin": [
                13.75,
                31.5,
                0.5
              ],
              "size": [
                2.0,
                1.0,
                1.0
              ],
              "pivot": [
                13.75,
                32.0,
                1.0
              ],
              "rotation": [
                0.0,
                -67.5,
                0.0
              ],
              "uv": [
                0,
                42
              ],
              "inflate": 0
            }
          ],
          "parent": "Handm2",
          "rotation": [
            180,
            0,
            -37.5
          ]
        },
        {
          "name": "bone",
          "pivot": [
            14.41117,
            33.5,
            4.79854
          ],
          "cubes": [
            {
              "origin": [
                14.75,
                31.5,
                3.5
              ],
              "size": [
                3.0,
                1.0,
                1.0
              ],
              "pivot": [
                14.75,
                35.0,
                4.0
              ],
              "rotation": [
                -180.0,
                70.0,
                180.0
              ],
              "uv": [
                64,
                18
              ],
              "inflate": 0
            },
            {
              "origin": [
                14.25,
                32.5,
                3.5
              ],
              "size": [
                4.0,
                1.0,
                1.0
              ],
              "pivot": [
                14.75,
                35.0,
                4.0
              ],
              "rotation": [
                -180.0,
                77.5,
                180.0
              ],
              "uv": [
                24,
                8
              ],
              "inflate": 0
            },
            {
              "origin": [
                14.25,
                33.5,
                3.5
              ],
              "size": [
                3.0,
                1.0,
                1.0
              ],
              "pivot": [
                14.75,
                35.0,
                4.0
              ],
              "rotation": [
                -180.0,
                75.0,
                180.0
              ],
              "uv": [
                38,
                69
              ],
              "inflate": 0
            },
            {
              "origin": [
                14.75,
                34.5,
                3.5
              ],
              "size": [
                2.0,
                1.0,
                1.0
              ],
              "pivot": [
                14.75,
                35.0,
                4.0
              ],
              "rotation": [
                -180.0,
                75.0,
                180.0
              ],
              "uv": [
                18,
                42
              ],
              "inflate": 0
            }
          ],
          "parent": "Handfingers2"
        },
        {
          "name": "Gadha",
          "pivot": [
            13.75,
            14.75,
            2.5
          ],
          "cubes": [
            {
              "origin": [
                12.25,
                37.5,
                1.0
              ],
              "size": [
                3.0,
                5.0,
                3.0
              ],
              "uv": [
                32,
                95
              ],
              "inflate": 0
            },
            {
              "origin": [
                12.75,
                13.5,
                1.5
              ],
              "size": [
                2.0,
                27.0,
                2.0
              ],
              "uv": [
                69,
                64
              ],
              "inflate": 0
            },
            {
              "origin": [
                8.25,
                6.5,
                -3.0
              ],
              "size": [
                11.0,
                4.0,
                11.0
              ],
              "uv": [
                24,
                20
              ],
              "inflate": 0
            },
            {
              "origin": [
                8.75,
                3.5,
                -2.5
              ],
              "size": [
                10.0,
                10.0,
                10.0
              ],
              "uv": [
                24,
                0
              ],
              "inflate": 0
            },
            {
              "origin": [
                9.75,
                13.5,
                -1.5
              ],
              "size": [
                8.0,
                1.0,
                8.0
              ],
              "uv": [
                54,
                0
              ],
              "inflate": 0
            },
            {
              "origin": [
                10.75,
                14.5,
                -0.5
              ],
              "size": [
                6.0,
                1.0,
                6.0
              ],
              "uv": [
                87,
                86
              ],
              "inflate": 0
            },
            {
              "origin": [
                10.75,
                1.5,
                -0.5
              ],
              "size": [
                6.0,
                1.0,
                6.0
              ],
              "uv": [
                31,
                88
              ],
              "inflate": 0
            },
            {
              "origin": [
                9.75,
                2.5,
                -1.5
              ],
              "size": [
                8.0,
                1.0,
                8.0
              ],
              "uv": [
                56,
                35
              ],
              "inflate": 0
            }
          ],
          "parent": "Handfingers2"
        }
      ]
    }
  ]
}