{
  "format_version": "1.12.0",
  "minecraft:geometry": [
    {
      "description": {
        "identifier": "geometry.ms_kurma",
        "texture_width": 128,
        "texture_height": 128,
        "visible_bounds_width": 5,
        "visible_bounds_height": 5,
        "visible_bounds_offset": [
          0,
          1.5,
          0
        ]
      },
      "bones": [
        {
          "name": "Man"
        },
        {
          "name": "Legs",
          "pivot": [
            0,
            21.9,
            0.6
          ],
          "cubes": [
            {
              "origin": [
                -5.0,
                20.08827,
                -1.92481
              ],
              "size": [
                10.0,
                2.0,
                6.0
              ],
              "uv": [
                0,
                37
              ],
              "inflate": 0
            },
            {
              "origin": [
                -5.0,
                18.08827,
                -2.67481
              ],
              "size": [
                10.0,
                5.0,
                2.0
              ],
              "uv": [
                44,
                67
              ],
              "inflate": 0
            },
            {
              "origin": [
                -6.0,
                14.08827,
                -2.17481
              ],
              "size": [
                12.0,
                6.0,
                6.0
              ],
              "uv": [
                0,
                24
              ],
              "inflate": 0
            },
            {
              "origin": [
                -7.0,
                0.08827,
                -2.17481
              ],
              "size": [
                14.0,
                14.0,
                6.0
              ],
              "pivot": [
                0.0,
                14.0,
                -2.0
              ],
              "rotation": [
                10.0,
                0.0,
                0.0
              ],
              "uv": [
                0,
                0
              ],
              "inflate": 0
            },
            {
              "origin": [
                0.0,
                0.95161,
                2.43138
              ],
              "size": [
                0.0,
                5.0,
                11.0
              ],
              "pivot": [
                0.0,
                2.79898,
                5.97416
              ],
              "rotation": [
                -7.5,
                0.0,
                0.0
              ],
              "uv": [
                32,
                32
              ],
              "inflate": 0
            },
            {
              "origin": [
                7.0,
                0.08827,
                0.82519
              ],
              "size": [
                7.0,
                14.0,
                0.0
              ],
              "pivot": [
                0.0,
                14.0,
                -2.0
              ],
              "rotation": [
                10.0,
                0.0,
                0.0
              ],
              "uv": [
                0,
                75
              ],
              "inflate": 0
            },
            {
              "origin": [
                -14.0,
                0.08827,
                0.82519
              ],
              "size": [
                7.0,
                14.0,
                0.0
              ],
              "pivot": [
                0.0,
                14.0,
                -2.0
              ],
              "rotation": [
                10.0,
                0.0,
                0.0
              ],
              "uv": [
                44,
                74
              ],
              "inflate": 0
            }
          ],
          "parent": "Man"
        },
        {
          "name": "Body",
          "pivot": [
            0,
            21,
            0
          ],
          "cubes": [
            {
              "origin": [
                -4.0,
                21.0,
                -1.0
              ],
              "size": [
                8.0,
                2.0,
                5.0
              ],
              "uv": [
                63,
                5
              ],
              "inflate": 0
            },
            {
              "origin": [
                -5.0,
                27.0,
                -1.0
              ],
              "size": [
                10.0,
                7.0,
                5.0
              ],
              "uv": [
                31,
                31
              ],
              "inflate": 0
            },
            {
              "origin": [
                -5.0,
                21.0,
                -1.5
              ],
              "size": [
                10.0,
                14.0,
                1.0
              ],
              "uv": [
                54,
                52
              ],
              "inflate": 0
            },
            {
              "origin": [
                -8.0,
                33.0,
                -2.0
              ],
              "size": [
                5.0,
                2.0,
                6.0
              ],
              "uv": [
                62,
                68
              ],
              "inflate": 0
            },
            {
              "origin": [
                -8.0,
                2.0,
                -3.0
              ],
              "size": [
                5.0,
                33.0,
                1.0
              ],
              "uv": [
                116,
                94
              ],
              "inflate": 0
            },
            {
              "origin": [
                -8.0,
                2.0,
                4.0
              ],
              "size": [
                5.0,
                33.0,
                1.0
              ],
              "uv": [
                116,
                94
              ],
              "inflate": 0
            },
            {
              "origin": [
                -4.5,
                33.25,
                -1.0
              ],
              "size": [
                9.0,
                1.0,
                5.0
              ],
              "uv": [
                58,
                18
              ],
              "inflate": 0
            },
            {
              "origin": [
                -4.0,
                33.75,
                -1.0
              ],
              "size": [
                8.0,
                1.0,
                5.0
              ],
              "uv": [
                64,
                24
              ],
              "inflate": 0
            },
            {
              "origin": [
                -4.5,
                23.0,
                -1.0
              ],
              "size": [
                9.0,
                4.0,
                5.0
              ],
              "uv": [
                49,
                43
              ],
              "inflate": 0
            }
          ],
          "parent": "Man"
        },
        {
          "name": "Head",
          "pivot": [
            0,
            35,
            2
          ],
          "cubes": [
            {
              "origin": [
                -1.5,
                34.75,
                0.0
              ],
              "size": [
                3.0,
                2.0,
                3.0
              ],
              "uv": [
                77,
                0
              ],
              "inflate": 0
            },
            {
              "origin": [
                -3.0,
                36.0,
                -1.0
              ],
              "size": [
                6.0,
                6.0,
                5.0
              ],
              "uv": [
                0,
                64
              ],
              "inflate": 0
            },
            {
              "origin": [
                -3.5,
                42.0,
                -1.0
              ],
              "size": [
                7.0,
                3.0,
                6.0
              ],
              "uv": [
                0,
                55
              ],
              "inflate": 0
            },
            {
              "origin": [
                -3.5,
                42.0,
                -2.0
              ],
              "size": [
                7.0,
                5.0,
                0.0
              ],
              "uv": [
                63,
                0
              ],
              "inflate": 0
            },
            {
              "origin": [
                -3.5,
                44.0,
                -1.25
              ],
              "size": [
                7.0,
                5.0,
                6.0
              ],
              "uv": [
                28,
                48
              ],
              "inflate": 0
            },
            {
              "origin": [
                -1.5,
                45.0,
                1.0
              ],
              "size": [
                3.0,
                2.0,
                3.0
              ],
              "uv": [
                76,
                57
              ],
              "inflate": 0
            },
            {
              "origin": [
                -1.0,
                47.0,
                1.5
              ],
              "size": [
                2.0,
                1.0,
                2.0
              ],
              "uv": [
                23,
                45
              ],
              "inflate": 0
            },
            {
              "origin": [
                -0.5,
                48.0,
                2.0
              ],
              "size": [
                1.0,
                1.0,
                1.0
              ],
              "uv": [
                40,
                18
              ],
              "inflate": 0
            },
            {
              "origin": [
                -4.5,
                33.0,
                4.0
              ],
              "size": [
                9.0,
                10.0,
                2.0
              ],
              "uv": [
                61,
                30
              ],
              "inflate": 0
            },
            {
              "origin": [
                -4.5,
                34.0,
                2.0
              ],
              "size": [
                9.0,
                8.0,
                2.0
              ],
              "pivot": [
                0.0,
                42.0,
                3.0
              ],
              "rotation": [
                15.0,
                0.0,
                0.0
              ],
              "uv": [
                22,
                67
              ],
              "inflate": 0
            },
            {
              "origin": [
                -3.5,
                38.0,
                1.0
              ],
              "size": [
                1.0,
                2.0,
                1.0
              ],
              "uv": [
                26,
                39
              ],
              "inflate": 0
            },
            {
              "origin": [
                2.5,
                38.0,
                1.0
              ],
              "size": [
                1.0,
                2.0,
                1.0
              ],
              "uv": [
                0,
                38
              ],
              "inflate": 0
            },
            {
              "origin": [
                2.5,
                36.0,
                1.5
              ],
              "size": [
                2.0,
                2.0,
                0.0
              ],
              "uv": [
                40,
                12
              ],
              "inflate": 0
            },
            {
              "origin": [
                -4.5,
                36.0,
                1.5
              ],
              "size": [
                2.0,
                2.0,
                0.0
              ],
              "uv": [
                40,
                10
              ],
              "inflate": 0
            },
            {
              "origin": [
                -0.5,
                37.0,
                -1.75
              ],
              "size": [
                1.0,
                2.0,
                1.0
              ],
              "pivot": [
                0.5,
                37.0,
                -1.0
              ],
              "rotation": [
                -27.5,
                0.0,
                0.0
              ],
              "uv": [
                26,
                36
              ],
              "inflate": 0
            }
          ],
          "parent": "Body"
        },
        {
          "name": "Hand",
          "pivot": [
            5,
            34,
            1
          ],
          "cubes": [
            {
              "origin": [
                5.0,
                31.0,
                -1.0
              ],
              "size": [
                9.0,
                5.0,
                5.0
              ],
              "uv": [
                0,
                45
              ],
              "inflate": 0
            }
          ],
          "parent": "Body",
          "rotation": [
            0,
            -7.5,
            62.5
          ]
        },
        {
          "name": "Handm",
          "pivot": [
            13.75,
            34,
            0
          ],
          "cubes": [
            {
              "origin": [
                11.75,
                31.5,
                -0.5
              ],
              "size": [
                9.0,
                4.0,
                4.0
              ],
              "uv": [
                26,
                59
              ],
              "inflate": 0
            },
            {
              "origin": [
                15.75,
                31.0,
                -1.0
              ],
              "size": [
                2.0,
                5.0,
                5.0
              ],
              "uv": [
                70,
                76
              ],
              "inflate": 0
            }
          ],
          "parent": "Hand",
          "rotation": [
            -5.1962,
            33.14338,
            21.19851
          ]
        },
        {
          "name": "Handfingers",
          "pivot": [
            20.58421,
            33.77778,
            1.47597
          ],
          "cubes": [
            {
              "origin": [
                19.74714,
                31.5,
                -0.63086
              ],
              "size": [
                2.0,
                4.0,
                4.0
              ],
              "uv": [
                80,
                72
              ],
              "inflate": 0
            },
            {
              "origin": [
                21.74714,
                31.5,
                -0.63086
              ],
              "size": [
                1.0,
                4.0,
                4.0
              ],
              "uv": [
                24,
                83
              ],
              "inflate": 0
            },
            {
              "origin": [
                24.24714,
                34.5,
                2.36914
              ],
              "size": [
                3.0,
                1.0,
                1.0
              ],
              "pivot": [
                24.24714,
                35.0,
                2.86914
              ],
              "rotation": [
                0.0,
                70.0,
                0.0
              ],
              "uv": [
                72,
                45
              ],
              "inflate": 0
            },
            {
              "origin": [
                24.36678,
                34.5,
                1.0059
              ],
              "size": [
                0.0,
                7.0,
                6.0
              ],
              "pivot": [
                24.28041,
                35.0,
                0.84481
              ],
              "rotation": [
                32.15188,
                -16.51866,
                -0.79252
              ],
              "uv": [
                58,
                70
              ],
              "inflate": 0
            },
            {
              "origin": [
                24.24714,
                33.5,
                2.36914
              ],
              "size": [
                4.0,
                1.0,
                1.0
              ],
              "pivot": [
                24.74714,
                34.0,
                2.86914
              ],
              "rotation": [
                -180.0,
                70.0,
                180.0
              ],
              "uv": [
                34,
                2
              ],
              "inflate": 0
            },
            {
              "origin": [
                24.76222,
                32.5,
                2.28364
              ],
              "size": [
                3.0,
                1.0,
                1.0
              ],
              "pivot": [
                24.74714,
                33.0,
                2.86914
              ],
              "rotation": [
                -180.0,
                72.5,
                180.0
              ],
              "uv": [
                17,
                64
              ],
              "inflate": 0
            },
            {
              "origin": [
                24.74714,
                31.5,
                2.36914
              ],
              "size": [
                2.0,
                1.0,
                1.0
              ],
              "pivot": [
                24.74714,
                32.0,
                2.86914
              ],
              "rotation": [
                -180.0,
                70.0,
                180.0
              ],
              "uv": [
                0,
                36
              ],
              "inflate": 0
            },
            {
              "origin": [
                22.74714,
                31.5,
                1.36914
              ],
              "size": [
                2.0,
                4.0,
                2.0
              ],
              "uv": [
                20,
                55
              ],
              "inflate": 0
            },
            {
              "origin": [
                22.74714,
                33.5,
                -0.63086
              ],
              "size": [
                1.0,
                2.0,
                2.0
              ],
              "uv": [
                0,
                24
              ],
              "inflate": 0
            },
            {
              "origin": [
                23.74714,
                34.5,
                -0.63086
              ],
              "size": [
                2.0,
                1.0,
                1.0
              ],
              "pivot": [
                23.74714,
                35.0,
                -0.13086
              ],
              "rotation": [
                0.0,
                -27.5,
                0.0
              ],
              "uv": [
                34,
                4
              ],
              "inflate": 0
            }
          ],
          "parent": "Handm",
          "rotation": [
            135.73052,
            46.55847,
            27.12771
          ]
        },
        {
          "name": "Hand3",
          "pivot": [
            -4,
            33,
            2
          ],
          "cubes": [
            {
              "origin": [
                -4.0,
                30.0,
                0.0
              ],
              "size": [
                9.0,
                5.0,
                5.0
              ],
              "uv": [
                40,
                0
              ],
              "inflate": 0
            }
          ],
          "parent": "Body",
          "rotation": [
            -173.6996,
            -1.55127,
            152.05533
          ]
        },
        {
          "name": "Handm3",
          "pivot": [
            4.35934,
            32.5659,
            1.68312
          ],
          "cubes": [
            {
              "origin": [
                3.5331,
                30.59452,
                -0.97225
              ],
              "size": [
                9.0,
                4.0,
                4.0
              ],
              "uv": [
                40,
                10
              ],
              "inflate": 0
            },
            {
              "origin": [
                8.5331,
                30.09452,
                -1.47225
              ],
              "size": [
                2.0,
                5.0,
                5.0
              ],
              "uv": [
                76,
                47
              ],
              "inflate": 0
            }
          ],
          "parent": "Hand3",
          "rotation": [
            41.16563,
            -56.52409,
            43.0053
          ]
        },
        {
          "name": "Handfingers3",
          "pivot": [
            12.0331,
            32.59452,
            1.02775
          ],
          "cubes": [
            {
              "origin": [
                11.5331,
                30.59452,
                -0.97225
              ],
              "size": [
                2.0,
                4.0,
                4.0
              ],
              "uv": [
                79,
                38
              ],
              "inflate": 0
            },
            {
              "origin": [
                13.5331,
                30.59452,
                -0.97225
              ],
              "size": [
                1.0,
                4.0,
                4.0
              ],
              "uv": [
                14,
                83
              ],
              "inflate": 0
            },
            {
              "origin": [
                16.0331,
                32.59452,
                2.02775
              ],
              "size": [
                3.0,
                1.0,
                1.0
              ],
              "pivot": [
                16.5331,
                34.09452,
                2.52775
              ],
              "rotation": [
                0.0,
                10.0,
                0.0
              ],
              "uv": [
                62,
                12
              ],
              "inflate": 0
            },
            {
              "origin": [
                16.0331,
                31.59452,
                2.02775
              ],
              "size": [
                4.0,
                1.0,
                1.0
              ],
              "pivot": [
                16.5331,
                34.09452,
                2.52775
              ],
              "rotation": [
                0.0,
                2.5,
                0.0
              ],
              "uv": [
                34,
                0
              ],
              "inflate": 0
            },
            {
              "origin": [
                16.52359,
                30.59452,
                2.07132
              ],
              "size": [
                3.0,
                1.0,
                1.0
              ],
              "pivot": [
                17.02739,
                31.09452,
                2.65848
              ],
              "rotation": [
                -1.80124,
                -20.33925,
                14.45128
              ],
              "uv": [
                23,
                48
              ],
              "inflate": 0
            },
            {
              "origin": [
                16.5331,
                33.59452,
                2.02775
              ],
              "size": [
                2.0,
                1.0,
                1.0
              ],
              "pivot": [
                16.5331,
                34.09452,
                2.52775
              ],
              "rotation": [
                0.0,
                -37.5,
                0.0
              ],
              "uv": [
                0,
                28
              ],
              "inflate": 0
            },
            {
              "origin": [
                14.5331,
                30.59452,
                1.02775
              ],
              "size": [
                2.0,
                4.0,
                2.0
              ],
              "uv": [
                30,
                24
              ],
              "inflate": 0
            },
            {
              "origin": [
                14.5331,
                30.59452,
                -0.97225
              ],
              "size": [
                1.0,
                2.0,
                2.0
              ],
              "uv": [
                0,
                0
              ],
              "inflate": 0
            },
            {
              "origin": [
                15.5331,
                30.59452,
                -0.97225
              ],
              "size": [
                2.0,
                1.0,
                1.0
              ],
              "pivot": [
                15.5331,
                31.09452,
                -0.47225
              ],
              "rotation": [
                0.0,
                37.5,
                0.0
              ],
              "uv": [
                0,
                4
              ],
              "inflate": 0
            }
          ],
          "parent": "Handm3",
          "rotation": [
            -31.84143,
            44.03691,
            6.41663
          ]
        },
        {
          "name": "bone",
          "pivot": [
            16.77117,
            32.59452,
            1.36431
          ],
          "cubes": [
            {
              "origin": [
                17.0331,
                31.59452,
                -0.97225
              ],
              "size": [
                20.0,
                2.0,
                2.0
              ],
              "pivot": [
                19.0331,
                33.59452,
                1.02775
              ],
              "rotation": [
                0.0,
                37.5,
                0.0
              ],
              "uv": [
                0,
                20
              ],
              "inflate": 0
            },
            {
              "origin": [
                29.0331,
                29.59452,
                -2.97225
              ],
              "size": [
                7.0,
                6.0,
                6.0
              ],
              "pivot": [
                19.0331,
                33.59452,
                1.02775
              ],
              "rotation": [
                0.0,
                37.5,
                0.0
              ],
              "uv": [
                38,
                18
              ],
              "inflate": 0
            },
            {
              "origin": [
                28.0331,
                30.59452,
                -1.97225
              ],
              "size": [
                1.0,
                4.0,
                4.0
              ],
              "pivot": [
                19.0331,
                33.59452,
                1.02775
              ],
              "rotation": [
                0.0,
                37.5,
                0.0
              ],
              "uv": [
                80,
                82
              ],
              "inflate": 0
            },
            {
              "origin": [
                29.5331,
                28.59452,
                -2.47225
              ],
              "size": [
                6.0,
                1.0,
                5.0
              ],
              "pivot": [
                19.0331,
                33.59452,
                1.02775
              ],
              "rotation": [
                0.0,
                37.5,
                0.0
              ],
              "uv": [
                71,
                62
              ],
              "inflate": 0
            },
            {
              "origin": [
                29.5331,
                35.59452,
                -2.47225
              ],
              "size": [
                6.0,
                1.0,
                5.0
              ],
              "pivot": [
                19.0331,
                33.59452,
                1.02775
              ],
              "rotation": [
                0.0,
                37.5,
                0.0
              ],
              "uv": [
                66,
                12
              ],
              "inflate": 0
            },
            {
              "origin": [
                29.5331,
                30.09452,
                3.02775
              ],
              "size": [
                6.0,
                5.0,
                1.0
              ],
              "pivot": [
                19.0331,
                33.59452,
                1.02775
              ],
              "rotation": [
                0.0,
                37.5,
                0.0
              ],
              "uv": [
                28,
                77
              ],
              "inflate": 0
            },
            {
              "origin": [
                29.5331,
                30.09452,
                -3.97225
              ],
              "size": [
                6.0,
                5.0,
                1.0
              ],
              "pivot": [
                19.0331,
                33.59452,
                1.02775
              ],
              "rotation": [
                0.0,
                37.5,
                0.0
              ],
              "uv": [
                14,
                77
              ],
              "inflate": 0
            }
          ],
          "parent": "Handfingers3",
          "rotation": [
            0,
            -7.5,
            0
          ]
        }
      ]
    }
  ]
}