{
  "format_version": "1.12.0",
  "minecraft:geometry": [
    {
      "description": {
        "identifier": "geometry.ms_mushak_sawari",
        "texture_width": 64,
        "texture_height": 64,
        "visible_bounds_width": 3,
        "visible_bounds_height": 4,
        "visible_bounds_offset": [
          0,
          1,
          0
        ]
      },
      "bones": [
        {
          "name": "Ganpati"
        },
        {
          "name": "Base",
          "cubes": [
            {
              "origin": [
                -8.0,
                0.0,
                -8.0
              ],
              "size": [
                16.0,
                1.0,
                16.0
              ],
              "uv": [
                0,
                0
              ],
              "inflate": 0
            }
          ],
          "parent": "Ganpati"
        },
        {
          "name": "Mousse",
          "cubes": [
            {
              "origin": [
                -4.0,
                3.0,
                -5.0
              ],
              "size": [
                8.0,
                5.0,
                6.0
              ],
              "uv": [
                0,
                17
              ],
              "inflate": 0
            }
          ],
          "parent": "Base"
        },
        {
          "name": "Face",
          "pivot": [
            -4,
            7,
            -2
          ],
          "cubes": [
            {
              "origin": [
                -9.0,
                3.0,
                -4.0
              ],
              "size": [
                5.0,
                4.0,
                4.0
              ],
              "uv": [
                24,
                24
              ],
              "inflate": 0
            },
            {
              "origin": [
                -6.0,
                7.0,
                -1.0
              ],
              "size": [
                1.0,
                2.0,
                1.0
              ],
              "uv": [
                14,
                55
              ],
              "inflate": 0
            },
            {
              "origin": [
                -6.0,
                7.0,
                -4.0
              ],
              "size": [
                1.0,
                2.0,
                1.0
              ],
              "uv": [
                24,
                48
              ],
              "inflate": 0
            },
            {
              "origin": [
                -12.0,
                3.0,
                -3.0
              ],
              "size": [
                3.0,
                2.0,
                2.0
              ],
              "uv": [
                48,
                0
              ],
              "inflate": 0
            }
          ],
          "parent": "Mousse",
          "rotation": [
            0,
            27.5,
            -15
          ]
        },
        {
          "name": "Legs",
          "pivot": [
            -2,
            5,
            1
          ],
          "cubes": [
            {
              "origin": [
                -4.0,
                3.0,
                1.0
              ],
              "size": [
                2.0,
                2.0,
                1.0
              ],
              "uv": [
                29,
                53
              ],
              "inflate": 0
            }
          ],
          "parent": "Mousse"
        },
        {
          "name": "bone",
          "pivot": [
            -3,
            3,
            1
          ],
          "cubes": [
            {
              "origin": [
                -4.0,
                0.0,
                1.0
              ],
              "size": [
                1.0,
                3.0,
                1.0
              ],
              "uv": [
                10,
                55
              ],
              "inflate": 0
            }
          ],
          "parent": "Legs",
          "rotation": [
            0,
            0,
            35
          ]
        },
        {
          "name": "Legs2",
          "pivot": [
            -2,
            5,
            -5
          ],
          "cubes": [
            {
              "origin": [
                -4.0,
                3.0,
                -6.0
              ],
              "size": [
                2.0,
                2.0,
                1.0
              ],
              "uv": [
                53,
                20
              ],
              "inflate": 0
            }
          ],
          "parent": "Mousse"
        },
        {
          "name": "bone2",
          "pivot": [
            -3,
            3,
            -6
          ],
          "cubes": [
            {
              "origin": [
                -4.0,
                0.0,
                -6.0
              ],
              "size": [
                1.0,
                3.0,
                1.0
              ],
              "uv": [
                54,
                52
              ],
              "inflate": 0
            }
          ],
          "parent": "Legs2",
          "rotation": [
            0,
            0,
            35
          ]
        },
        {
          "name": "Legs3",
          "pivot": [
            3,
            5,
            2
          ],
          "cubes": [
            {
              "origin": [
                1.0,
                3.0,
                1.0
              ],
              "size": [
                3.0,
                3.0,
                1.0
              ],
              "uv": [
                11,
                51
              ],
              "inflate": 0
            }
          ],
          "parent": "Mousse",
          "rotation": [
            0,
            0,
            -22.5
          ]
        },
        {
          "name": "bone3",
          "pivot": [
            4,
            3,
            2
          ],
          "cubes": [
            {
              "origin": [
                1.0,
                3.0,
                1.0
              ],
              "size": [
                4.0,
                1.0,
                1.0
              ],
              "uv": [
                48,
                14
              ],
              "inflate": 0
            }
          ],
          "parent": "Legs3",
          "rotation": [
            0,
            0,
            -47.5
          ]
        },
        {
          "name": "Legs4",
          "pivot": [
            3,
            5,
            -5
          ],
          "cubes": [
            {
              "origin": [
                1.0,
                3.0,
                -6.0
              ],
              "size": [
                3.0,
                3.0,
                1.0
              ],
              "uv": [
                50,
                48
              ],
              "inflate": 0
            }
          ],
          "parent": "Mousse",
          "rotation": [
            0,
            0,
            -22.5
          ]
        },
        {
          "name": "bone4",
          "pivot": [
            4,
            3,
            -5
          ],
          "cubes": [
            {
              "origin": [
                1.0,
                3.0,
                -6.0
              ],
              "size": [
                4.0,
                1.0,
                1.0
              ],
              "uv": [
                28,
                22
              ],
              "inflate": 0
            }
          ],
          "parent": "Legs4",
          "rotation": [
            0,
            0,
            -47.5
          ]
        },
        {
          "name": "Tail",
          "pivot": [
            4,
            7,
            -3
          ],
          "cubes": [
            {
              "origin": [
                4.0,
                6.0,
                -3.0
              ],
              "size": [
                6.0,
                1.0,
                1.0
              ],
              "uv": [
                44,
                31
              ],
              "inflate": 0
            }
          ],
          "parent": "Mousse",
          "rotation": [
            0,
            -15,
            37.5
          ]
        },
        {
          "name": "bone5",
          "pivot": [
            10,
            7,
            -3
          ],
          "cubes": [
            {
              "origin": [
                10.0,
                6.0,
                -3.0
              ],
              "size": [
                7.0,
                1.0,
                1.0
              ],
              "uv": [
                38,
                25
              ],
              "inflate": 0
            }
          ],
          "parent": "Tail",
          "rotation": [
            0,
            -57.5,
            0
          ]
        },
        {
          "name": "Legsganpati",
          "pivot": [
            0,
            10,
            -1
          ],
          "cubes": [
            {
              "origin": [
                -3.0,
                8.0,
                -3.0
              ],
              "size": [
                6.0,
                2.0,
                3.0
              ],
              "uv": [
                0,
                28
              ],
              "inflate": 0
            },
            {
              "origin": [
                0.0,
                4.0,
                0.0
              ],
              "size": [
                2.0,
                7.0,
                1.0
              ],
              "uv": [
                6,
                44
              ],
              "inflate": 0
            }
          ],
          "parent": "Ganpati"
        },
        {
          "name": "Leg",
          "pivot": [
            2,
            8,
            -3
          ],
          "cubes": [
            {
              "origin": [
                1.0,
                8.0,
                -3.0
              ],
              "size": [
                2.0,
                2.0,
                5.0
              ],
              "uv": [
                22,
                32
              ],
              "inflate": 0
            }
          ],
          "parent": "Legsganpati",
          "rotation": [
            18.58613,
            18.75914,
            27.95907
          ]
        },
        {
          "name": "bone6",
          "pivot": [
            2,
            10,
            2
          ],
          "cubes": [
            {
              "origin": [
                1.0,
                3.0,
                2.0
              ],
              "size": [
                2.0,
                7.0,
                2.0
              ],
              "uv": [
                31,
                40
              ],
              "inflate": 0
            },
            {
              "origin": [
                1.0,
                3.0,
                4.0
              ],
              "size": [
                2.0,
                1.0,
                1.0
              ],
              "uv": [
                33,
                49
              ],
              "inflate": 0
            }
          ],
          "parent": "Leg",
          "rotation": [
            -20,
            0,
            0
          ]
        },
        {
          "name": "Leg2",
          "pivot": [
            -1,
            8,
            -3
          ],
          "cubes": [
            {
              "origin": [
                -2.0,
                8.0,
                -3.0
              ],
              "size": [
                2.0,
                2.0,
                5.0
              ],
              "uv": [
                13,
                28
              ],
              "inflate": 0
            }
          ],
          "parent": "Legsganpati",
          "rotation": [
            0,
            0,
            -57.5
          ]
        },
        {
          "name": "bone7",
          "pivot": [
            -1,
            10,
            2
          ],
          "cubes": [
            {
              "origin": [
                -2.0,
                3.0,
                2.0
              ],
              "size": [
                2.0,
                7.0,
                2.0
              ],
              "uv": [
                23,
                39
              ],
              "inflate": 0
            }
          ],
          "parent": "Leg2",
          "rotation": [
            -20,
            0,
            0
          ]
        },
        {
          "name": "Body",
          "cubes": [
            {
              "origin": [
                -2.0,
                10.0,
                -3.0
              ],
              "size": [
                5.0,
                4.0,
                3.0
              ],
              "uv": [
                0,
                8
              ],
              "inflate": 0
            },
            {
              "origin": [
                -3.0,
                14.0,
                -3.0
              ],
              "size": [
                7.0,
                2.0,
                3.0
              ],
              "uv": [
                22,
                17
              ],
              "inflate": 0
            },
            {
              "origin": [
                -4.0,
                16.0,
                -3.0
              ],
              "size": [
                2.0,
                1.0,
                3.0
              ],
              "uv": [
                45,
                44
              ],
              "inflate": 0
            },
            {
              "origin": [
                -3.0,
                15.0,
                -4.0
              ],
              "size": [
                7.0,
                2.0,
                1.0
              ],
              "uv": [
                38,
                22
              ],
              "inflate": 0
            },
            {
              "origin": [
                3.0,
                16.0,
                -3.0
              ],
              "size": [
                2.0,
                1.0,
                3.0
              ],
              "uv": [
                45,
                40
              ],
              "inflate": 0
            },
            {
              "origin": [
                -4.0,
                8.0,
                0.0
              ],
              "size": [
                2.0,
                9.0,
                1.0
              ],
              "uv": [
                0,
                44
              ],
              "inflate": 0
            },
            {
              "origin": [
                -5.0,
                0.0,
                1.0
              ],
              "size": [
                2.0,
                9.0,
                1.0
              ],
              "uv": [
                39,
                40
              ],
              "inflate": 0
            },
            {
              "origin": [
                3.0,
                8.0,
                0.0
              ],
              "size": [
                2.0,
                9.0,
                1.0
              ],
              "uv": [
                12,
                41
              ],
              "inflate": 0
            },
            {
              "origin": [
                2.0,
                13.0,
                0.0
              ],
              "size": [
                1.0,
                4.0,
                1.0
              ],
              "uv": [
                50,
                52
              ],
              "inflate": 0
            },
            {
              "origin": [
                -2.0,
                13.0,
                0.0
              ],
              "size": [
                1.0,
                4.0,
                1.0
              ],
              "uv": [
                46,
                52
              ],
              "inflate": 0
            },
            {
              "origin": [
                -1.0,
                12.0,
                0.0
              ],
              "size": [
                3.0,
                1.0,
                1.0
              ],
              "uv": [
                52,
                17
              ],
              "inflate": 0
            },
            {
              "origin": [
                -2.0,
                16.0,
                -3.0
              ],
              "size": [
                1.0,
                1.0,
                3.0
              ],
              "uv": [
                42,
                48
              ],
              "inflate": 0
            },
            {
              "origin": [
                2.0,
                16.0,
                -3.0
              ],
              "size": [
                1.0,
                1.0,
                3.0
              ],
              "uv": [
                19,
                48
              ],
              "inflate": 0
            },
            {
              "origin": [
                5.0,
                2.0,
                0.0
              ],
              "size": [
                1.0,
                9.0,
                1.0
              ],
              "uv": [
                18,
                41
              ],
              "inflate": 0
            }
          ],
          "parent": "Ganpati"
        },
        {
          "name": "Hand1",
          "pivot": [
            -3,
            16,
            -2
          ],
          "cubes": [
            {
              "origin": [
                -9.0,
                14.0,
                -3.0
              ],
              "size": [
                6.0,
                2.0,
                2.0
              ],
              "uv": [
                36,
                36
              ],
              "inflate": 0
            }
          ],
          "parent": "Body",
          "rotation": [
            -25.03818,
            28.87909,
            -44.04461
          ]
        },
        {
          "name": "bone8",
          "pivot": [
            -9,
            16,
            -2
          ],
          "cubes": [
            {
              "origin": [
                -12.0,
                14.0,
                -3.0
              ],
              "size": [
                4.0,
                2.0,
                2.0
              ],
              "uv": [
                42,
                27
              ],
              "inflate": 0
            }
          ],
          "parent": "Hand1",
          "rotation": [
            25,
            80,
            0
          ]
        },
        {
          "name": "bone9",
          "pivot": [
            -11,
            15,
            -2
          ],
          "cubes": [
            {
              "origin": [
                -12.0,
                14.0,
                -3.0
              ],
              "size": [
                1.0,
                2.0,
                2.0
              ],
              "uv": [
                52,
                25
              ],
              "inflate": 0
            },
            {
              "origin": [
                -14.0,
                14.0,
                -3.0
              ],
              "size": [
                2.0,
                2.0,
                2.0
              ],
              "uv": [
                27,
                49
              ],
              "inflate": 0
            }
          ],
          "parent": "bone8",
          "rotation": [
            0,
            47.5,
            0
          ]
        },
        {
          "name": "bone10",
          "pivot": [
            -12,
            15,
            -2
          ],
          "cubes": [
            {
              "origin": [
                -14.0,
                14.0,
                -3.0
              ],
              "size": [
                2.0,
                2.0,
                1.0
              ],
              "uv": [
                52,
                44
              ],
              "inflate": 0
            }
          ],
          "parent": "bone9",
          "rotation": [
            0,
            -22.5,
            0
          ]
        },
        {
          "name": "Hand",
          "pivot": [
            4,
            16,
            -2
          ],
          "cubes": [
            {
              "origin": [
                4.0,
                14.0,
                -3.0
              ],
              "size": [
                6.0,
                2.0,
                2.0
              ],
              "uv": [
                0,
                35
              ],
              "inflate": 0
            }
          ],
          "parent": "Body",
          "rotation": [
            -20.01844,
            -21.1823,
            35.27179
          ]
        },
        {
          "name": "bone11",
          "pivot": [
            10,
            16,
            -2
          ],
          "cubes": [
            {
              "origin": [
                9.0,
                14.0,
                -2.0
              ],
              "size": [
                4.0,
                2.0,
                2.0
              ],
              "uv": [
                42,
                17
              ],
              "inflate": 0
            }
          ],
          "parent": "Hand",
          "rotation": [
            -58.1208,
            -76.80581,
            41.24064
          ]
        },
        {
          "name": "bone12",
          "pivot": [
            13,
            15,
            -2
          ],
          "cubes": [
            {
              "origin": [
                13.0,
                14.0,
                -2.0
              ],
              "size": [
                1.0,
                2.0,
                2.0
              ],
              "uv": [
                23,
                52
              ],
              "inflate": 0
            },
            {
              "origin": [
                14.0,
                14.0,
                -2.0
              ],
              "size": [
                1.0,
                3.0,
                2.0
              ],
              "uv": [
                0,
                17
              ],
              "inflate": 0
            }
          ],
          "parent": "bone11",
          "rotation": [
            -7.49276,
            -13.88194,
            -13.0925
          ]
        },
        {
          "name": "Face2",
          "cubes": [
            {
              "origin": [
                0.0,
                16.0,
                -2.0
              ],
              "size": [
                1.0,
                1.0,
                1.0
              ],
              "uv": [
                55,
                8
              ],
              "inflate": 0
            },
            {
              "origin": [
                -2.0,
                17.0,
                -3.0
              ],
              "size": [
                5.0,
                5.0,
                3.0
              ],
              "uv": [
                0,
                0
              ],
              "inflate": 0
            },
            {
              "origin": [
                -2.0,
                22.0,
                -3.0
              ],
              "size": [
                5.0,
                1.0,
                3.0
              ],
              "uv": [
                31,
                32
              ],
              "inflate": 0
            },
            {
              "origin": [
                -2.0,
                27.0,
                -4.0
              ],
              "size": [
                5.0,
                1.0,
                1.0
              ],
              "uv": [
                44,
                33
              ],
              "inflate": 0
            },
            {
              "origin": [
                -2.0,
                21.0,
                -4.0
              ],
              "size": [
                5.0,
                1.0,
                1.0
              ],
              "uv": [
                0,
                33
              ],
              "inflate": 0
            },
            {
              "origin": [
                -1.0,
                28.0,
                -4.0
              ],
              "size": [
                3.0,
                1.0,
                1.0
              ],
              "uv": [
                35,
                51
              ],
              "inflate": 0
            },
            {
              "origin": [
                -2.0,
                26.0,
                -4.0
              ],
              "size": [
                1.0,
                1.0,
                1.0
              ],
              "uv": [
                39,
                17
              ],
              "inflate": 0
            },
            {
              "origin": [
                2.0,
                26.0,
                -4.0
              ],
              "size": [
                1.0,
                1.0,
                1.0
              ],
              "uv": [
                22,
                35
              ],
              "inflate": 0
            },
            {
              "origin": [
                -4.0,
                22.0,
                -4.0
              ],
              "size": [
                1.0,
                4.0,
                1.0
              ],
              "uv": [
                42,
                52
              ],
              "inflate": 0
            },
            {
              "origin": [
                4.0,
                22.0,
                -4.0
              ],
              "size": [
                1.0,
                4.0,
                1.0
              ],
              "uv": [
                52,
                38
              ],
              "inflate": 0
            },
            {
              "origin": [
                -3.0,
                22.0,
                -4.0
              ],
              "size": [
                1.0,
                5.0,
                1.0
              ],
              "uv": [
                19,
                52
              ],
              "inflate": 0
            },
            {
              "origin": [
                3.0,
                22.0,
                -4.0
              ],
              "size": [
                1.0,
                5.0,
                1.0
              ],
              "uv": [
                6,
                52
              ],
              "inflate": 0
            },
            {
              "origin": [
                -1.0,
                23.0,
                -3.0
              ],
              "size": [
                3.0,
                2.0,
                3.0
              ],
              "uv": [
                13,
                36
              ],
              "inflate": 0
            },
            {
              "origin": [
                0.0,
                25.0,
                -2.0
              ],
              "size": [
                1.0,
                1.0,
                1.0
              ],
              "uv": [
                29,
                39
              ],
              "inflate": 0
            },
            {
              "origin": [
                -1.0,
                17.0,
                -3.0
              ],
              "size": [
                3.0,
                2.0,
                3.0
              ],
              "uv": [
                0,
                39
              ],
              "inflate": 0
            }
          ],
          "parent": "Ganpati"
        },
        {
          "name": "Ear2",
          "pivot": [
            -2,
            22,
            -1
          ],
          "cubes": [
            {
              "origin": [
                -5.0,
                18.0,
                -2.0
              ],
              "size": [
                3.0,
                4.0,
                1.0
              ],
              "uv": [
                48,
                9
              ],
              "inflate": 0
            }
          ],
          "parent": "Face2",
          "rotation": [
            0,
            0,
            -20
          ]
        },
        {
          "name": "Ear",
          "pivot": [
            3,
            22,
            -1
          ],
          "cubes": [
            {
              "origin": [
                3.0,
                18.0,
                -2.0
              ],
              "size": [
                3.0,
                4.0,
                1.0
              ],
              "uv": [
                48,
                4
              ],
              "inflate": 0
            }
          ],
          "parent": "Face2",
          "rotation": [
            0,
            0,
            20
          ]
        },
        {
          "name": "Sond",
          "pivot": [
            0,
            19,
            0
          ],
          "cubes": [
            {
              "origin": [
                -1.0,
                17.0,
                -1.0
              ],
              "size": [
                3.0,
                2.0,
                1.0
              ],
              "uv": [
                50,
                35
              ],
              "inflate": 0
            },
            {
              "origin": [
                0.0,
                14.0,
                -1.0
              ],
              "size": [
                1.0,
                3.0,
                1.0
              ],
              "uv": [
                35,
                53
              ],
              "inflate": 0
            },
            {
              "origin": [
                1.0,
                15.0,
                0.0
              ],
              "size": [
                2.0,
                2.0,
                0.0
              ],
              "uv": [
                54,
                29
              ],
              "inflate": 0
            },
            {
              "origin": [
                -2.0,
                15.0,
                0.0
              ],
              "size": [
                2.0,
                2.0,
                0.0
              ],
              "uv": [
                54,
                23
              ],
              "inflate": 0
            }
          ],
          "parent": "Face2",
          "rotation": [
            47.5,
            0,
            0
          ]
        },
        {
          "name": "bone13",
          "pivot": [
            1,
            14,
            0
          ],
          "cubes": [
            {
              "origin": [
                0.0,
                11.0,
                -1.0
              ],
              "size": [
                1.0,
                3.0,
                1.0
              ],
              "uv": [
                0,
                54
              ],
              "inflate": 0
            }
          ],
          "parent": "Sond",
          "rotation": [
            0,
            -10,
            67.5
          ]
        },
        {
          "name": "bone14",
          "pivot": [
            1,
            11,
            0
          ],
          "cubes": [
            {
              "origin": [
                0.0,
                9.0,
                -1.0
              ],
              "size": [
                1.0,
                2.0,
                1.0
              ],
              "uv": [
                9,
                39
              ],
              "inflate": 0
            }
          ],
          "parent": "bone13",
          "rotation": [
            0,
            0,
            62.5
          ]
        }
      ]
    }
  ]
}