{
  "format_version": "1.12.0",
  "minecraft:geometry": [
    {
      "description": {
        "identifier": "geometry.ms_mushak",
        "texture_width": 128,
        "texture_height": 128,
        "visible_bounds_width": 7,
        "visible_bounds_height": 2.5,
        "visible_bounds_offset": [
          0,
          0.75,
          0
        ]
      },
      "bones": [
        {
          "name": "Mushak",
          "pivot": [
            0,
            0,
            7
          ]
        },
        {
          "name": "Body",
          "pivot": [
            0,
            5,
            0
          ],
          "cubes": [
            {
              "origin": [
                -5.0,
                5.0,
                -7.0
              ],
              "size": [
                10.0,
                9.0,
                17.0
              ],
              "uv": [
                0,
                0
              ],
              "inflate": 0
            },
            {
              "origin": [
                -5.5,
                7.0,
                -6.0
              ],
              "size": [
                11.0,
                8.0,
                15.0
              ],
              "uv": [
                1.25,
                84.5
              ],
              "inflate": 0
            },
            {
              "origin": [
                -4.5,
                5.5,
                10.0
              ],
              "size": [
                9.0,
                8.0,
                2.0
              ],
              "uv": [
                30,
                47
              ],
              "inflate": 0
            }
          ],
          "parent": "Mushak"
        },
        {
          "name": "Tail",
          "pivot": [
            0,
            11,
            10
          ],
          "cubes": [
            {
              "origin": [
                -1.0,
                18.05949,
                37.65087
              ],
              "size": [
                2.0,
                2.0,
                13.0
              ],
              "pivot": [
                0.0,
                19.05949,
                38.65087
              ],
              "rotation": [
                85.0,
                0.0,
                0.0
              ],
              "uv": [
                42,
                16
              ],
              "inflate": 0
            },
            {
              "origin": [
                -1.0,
                10.0,
                10.0
              ],
              "size": [
                2.0,
                2.0,
                17.0
              ],
              "uv": [
                21,
                28
              ],
              "inflate": 0
            },
            {
              "origin": [
                -1.0,
                10.0,
                25.0
              ],
              "size": [
                2.0,
                2.0,
                17.0
              ],
              "pivot": [
                0.0,
                11.0,
                26.0
              ],
              "rotation": [
                32.5,
                0.0,
                0.0
              ],
              "uv": [
                0,
                26
              ],
              "inflate": 0
            }
          ],
          "parent": "Body",
          "rotation": [
            -22.5,
            0,
            0
          ]
        },
        {
          "name": "Face",
          "pivot": [
            0,
            10.6875,
            -7.0625
          ],
          "cubes": [
            {
              "origin": [
                1.0,
                9.5,
                -18.0
              ],
              "size": [
                3.0,
                3.0,
                3.0
              ],
              "pivot": [
                4.5,
                11.0,
                -16.5
              ],
              "rotation": [
                0.0,
                30.0,
                0.0
              ],
              "uv": [
                0,
                10
              ],
              "inflate": 0
            },
            {
              "origin": [
                -4.0,
                9.5,
                -18.0
              ],
              "size": [
                3.0,
                3.0,
                3.0
              ],
              "pivot": [
                -4.5,
                11.0,
                -16.5
              ],
              "rotation": [
                0.0,
                -30.0,
                0.0
              ],
              "uv": [
                0,
                36
              ],
              "inflate": 0
            },
            {
              "origin": [
                -3.0,
                5.5,
                -23.0
              ],
              "size": [
                6.0,
                6.0,
                8.0
              ],
              "uv": [
                42,
                31
              ],
              "inflate": 0
            },
            {
              "origin": [
                -7.5,
                2.5,
                -24.0
              ],
              "size": [
                15.0,
                8.0,
                0.0
              ],
              "uv": [
                0,
                47
              ],
              "inflate": 0
            },
            {
              "origin": [
                -1.5,
                5.5,
                -24.0
              ],
              "size": [
                3.0,
                3.0,
                1.0
              ],
              "uv": [
                9,
                0
              ],
              "inflate": 0
            },
            {
              "origin": [
                -4.5,
                5.5,
                -15.0
              ],
              "size": [
                9.0,
                8.0,
                8.0
              ],
              "uv": [
                37,
                0
              ],
              "inflate": 0
            },
            {
              "origin": [
                -4.5,
                13.5,
                -10.0
              ],
              "size": [
                3.0,
                5.0,
                0.0
              ],
              "uv": [
                37,
                0
              ],
              "inflate": 0
            },
            {
              "origin": [
                1.5,
                13.5,
                -10.0
              ],
              "size": [
                3.0,
                5.0,
                0.0
              ],
              "uv": [
                9,
                26
              ],
              "inflate": 0
            }
          ],
          "parent": "Body"
        },
        {
          "name": "Legs",
          "parent": "Mushak"
        },
        {
          "name": "Leg1",
          "pivot": [
            5,
            6,
            -5
          ],
          "cubes": [
            {
              "origin": [
                4.0,
                3.0,
                -7.0
              ],
              "size": [
                2.0,
                4.0,
                3.0
              ],
              "uv": [
                39,
                57
              ],
              "inflate": 0
            }
          ],
          "parent": "Legs",
          "rotation": [
            37.5,
            0,
            0
          ]
        },
        {
          "name": "bone",
          "pivot": [
            5,
            3,
            -6
          ],
          "cubes": [
            {
              "origin": [
                4.0,
                -4.0,
                -7.0
              ],
              "size": [
                2.0,
                8.0,
                2.0
              ],
              "pivot": [
                5.0,
                3.0,
                -6.0
              ],
              "rotation": [
                -109.89839,
                -2.15574,
                1.95866
              ],
              "uv": [
                0,
                55
              ],
              "inflate": 0
            }
          ],
          "parent": "Leg1"
        },
        {
          "name": "bone2",
          "pivot": [
            5,
            5,
            -13
          ],
          "cubes": [
            {
              "origin": [
                4.0,
                5.0,
                -16.0
              ],
              "size": [
                2.0,
                1.0,
                4.0
              ],
              "uv": [
                56,
                53
              ],
              "inflate": 0
            }
          ],
          "parent": "bone",
          "rotation": [
            -32.5,
            0,
            0
          ]
        },
        {
          "name": "Leg3",
          "pivot": [
            5,
            9,
            7
          ],
          "cubes": [
            {
              "origin": [
                4.0,
                5.0,
                3.0
              ],
              "size": [
                2.0,
                5.0,
                5.0
              ],
              "uv": [
                0,
                26
              ],
              "inflate": 0
            }
          ],
          "parent": "Legs",
          "rotation": [
            40,
            0,
            0
          ]
        },
        {
          "name": "bone5",
          "pivot": [
            5,
            6,
            6
          ],
          "cubes": [
            {
              "origin": [
                4.0,
                -1.0,
                5.0
              ],
              "size": [
                2.0,
                8.0,
                2.0
              ],
              "pivot": [
                5.0,
                6.0,
                6.0
              ],
              "rotation": [
                -109.89839,
                -2.15574,
                1.95866
              ],
              "uv": [
                29,
                26
              ],
              "inflate": 0
            }
          ],
          "parent": "Leg3",
          "rotation": [
            32.5,
            0,
            0
          ]
        },
        {
          "name": "bone6",
          "pivot": [
            5,
            8,
            -1
          ],
          "cubes": [
            {
              "origin": [
                4.0,
                8.0,
                -4.0
              ],
              "size": [
                2.0,
                1.0,
                4.0
              ],
              "pivot": [
                5.0,
                8.0,
                -1.0
              ],
              "rotation": [
                -55.0,
                0.0,
                0.0
              ],
              "uv": [
                8,
                55
              ],
              "inflate": 0
            }
          ],
          "parent": "bone5",
          "rotation": [
            -17.5,
            0,
            0
          ]
        },
        {
          "name": "Leg4",
          "pivot": [
            -5,
            9,
            7
          ],
          "cubes": [
            {
              "origin": [
                -6.0,
                5.0,
                3.0
              ],
              "size": [
                2.0,
                5.0,
                5.0
              ],
              "uv": [
                0,
                0
              ],
              "inflate": 0
            }
          ],
          "parent": "Legs",
          "rotation": [
            40,
            0,
            0
          ]
        },
        {
          "name": "bone7",
          "pivot": [
            -5,
            6,
            6
          ],
          "cubes": [
            {
              "origin": [
                -6.0,
                -1.0,
                5.0
              ],
              "size": [
                2.0,
                8.0,
                2.0
              ],
              "pivot": [
                -5.0,
                6.0,
                6.0
              ],
              "rotation": [
                -109.89839,
                -2.15574,
                1.95866
              ],
              "uv": [
                21,
                26
              ],
              "inflate": 0
            }
          ],
          "parent": "Leg4",
          "rotation": [
            32.5,
            0,
            0
          ]
        },
        {
          "name": "bone8",
          "pivot": [
            -5,
            8,
            -1
          ],
          "cubes": [
            {
              "origin": [
                -6.0,
                8.0,
                -4.0
              ],
              "size": [
                2.0,
                1.0,
                4.0
              ],
              "pivot": [
                -5.0,
                8.0,
                -1.0
              ],
              "rotation": [
                -55.0,
                0.0,
                0.0
              ],
              "uv": [
                21,
                36
              ],
              "inflate": 0
            }
          ],
          "parent": "bone7",
          "rotation": [
            -17.5,
            0,
            0
          ]
        },
        {
          "name": "Leg2",
          "pivot": [
            -5,
            6,
            -5
          ],
          "cubes": [
            {
              "origin": [
                -6.0,
                3.0,
                -7.0
              ],
              "size": [
                2.0,
                4.0,
                3.0
              ],
              "uv": [
                29,
                57
              ],
              "inflate": 0
            }
          ],
          "parent": "Legs",
          "rotation": [
            37.5,
            0,
            0
          ]
        },
        {
          "name": "bone3",
          "pivot": [
            -5,
            3,
            -6
          ],
          "cubes": [
            {
              "origin": [
                -6.0,
                -4.0,
                -7.0
              ],
              "size": [
                2.0,
                8.0,
                2.0
              ],
              "pivot": [
                -5.0,
                3.0,
                -6.0
              ],
              "rotation": [
                -109.89839,
                -2.15574,
                1.95866
              ],
              "uv": [
                52,
                47
              ],
              "inflate": 0
            }
          ],
          "parent": "Leg2"
        },
        {
          "name": "bone4",
          "pivot": [
            -5,
            5,
            -13
          ],
          "cubes": [
            {
              "origin": [
                -6.0,
                5.0,
                -16.0
              ],
              "size": [
                2.0,
                1.0,
                4.0
              ],
              "uv": [
                20,
                55
              ],
              "inflate": 0
            }
          ],
          "parent": "bone3",
          "rotation": [
            -32.5,
            0,
            0
          ]
        }
      ]
    }
  ]
}