{
  "format_version": "1.12.0",
  "minecraft:geometry": [
    {
      "description": {
        "identifier": "geometry.ms_mr16",
        "texture_width": 256,
        "texture_height": 256,
        "visible_bounds_width": 6,
        "visible_bounds_height": 7,
        "visible_bounds_offset": [
          0,
          2.5,
          0
        ]
      },
      "bones": [
        {
          "name": "lotus",
          "cubes": [
            {
              "origin": [
                -8.0,
                0.0,
                -8.0
              ],
              "size": [
                16.0,
                8.0,
                16.0
              ],
              "uv": [
                112,
                133
              ],
              "inflate": 0
            },
            {
              "origin": [
                -8.0,
                0.0,
                -8.0
              ],
              "size": [
                16.0,
                8.0,
                16.0
              ],
              "rotation": [
                0.0,
                12.5,
                0.0
              ],
              "uv": [
                64,
                125
              ],
              "inflate": 0
            },
            {
              "origin": [
                -8.0,
                0.0,
                -8.0
              ],
              "size": [
                16.0,
                8.0,
                16.0
              ],
              "rotation": [
                0.0,
                27.5,
                0.0
              ],
              "uv": [
                0,
                125
              ],
              "inflate": 0
            },
            {
              "origin": [
                -8.0,
                0.0,
                -8.0
              ],
              "size": [
                16.0,
                8.0,
                16.0
              ],
              "rotation": [
                0.0,
                42.5,
                0.0
              ],
              "uv": [
                120,
                109
              ],
              "inflate": 0
            },
            {
              "origin": [
                -8.0,
                0.0,
                -8.0
              ],
              "size": [
                16.0,
                8.0,
                16.0
              ],
              "rotation": [
                0.0,
                62.5,
                0.0
              ],
              "uv": [
                72,
                101
              ],
              "inflate": 0
            },
            {
              "origin": [
                -6.52343,
                0.0,
                -23.98858
              ],
              "size": [
                12.0,
                1.0,
                24.0
              ],
              "pivot": [
                -0.52343,
                0.5,
                -11.98858
              ],
              "rotation": [
                0.0,
                2.5,
                0.0
              ],
              "uv": [
                0,
                100
              ],
              "inflate": 0
            },
            {
              "origin": [
                -0.45902,
                0.0,
                -22.64413
              ],
              "size": [
                12.0,
                1.0,
                24.0
              ],
              "pivot": [
                5.54098,
                0.5,
                -10.64413
              ],
              "rotation": [
                0.0,
                -27.5,
                0.0
              ],
              "uv": [
                96,
                75
              ],
              "inflate": 0
            },
            {
              "origin": [
                3.47115,
                5.02875,
                -18.63177
              ],
              "size": [
                12.0,
                1.0,
                24.0
              ],
              "pivot": [
                9.47115,
                5.52875,
                -6.63177
              ],
              "rotation": [
                -5.0,
                -55.0,
                0.0
              ],
              "uv": [
                96,
                50
              ],
              "inflate": 0
            },
            {
              "origin": [
                5.89734,
                0.0,
                -13.56631
              ],
              "size": [
                12.0,
                1.0,
                24.0
              ],
              "pivot": [
                11.89734,
                0.5,
                -1.56631
              ],
              "rotation": [
                0.0,
                -82.5,
                0.0
              ],
              "uv": [
                96,
                25
              ],
              "inflate": 0
            },
            {
              "origin": [
                3.79763,
                6.95249,
                -8.43395
              ],
              "size": [
                12.0,
                1.0,
                24.0
              ],
              "pivot": [
                9.79763,
                7.45249,
                3.56605
              ],
              "rotation": [
                165.0,
                -70.0,
                180.0
              ],
              "uv": [
                96,
                0
              ],
              "inflate": 0
            },
            {
              "origin": [
                2.10708,
                0.0,
                -3.15267
              ],
              "size": [
                12.0,
                1.0,
                24.0
              ],
              "pivot": [
                8.10708,
                0.5,
                8.84733
              ],
              "rotation": [
                -180.0,
                -42.5,
                180.0
              ],
              "uv": [
                48,
                76
              ],
              "inflate": 0
            },
            {
              "origin": [
                -3.38815,
                7.4002,
                -2.25243
              ],
              "size": [
                12.0,
                1.0,
                24.0
              ],
              "pivot": [
                2.61185,
                7.9002,
                9.74757
              ],
              "rotation": [
                162.5,
                -15.0,
                180.0
              ],
              "uv": [
                0,
                75
              ],
              "inflate": 0
            },
            {
              "origin": [
                -8.59728,
                0.0,
                -0.28445
              ],
              "size": [
                12.0,
                1.0,
                24.0
              ],
              "pivot": [
                -2.59728,
                0.5,
                11.71555
              ],
              "rotation": [
                -180.0,
                12.5,
                180.0
              ],
              "uv": [
                48,
                51
              ],
              "inflate": 0
            },
            {
              "origin": [
                -6.0,
                4.0,
                -24.0
              ],
              "size": [
                12.0,
                1.0,
                24.0
              ],
              "rotation": [
                165.0,
                40.0,
                180.0
              ],
              "uv": [
                0,
                50
              ],
              "inflate": 0
            },
            {
              "origin": [
                -17.08655,
                0.0,
                -7.4078
              ],
              "size": [
                12.0,
                1.0,
                24.0
              ],
              "pivot": [
                -11.08655,
                0.5,
                4.5922
              ],
              "rotation": [
                -180.0,
                67.5,
                180.0
              ],
              "uv": [
                48,
                26
              ],
              "inflate": 0
            },
            {
              "origin": [
                -16.7007,
                6.49061,
                -12.93619
              ],
              "size": [
                12.0,
                1.0,
                24.0
              ],
              "pivot": [
                -10.7007,
                6.99061,
                -0.93619
              ],
              "rotation": [
                -12.5,
                85.0,
                0.0
              ],
              "uv": [
                48,
                1
              ],
              "inflate": 0
            },
            {
              "origin": [
                -16.1207,
                0.0,
                -18.4476
              ],
              "size": [
                12.0,
                1.0,
                24.0
              ],
              "pivot": [
                -10.1207,
                0.5,
                -6.4476
              ],
              "rotation": [
                0.0,
                57.5,
                0.0
              ],
              "uv": [
                0,
                25
              ],
              "inflate": 0
            },
            {
              "origin": [
                -11.78107,
                5.02875,
                -22.0131
              ],
              "size": [
                12.0,
                1.0,
                24.0
              ],
              "pivot": [
                -5.78107,
                5.52875,
                -10.0131
              ],
              "rotation": [
                -5.0,
                30.0,
                0.0
              ],
              "uv": [
                0,
                0
              ],
              "inflate": 0
            }
          ]
        },
        {
          "name": "legs",
          "cubes": [
            {
              "origin": [
                -5.0,
                14.0,
                -2.0
              ],
              "size": [
                6.0,
                16.0,
                3.0
              ],
              "uv": [
                48,
                0
              ],
              "inflate": 0
            }
          ]
        },
        {
          "name": "L1",
          "pivot": [
            -4,
            31,
            -5
          ],
          "cubes": [
            {
              "origin": [
                -6.34982,
                17.87287,
                -7.0
              ],
              "size": [
                5.0,
                13.0,
                5.0
              ],
              "pivot": [
                -3.58811,
                30.86716,
                -4.5
              ],
              "uv": [
                0,
                25
              ],
              "inflate": 0
            },
            {
              "origin": [
                -1.34982,
                17.87287,
                -3.0
              ],
              "size": [
                4.0,
                13.0,
                1.0
              ],
              "pivot": [
                0.65018,
                24.37287,
                -2.5
              ],
              "uv": [
                56,
                149
              ],
              "inflate": 0
            },
            {
              "origin": [
                -5.36311,
                7.35814,
                -5.6405
              ],
              "size": [
                5.0,
                12.0,
                5.0
              ],
              "pivot": [
                -2.86311,
                13.35814,
                -3.1405
              ],
              "rotation": [
                15.0,
                0.0,
                -10.0
              ],
              "uv": [
                0,
                50
              ],
              "inflate": 0
            },
            {
              "origin": [
                -1.56325,
                8.94182,
                -3.23797
              ],
              "size": [
                4.0,
                12.0,
                1.0
              ],
              "pivot": [
                1.47863,
                20.64933,
                -1.20865
              ],
              "rotation": [
                14.87739,
                -1.93597,
                -2.75279
              ],
              "uv": [
                0,
                157
              ],
              "inflate": 0
            },
            {
              "origin": [
                -3.0,
                8.0,
                -8.0
              ],
              "size": [
                3.0,
                2.0,
                4.0
              ],
              "uv": [
                105,
                76
              ],
              "inflate": 0
            }
          ],
          "parent": "legs",
          "rotation": [
            -5,
            22.5,
            0
          ]
        },
        {
          "name": "L2",
          "pivot": [
            2.4498,
            31.12983,
            -2.5
          ],
          "cubes": [
            {
              "origin": [
                -0.0502,
                17.12983,
                -5.0
              ],
              "size": [
                5.0,
                14.0,
                5.0
              ],
              "pivot": [
                2.4498,
                24.12983,
                -2.5
              ],
              "rotation": [
                0.0,
                0.0,
                -2.5
              ],
              "uv": [
                0,
                0
              ],
              "inflate": 0
            },
            {
              "origin": [
                -0.77762,
                7.63626,
                -2.18033
              ],
              "size": [
                5.0,
                12.0,
                5.0
              ],
              "pivot": [
                1.72238,
                13.63626,
                0.31967
              ],
              "rotation": [
                29.24769,
                -6.27967,
                13.64973
              ],
              "uv": [
                48,
                26
              ],
              "inflate": 0
            },
            {
              "origin": [
                0.0,
                7.71221,
                -2.08945
              ],
              "size": [
                3.0,
                2.0,
                3.0
              ],
              "pivot": [
                1.5,
                8.71221,
                -0.58945
              ],
              "rotation": [
                27.5,
                0.0,
                0.0
              ],
              "uv": [
                60,
                117
              ],
              "inflate": 0
            }
          ],
          "parent": "legs",
          "rotation": [
            -2.49708,
            -0.97699,
            2.4265
          ]
        },
        {
          "name": "BODY",
          "pivot": [
            -1,
            30,
            -3
          ],
          "cubes": [
            {
              "origin": [
                -5.9724,
                30.26488,
                -6.0
              ],
              "size": [
                10.0,
                3.0,
                6.0
              ],
              "pivot": [
                -1.4724,
                34.26488,
                -3.0
              ],
              "rotation": [
                0.0,
                0.0,
                -10.0
              ],
              "uv": [
                120,
                100
              ],
              "inflate": 0
            },
            {
              "origin": [
                -5.9724,
                33.26488,
                -6.0
              ],
              "size": [
                10.0,
                4.0,
                6.0
              ],
              "pivot": [
                -1.4724,
                34.26488,
                -3.0
              ],
              "rotation": [
                0.0,
                0.0,
                -10.0
              ],
              "uv": [
                48,
                125
              ],
              "inflate": 0
            },
            {
              "origin": [
                -8.0,
                36.0,
                -6.0
              ],
              "size": [
                12.0,
                8.0,
                6.0
              ],
              "uv": [
                48,
                101
              ],
              "inflate": 0
            }
          ],
          "rotation": [
            7.49067,
            0.43399,
            -2.46207
          ]
        },
        {
          "name": "bone3",
          "pivot": [
            -2,
            43,
            -6
          ],
          "cubes": [
            {
              "origin": [
                -6.0,
                22.0,
                -7.0
              ],
              "size": [
                2.0,
                22.0,
                1.0
              ],
              "uv": [
                16,
                75
              ],
              "inflate": 0
            },
            {
              "origin": [
                -4.0,
                17.0,
                -7.0
              ],
              "size": [
                4.0,
                1.0,
                1.0
              ],
              "uv": [
                62,
                65
              ],
              "inflate": 0
            },
            {
              "origin": [
                -3.0,
                16.0,
                -7.0
              ],
              "size": [
                2.0,
                1.0,
                1.0
              ],
              "uv": [
                96,
                14
              ],
              "inflate": 0
            },
            {
              "origin": [
                0.0,
                22.0,
                -7.0
              ],
              "size": [
                2.0,
                22.0,
                1.0
              ],
              "uv": [
                66,
                0
              ],
              "inflate": 0
            },
            {
              "origin": [
                -5.0,
                18.0,
                -7.0
              ],
              "size": [
                6.0,
                5.0,
                1.0
              ],
              "uv": [
                48,
                43
              ],
              "inflate": 0
            }
          ],
          "parent": "BODY",
          "rotation": [
            -10,
            0,
            0
          ]
        },
        {
          "name": "head",
          "cubes": [
            {
              "origin": [
                -4.0,
                44.0,
                -5.0
              ],
              "size": [
                4.0,
                3.0,
                4.0
              ],
              "uv": [
                96,
                90
              ],
              "inflate": 0
            },
            {
              "origin": [
                -6.0,
                48.0,
                -6.0
              ],
              "size": [
                8.0,
                5.0,
                6.0
              ],
              "uv": [
                144,
                35
              ],
              "inflate": 0
            },
            {
              "origin": [
                -6.0,
                45.0,
                -6.0
              ],
              "size": [
                4.0,
                3.0,
                6.0
              ],
              "pivot": [
                -6.0,
                48.0,
                0.0
              ],
              "rotation": [
                0.0,
                0.0,
                -22.5
              ],
              "uv": [
                96,
                40
              ],
              "inflate": 0
            },
            {
              "origin": [
                -2.0,
                45.0,
                -6.0
              ],
              "size": [
                4.0,
                3.0,
                6.0
              ],
              "pivot": [
                2.0,
                48.0,
                0.0
              ],
              "rotation": [
                0.0,
                0.0,
                22.5
              ],
              "uv": [
                96,
                14
              ],
              "inflate": 0
            },
            {
              "origin": [
                -8.0,
                65.0,
                0.0
              ],
              "size": [
                12.0,
                1.0,
                1.0
              ],
              "uv": [
                48,
                135
              ],
              "inflate": 0
            },
            {
              "origin": [
                -7.0,
                63.0,
                0.0
              ],
              "size": [
                1.0,
                2.0,
                1.0
              ],
              "uv": [
                0,
                43
              ],
              "inflate": 0
            },
            {
              "origin": [
                2.0,
                63.0,
                0.0
              ],
              "size": [
                1.0,
                2.0,
                1.0
              ],
              "uv": [
                20,
                39
              ],
              "inflate": 0
            },
            {
              "origin": [
                1.0,
                64.0,
                0.0
              ],
              "size": [
                1.0,
                1.0,
                1.0
              ],
              "uv": [
                15,
                28
              ],
              "inflate": 0
            },
            {
              "origin": [
                -6.0,
                64.0,
                0.0
              ],
              "size": [
                1.0,
                1.0,
                1.0
              ],
              "uv": [
                0,
                28
              ],
              "inflate": 0
            },
            {
              "origin": [
                -7.0,
                66.0,
                0.0
              ],
              "size": [
                10.0,
                1.0,
                1.0
              ],
              "uv": [
                0,
                19
              ],
              "inflate": 0
            },
            {
              "origin": [
                -6.0,
                67.0,
                0.0
              ],
              "size": [
                8.0,
                1.0,
                1.0
              ],
              "uv": [
                48,
                69
              ],
              "inflate": 0
            },
            {
              "origin": [
                -8.0,
                52.0,
                0.0
              ],
              "size": [
                12.0,
                1.0,
                1.0
              ],
              "uv": [
                48,
                115
              ],
              "inflate": 0
            },
            {
              "origin": [
                3.0,
                53.0,
                0.0
              ],
              "size": [
                2.0,
                12.0,
                1.0
              ],
              "uv": [
                28,
                157
              ],
              "inflate": 0
            },
            {
              "origin": [
                -9.0,
                53.0,
                0.0
              ],
              "size": [
                2.0,
                12.0,
                1.0
              ],
              "uv": [
                22,
                157
              ],
              "inflate": 0
            },
            {
              "origin": [
                -10.0,
                54.0,
                0.0
              ],
              "size": [
                1.0,
                10.0,
                1.0
              ],
              "uv": [
                20,
                25
              ],
              "inflate": 0
            },
            {
              "origin": [
                -11.0,
                55.0,
                0.0
              ],
              "size": [
                1.0,
                8.0,
                1.0
              ],
              "uv": [
                20,
                64
              ],
              "inflate": 0
            },
            {
              "origin": [
                6.0,
                55.0,
                0.0
              ],
              "size": [
                1.0,
                8.0,
                1.0
              ],
              "uv": [
                20,
                55
              ],
              "inflate": 0
            },
            {
              "origin": [
                5.0,
                54.0,
                0.0
              ],
              "size": [
                1.0,
                10.0,
                1.0
              ],
              "uv": [
                20,
                0
              ],
              "inflate": 0
            },
            {
              "origin": [
                -7.0,
                53.0,
                -7.0
              ],
              "size": [
                10.0,
                3.0,
                7.0
              ],
              "uv": [
                144,
                25
              ],
              "inflate": 0
            },
            {
              "origin": [
                -5.0,
                56.0,
                -6.0
              ],
              "size": [
                6.0,
                3.0,
                6.0
              ],
              "uv": [
                48,
                51
              ],
              "inflate": 0
            },
            {
              "origin": [
                -6.0,
                56.0,
                -7.0
              ],
              "size": [
                8.0,
                1.0,
                1.0
              ],
              "uv": [
                0,
                21
              ],
              "inflate": 0
            },
            {
              "origin": [
                -5.0,
                57.0,
                -7.0
              ],
              "size": [
                6.0,
                1.0,
                1.0
              ],
              "uv": [
                48,
                71
              ],
              "inflate": 0
            },
            {
              "origin": [
                -4.0,
                58.0,
                -7.0
              ],
              "size": [
                4.0,
                1.0,
                1.0
              ],
              "uv": [
                60,
                96
              ],
              "inflate": 0
            },
            {
              "origin": [
                -3.0,
                52.0,
                -7.0
              ],
              "size": [
                2.0,
                1.0,
                1.0
              ],
              "uv": [
                10,
                100
              ],
              "inflate": 0
            },
            {
              "origin": [
                -7.0,
                52.0,
                -7.0
              ],
              "size": [
                1.0,
                1.0,
                4.0
              ],
              "uv": [
                108,
                69
              ],
              "inflate": 0
            },
            {
              "origin": [
                2.0,
                52.0,
                -7.0
              ],
              "size": [
                1.0,
                1.0,
                4.0
              ],
              "uv": [
                62,
                69
              ],
              "inflate": 0
            },
            {
              "origin": [
                -4.0,
                59.0,
                -5.0
              ],
              "size": [
                4.0,
                1.0,
                4.0
              ],
              "uv": [
                48,
                19
              ],
              "inflate": 0
            },
            {
              "origin": [
                -3.0,
                60.0,
                -4.0
              ],
              "size": [
                2.0,
                1.0,
                2.0
              ],
              "uv": [
                16,
                21
              ],
              "inflate": 0
            },
            {
              "origin": [
                -10.65962,
                45.67451,
                -4.0
              ],
              "size": [
                5.0,
                8.0,
                2.0
              ],
              "pivot": [
                -6.19001,
                49.32721,
                -3.0
              ],
              "rotation": [
                0.0,
                30.0,
                -10.0
              ],
              "uv": [
                94,
                149
              ],
              "inflate": 0
            },
            {
              "origin": [
                1.40006,
                45.16817,
                -4.0
              ],
              "size": [
                5.0,
                8.0,
                2.0
              ],
              "pivot": [
                1.91717,
                48.90711,
                -3.0
              ],
              "rotation": [
                0.0,
                -27.5,
                7.5
              ],
              "uv": [
                80,
                149
              ],
              "inflate": 0
            }
          ],
          "parent": "BODY"
        },
        {
          "name": "Snake",
          "pivot": [
            -2,
            68,
            1
          ],
          "cubes": [
            {
              "origin": [
                -3.0,
                68.0,
                0.0
              ],
              "size": [
                2.0,
                1.0,
                1.0
              ],
              "uv": [
                0,
                100
              ],
              "inflate": 0
            },
            {
              "origin": [
                -3.0,
                69.0,
                0.0
              ],
              "size": [
                2.0,
                6.0,
                1.0
              ],
              "pivot": [
                -2.0,
                68.5,
                0.5
              ],
              "rotation": [
                0.0,
                0.0,
                20.0
              ],
              "uv": [
                112,
                125
              ],
              "inflate": 0
            },
            {
              "origin": [
                -3.0,
                69.0,
                0.0
              ],
              "size": [
                2.0,
                6.0,
                1.0
              ],
              "pivot": [
                -2.0,
                68.5,
                0.5
              ],
              "rotation": [
                0.0,
                0.0,
                -20.0
              ],
              "uv": [
                16,
                117
              ],
              "inflate": 0
            },
            {
              "origin": [
                -4.0,
                72.0,
                0.0
              ],
              "size": [
                4.0,
                4.0,
                1.0
              ],
              "pivot": [
                -2.0,
                74.0,
                0.5
              ],
              "rotation": [
                0.0,
                0.0,
                45.0
              ],
              "uv": [
                44,
                157
              ],
              "inflate": 0
            }
          ],
          "parent": "head"
        },
        {
          "name": "Snake2",
          "pivot": [
            0,
            68,
            1
          ],
          "cubes": [
            {
              "origin": [
                -1.0,
                68.0,
                0.0
              ],
              "size": [
                2.0,
                1.0,
                1.0
              ],
              "uv": [
                96,
                44
              ],
              "inflate": 0
            },
            {
              "origin": [
                -1.0,
                69.0,
                0.0
              ],
              "size": [
                2.0,
                6.0,
                1.0
              ],
              "pivot": [
                0.0,
                68.5,
                0.5
              ],
              "rotation": [
                0.0,
                0.0,
                20.0
              ],
              "uv": [
                114,
                65
              ],
              "inflate": 0
            },
            {
              "origin": [
                -1.0,
                69.0,
                0.0
              ],
              "size": [
                2.0,
                6.0,
                1.0
              ],
              "pivot": [
                0.0,
                68.5,
                0.5
              ],
              "rotation": [
                0.0,
                0.0,
                -20.0
              ],
              "uv": [
                105,
                51
              ],
              "inflate": 0
            },
            {
              "origin": [
                -2.0,
                72.0,
                0.0
              ],
              "size": [
                4.0,
                4.0,
                1.0
              ],
              "pivot": [
                0.0,
                74.0,
                0.5
              ],
              "rotation": [
                0.0,
                0.0,
                45.0
              ],
              "uv": [
                34,
                157
              ],
              "inflate": 0
            }
          ],
          "parent": "head",
          "rotation": [
            2.46207,
            -0.43399,
            10
          ]
        },
        {
          "name": "Snake3",
          "pivot": [
            -4,
            68,
            1
          ],
          "cubes": [
            {
              "origin": [
                -5.0,
                68.0,
                0.0
              ],
              "size": [
                2.0,
                1.0,
                1.0
              ],
              "uv": [
                96,
                42
              ],
              "inflate": 0
            },
            {
              "origin": [
                -5.0,
                69.0,
                0.0
              ],
              "size": [
                2.0,
                6.0,
                1.0
              ],
              "pivot": [
                -4.0,
                68.5,
                0.5
              ],
              "rotation": [
                0.0,
                0.0,
                20.0
              ],
              "uv": [
                105,
                26
              ],
              "inflate": 0
            },
            {
              "origin": [
                -5.0,
                69.0,
                0.0
              ],
              "size": [
                2.0,
                6.0,
                1.0
              ],
              "pivot": [
                -4.0,
                68.5,
                0.5
              ],
              "rotation": [
                0.0,
                0.0,
                -20.0
              ],
              "uv": [
                105,
                0
              ],
              "inflate": 0
            },
            {
              "origin": [
                -6.0,
                72.0,
                0.0
              ],
              "size": [
                4.0,
                4.0,
                1.0
              ],
              "pivot": [
                -4.0,
                74.0,
                0.5
              ],
              "rotation": [
                0.0,
                0.0,
                45.0
              ],
              "uv": [
                154,
                18
              ],
              "inflate": 0
            }
          ],
          "parent": "head",
          "rotation": [
            2.5,
            0,
            -10
          ]
        },
        {
          "name": "Snake4",
          "pivot": [
            -6,
            67,
            1
          ],
          "cubes": [
            {
              "origin": [
                -7.0,
                67.0,
                0.0
              ],
              "size": [
                2.0,
                1.0,
                1.0
              ],
              "uv": [
                96,
                40
              ],
              "inflate": 0
            },
            {
              "origin": [
                -7.0,
                68.0,
                0.0
              ],
              "size": [
                2.0,
                6.0,
                1.0
              ],
              "pivot": [
                -6.0,
                67.5,
                0.5
              ],
              "rotation": [
                0.0,
                0.0,
                20.0
              ],
              "uv": [
                96,
                76
              ],
              "inflate": 0
            },
            {
              "origin": [
                -7.0,
                68.0,
                0.0
              ],
              "size": [
                2.0,
                6.0,
                1.0
              ],
              "pivot": [
                -6.0,
                67.5,
                0.5
              ],
              "rotation": [
                0.0,
                0.0,
                -20.0
              ],
              "uv": [
                96,
                51
              ],
              "inflate": 0
            },
            {
              "origin": [
                -8.0,
                71.0,
                0.0
              ],
              "size": [
                4.0,
                4.0,
                1.0
              ],
              "pivot": [
                -6.0,
                73.0,
                0.5
              ],
              "rotation": [
                0.0,
                0.0,
                45.0
              ],
              "uv": [
                144,
                18
              ],
              "inflate": 0
            }
          ],
          "parent": "head",
          "rotation": [
            7.5,
            0,
            -30
          ]
        },
        {
          "name": "Snake5",
          "pivot": [
            2,
            67,
            1
          ],
          "cubes": [
            {
              "origin": [
                1.0,
                67.0,
                0.0
              ],
              "size": [
                2.0,
                1.0,
                1.0
              ],
              "uv": [
                96,
                18
              ],
              "inflate": 0
            },
            {
              "origin": [
                1.0,
                68.0,
                0.0
              ],
              "size": [
                2.0,
                6.0,
                1.0
              ],
              "pivot": [
                2.0,
                67.5,
                0.5
              ],
              "rotation": [
                0.0,
                0.0,
                20.0
              ],
              "uv": [
                96,
                26
              ],
              "inflate": 0
            },
            {
              "origin": [
                1.0,
                68.0,
                0.0
              ],
              "size": [
                2.0,
                6.0,
                1.0
              ],
              "pivot": [
                2.0,
                67.5,
                0.5
              ],
              "rotation": [
                0.0,
                0.0,
                -20.0
              ],
              "uv": [
                96,
                0
              ],
              "inflate": 0
            },
            {
              "origin": [
                0.0,
                71.0,
                0.0
              ],
              "size": [
                4.0,
                4.0,
                1.0
              ],
              "pivot": [
                2.0,
                73.0,
                0.5
              ],
              "rotation": [
                0.0,
                0.0,
                45.0
              ],
              "uv": [
                78,
                101
              ],
              "inflate": 0
            }
          ],
          "parent": "head",
          "rotation": [
            7.5,
            0,
            30
          ]
        },
        {
          "name": "S1",
          "pivot": [
            -2,
            48,
            -6
          ],
          "cubes": [
            {
              "origin": [
                -1.47121,
                42.96683,
                -8.32384
              ],
              "size": [
                4.0,
                2.0,
                2.0
              ],
              "pivot": [
                0.52879,
                43.96683,
                -7.32384
              ],
              "rotation": [
                -5.7589,
                4.81281,
                39.75778
              ],
              "uv": [
                0,
                137
              ],
              "inflate": 0
            },
            {
              "origin": [
                -6.67635,
                42.59793,
                -8.3724
              ],
              "size": [
                4.0,
                2.0,
                2.0
              ],
              "pivot": [
                -4.67635,
                43.59793,
                -7.3724
              ],
              "rotation": [
                -5.08269,
                -5.52235,
                -47.25471
              ],
              "uv": [
                48,
                95
              ],
              "inflate": 0
            },
            {
              "origin": [
                -4.0,
                41.28937,
                -7.90597
              ],
              "size": [
                4.0,
                7.0,
                3.0
              ],
              "pivot": [
                -2.0,
                47.13318,
                -6.78899
              ],
              "rotation": [
                -47.5,
                0.0,
                0.0
              ],
              "uv": [
                66,
                149
              ],
              "inflate": 0
            },
            {
              "origin": [
                -4.0,
                36.98857,
                -11.3655
              ],
              "size": [
                3.0,
                7.0,
                3.0
              ],
              "pivot": [
                -1.5,
                43.55159,
                -9.31328
              ],
              "rotation": [
                -18.3833,
                -21.63168,
                -21.30838
              ],
              "uv": [
                10,
                157
              ],
              "inflate": 0
            },
            {
              "origin": [
                -1.61155,
                34.88655,
                -12.86346
              ],
              "size": [
                2.0,
                6.0,
                2.0
              ],
              "pivot": [
                0.40445,
                39.65841,
                -11.53282
              ],
              "rotation": [
                -11.74376,
                -38.96793,
                -89.57451
              ],
              "uv": [
                48,
                60
              ],
              "inflate": 0
            },
            {
              "origin": [
                1.43422,
                41.25337,
                -13.53234
              ],
              "size": [
                4.0,
                2.0,
                2.0
              ],
              "pivot": [
                4.9834,
                40.9919,
                -13.96572
              ],
              "rotation": [
                16.88672,
                -37.29508,
                -134.47769
              ],
              "uv": [
                12,
                43
              ],
              "inflate": 0
            }
          ],
          "parent": "head"
        },
        {
          "name": "S2",
          "pivot": [
            -2,
            48,
            -6
          ],
          "parent": "head"
        },
        {
          "name": "S3",
          "pivot": [
            -2,
            48,
            -6
          ],
          "parent": "head"
        },
        {
          "name": "hand1gadha",
          "cubes": [
            {
              "origin": [
                -0.14755,
                37.00675,
                -5.1507
              ],
              "size": [
                10.0,
                4.0,
                4.0
              ],
              "pivot": [
                4.85245,
                39.00675,
                -3.1507
              ],
              "rotation": [
                0.0,
                5.0,
                40.0
              ],
              "uv": [
                28,
                149
              ],
              "inflate": 0
            },
            {
              "origin": [
                4.58774,
                33.03338,
                -9.12306
              ],
              "size": [
                10.0,
                4.0,
                4.0
              ],
              "pivot": [
                9.58774,
                35.03338,
                -7.12306
              ],
              "rotation": [
                0.0,
                47.5,
                40.0
              ],
              "uv": [
                0,
                149
              ],
              "inflate": 0
            },
            {
              "origin": [
                9.53895,
                32.27135,
                -13.91091
              ],
              "size": [
                4.0,
                2.0,
                4.0
              ],
              "pivot": [
                11.53895,
                33.27135,
                -11.91091
              ],
              "rotation": [
                42.5,
                0.0,
                17.5
              ],
              "uv": [
                0,
                43
              ],
              "inflate": 0
            },
            {
              "origin": [
                9.53895,
                31.27135,
                -12.91091
              ],
              "size": [
                1.0,
                1.0,
                3.0
              ],
              "pivot": [
                11.53895,
                33.27135,
                -11.91091
              ],
              "rotation": [
                42.5,
                0.0,
                17.5
              ],
              "uv": [
                63,
                26
              ],
              "inflate": 0
            },
            {
              "origin": [
                9.14239,
                29.91205,
                -11.65982
              ],
              "size": [
                1.0,
                2.0,
                1.0
              ],
              "pivot": [
                9.34168,
                32.29079,
                -11.25278
              ],
              "rotation": [
                5.0,
                0.0,
                17.5
              ],
              "uv": [
                15,
                25
              ],
              "inflate": 0
            },
            {
              "origin": [
                9.50802,
                32.26598,
                -16.22373
              ],
              "size": [
                1.0,
                1.0,
                2.0
              ],
              "pivot": [
                9.40661,
                33.4967,
                -14.19781
              ],
              "rotation": [
                0.0,
                0.0,
                17.5
              ],
              "uv": [
                66,
                51
              ],
              "inflate": 0
            },
            {
              "origin": [
                9.26045,
                31.21152,
                -16.22373
              ],
              "size": [
                1.0,
                2.0,
                1.0
              ],
              "pivot": [
                9.45975,
                32.66524,
                -15.72373
              ],
              "rotation": [
                -27.5,
                0.0,
                17.5
              ],
              "uv": [
                20,
                36
              ],
              "inflate": 0
            },
            {
              "origin": [
                10.5543,
                32.04428,
                -18.42689
              ],
              "size": [
                1.0,
                1.0,
                4.0
              ],
              "pivot": [
                10.40661,
                33.4967,
                -14.19781
              ],
              "rotation": [
                70.0,
                0.0,
                17.5
              ],
              "uv": [
                62,
                60
              ],
              "inflate": 0
            },
            {
              "origin": [
                11.29988,
                31.52573,
                -17.98572
              ],
              "size": [
                1.0,
                1.0,
                4.0
              ],
              "pivot": [
                11.40661,
                32.4967,
                -14.19781
              ],
              "rotation": [
                52.5,
                0.0,
                17.5
              ],
              "uv": [
                62,
                43
              ],
              "inflate": 0
            },
            {
              "origin": [
                12.34616,
                31.30403,
                -16.18887
              ],
              "size": [
                1.0,
                1.0,
                2.0
              ],
              "pivot": [
                12.40661,
                32.4967,
                -14.19781
              ],
              "rotation": [
                2.5,
                0.0,
                17.5
              ],
              "uv": [
                60,
                19
              ],
              "inflate": 0
            },
            {
              "origin": [
                12.00191,
                31.85476,
                -17.52606
              ],
              "size": [
                1.0,
                1.0,
                2.0
              ],
              "pivot": [
                12.50191,
                31.33722,
                -15.07287
              ],
              "rotation": [
                45.0,
                0.0,
                17.5
              ],
              "uv": [
                48,
                54
              ],
              "inflate": 0
            },
            {
              "origin": [
                8.72355,
                30.85684,
                -10.76076
              ],
              "size": [
                6.0,
                6.0,
                2.0
              ],
              "pivot": [
                11.72355,
                33.85684,
                -9.76076
              ],
              "rotation": [
                42.5,
                0.0,
                17.5
              ],
              "uv": [
                96,
                65
              ],
              "inflate": 0
            }
          ],
          "parent": "BODY"
        },
        {
          "name": "bone",
          "pivot": [
            -2,
            0,
            -1
          ],
          "cubes": [
            {
              "origin": [
                6.0,
                8.0,
                -9.0
              ],
              "size": [
                9.0,
                9.0,
                9.0
              ],
              "uv": [
                144,
                0
              ],
              "inflate": 0
            },
            {
              "origin": [
                8.0,
                17.0,
                -7.0
              ],
              "size": [
                5.0,
                2.0,
                5.0
              ],
              "uv": [
                0,
                67
              ],
              "inflate": 0
            },
            {
              "origin": [
                9.0,
                17.0,
                -6.0
              ],
              "size": [
                3.0,
                16.0,
                3.0
              ],
              "uv": [
                48,
                76
              ],
              "inflate": 0
            }
          ],
          "parent": "hand1gadha",
          "rotation": [
            15,
            0,
            0
          ]
        },
        {
          "name": "hand2ashirvad",
          "cubes": [
            {
              "origin": [
                -13.77792,
                36.64147,
                -5.84512
              ],
              "size": [
                10.0,
                4.0,
                4.0
              ],
              "pivot": [
                -8.77792,
                38.64147,
                -3.84512
              ],
              "rotation": [
                0.0,
                -15.0,
                -37.5
              ],
              "uv": [
                144,
                91
              ],
              "inflate": 0
            },
            {
              "origin": [
                -18.92206,
                32.69424,
                -10.27565
              ],
              "size": [
                10.0,
                4.0,
                4.0
              ],
              "pivot": [
                -13.92206,
                34.69424,
                -8.27565
              ],
              "rotation": [
                0.0,
                -55.0,
                -37.5
              ],
              "uv": [
                144,
                83
              ],
              "inflate": 0
            },
            {
              "origin": [
                -17.70904,
                31.38369,
                -15.54879
              ],
              "size": [
                2.0,
                3.0,
                4.0
              ],
              "pivot": [
                -16.70904,
                34.38369,
                -13.54879
              ],
              "rotation": [
                73.74477,
                -78.20893,
                -94.31165
              ],
              "uv": [
                108,
                86
              ],
              "inflate": 0
            },
            {
              "origin": [
                -17.70904,
                30.38369,
                -15.54879
              ],
              "size": [
                2.0,
                1.0,
                3.0
              ],
              "pivot": [
                -16.70904,
                34.38369,
                -13.54879
              ],
              "rotation": [
                73.74477,
                -78.20893,
                -94.31165
              ],
              "uv": [
                109,
                94
              ],
              "inflate": 0
            },
            {
              "origin": [
                -18.70904,
                31.38369,
                -15.54879
              ],
              "size": [
                1.0,
                1.0,
                2.0
              ],
              "pivot": [
                -16.70904,
                34.38369,
                -13.54879
              ],
              "rotation": [
                73.74477,
                -78.20893,
                -94.31165
              ],
              "uv": [
                48,
                51
              ],
              "inflate": 0
            },
            {
              "origin": [
                -15.85652,
                31.87627,
                -14.61319
              ],
              "size": [
                1.0,
                2.0,
                1.0
              ],
              "pivot": [
                -14.58138,
                31.76403,
                -13.71058
              ],
              "rotation": [
                83.22476,
                -60.9979,
                -104.30933
              ],
              "uv": [
                20,
                15
              ],
              "inflate": 0
            },
            {
              "origin": [
                -17.0961,
                34.78626,
                -14.32091
              ],
              "size": [
                1.0,
                3.0,
                1.0
              ],
              "pivot": [
                -15.82097,
                35.17402,
                -13.4183
              ],
              "rotation": [
                22.08636,
                -86.46094,
                -42.36595
              ],
              "uv": [
                20,
                11
              ],
              "inflate": 0
            },
            {
              "origin": [
                -16.91377,
                34.1051,
                -15.54583
              ],
              "size": [
                1.0,
                4.0,
                1.0
              ],
              "pivot": [
                -16.82097,
                34.17402,
                -14.4183
              ],
              "rotation": [
                81.92962,
                -65.95637,
                -102.86323
              ],
              "uv": [
                0,
                0
              ],
              "inflate": 0
            },
            {
              "origin": [
                -17.94437,
                33.75632,
                -15.48253
              ],
              "size": [
                1.0,
                3.0,
                1.0
              ],
              "pivot": [
                -17.82097,
                34.17402,
                -14.4183
              ],
              "rotation": [
                81.04967,
                -68.42892,
                -101.90886
              ],
              "uv": [
                15,
                0
              ],
              "inflate": 0
            },
            {
              "origin": [
                -19.94439,
                33.64624,
                -14.47644
              ],
              "size": [
                1.0,
                2.0,
                1.0
              ],
              "pivot": [
                -18.82097,
                34.17402,
                -13.4183
              ],
              "rotation": [
                -19.58247,
                -86.5194,
                -0.62556
              ],
              "uv": [
                0,
                25
              ],
              "inflate": 0
            },
            {
              "origin": [
                -17.04022,
                29.9591,
                -14.19864
              ],
              "size": [
                2.0,
                6.0,
                6.0
              ],
              "pivot": [
                -16.04022,
                32.9591,
                -11.19864
              ],
              "rotation": [
                73.74477,
                -78.20893,
                -94.31165
              ],
              "uv": [
                0,
                125
              ],
              "inflate": 0
            }
          ],
          "parent": "BODY"
        },
        {
          "name": "hand3chakra",
          "pivot": [
            -4,
            41,
            -4
          ],
          "cubes": [
            {
              "origin": [
                -13.95155,
                41.64481,
                -4.0
              ],
              "size": [
                10.0,
                4.0,
                4.0
              ],
              "pivot": [
                -8.95155,
                43.64481,
                -2.0
              ],
              "rotation": [
                0.0,
                0.0,
                32.5
              ],
              "uv": [
                144,
                75
              ],
              "inflate": 0
            },
            {
              "origin": [
                -18.97358,
                47.41396,
                -4.0
              ],
              "size": [
                10.0,
                4.0,
                4.0
              ],
              "pivot": [
                -13.97358,
                49.41396,
                -2.0
              ],
              "rotation": [
                0.0,
                0.0,
                67.5
              ],
              "uv": [
                144,
                66
              ],
              "inflate": 0
            },
            {
              "origin": [
                -16.5851,
                49.75514,
                -5.0
              ],
              "size": [
                2.0,
                6.0,
                6.0
              ],
              "pivot": [
                -15.5851,
                52.75514,
                -2.0
              ],
              "rotation": [
                0.0,
                0.0,
                72.5
              ],
              "uv": [
                0,
                112
              ],
              "inflate": 0
            },
            {
              "origin": [
                -17.38244,
                53.32629,
                -3.0
              ],
              "size": [
                3.0,
                4.0,
                3.0
              ],
              "pivot": [
                -15.88244,
                55.32629,
                -1.5
              ],
              "rotation": [
                0.0,
                0.0,
                85.0
              ],
              "uv": [
                48,
                117
              ],
              "inflate": 0
            },
            {
              "origin": [
                -15.38625,
                54.41344,
                -4.0
              ],
              "size": [
                2.0,
                2.0,
                1.0
              ],
              "pivot": [
                -14.88625,
                55.41344,
                -3.5
              ],
              "rotation": [
                0.0,
                0.0,
                85.0
              ],
              "uv": [
                66,
                54
              ],
              "inflate": 0
            },
            {
              "origin": [
                -16.51508,
                55.53847,
                -4.0
              ],
              "size": [
                2.0,
                1.0,
                1.0
              ],
              "pivot": [
                -14.51888,
                55.95131,
                -3.5
              ],
              "rotation": [
                0.0,
                20.0,
                85.0
              ],
              "uv": [
                96,
                16
              ],
              "inflate": 0
            },
            {
              "origin": [
                -16.69319,
                58.4437,
                -1.0
              ],
              "size": [
                4.0,
                1.0,
                1.0
              ],
              "pivot": [
                -14.69319,
                58.9437,
                -0.5
              ],
              "rotation": [
                0.0,
                0.0,
                85.0
              ],
              "uv": [
                96,
                97
              ],
              "inflate": 0
            },
            {
              "origin": [
                -16.05866,
                56.86225,
                -3.0
              ],
              "size": [
                1.0,
                1.0,
                3.0
              ],
              "pivot": [
                -15.55866,
                57.36225,
                0.5
              ],
              "rotation": [
                0.0,
                2.5,
                85.0
              ],
              "uv": [
                112,
                82
              ],
              "inflate": 0
            },
            {
              "origin": [
                -17.05485,
                56.7751,
                -3.0
              ],
              "size": [
                1.0,
                1.0,
                3.0
              ],
              "pivot": [
                -16.55485,
                57.2751,
                0.5
              ],
              "rotation": [
                0.0,
                7.5,
                85.0
              ],
              "uv": [
                110,
                42
              ],
              "inflate": 0
            },
            {
              "origin": [
                -17.05104,
                56.68794,
                -2.0
              ],
              "size": [
                1.0,
                1.0,
                3.0
              ],
              "pivot": [
                -17.55104,
                57.18794,
                0.5
              ],
              "rotation": [
                0.0,
                62.5,
                85.0
              ],
              "uv": [
                110,
                16
              ],
              "inflate": 0
            }
          ],
          "parent": "BODY",
          "rotation": [
            -9.41059,
            22.2624,
            -23.98507
          ]
        },
        {
          "name": "bone2",
          "pivot": [
            -15,
            61,
            0
          ],
          "cubes": [
            {
              "origin": [
                -15.41108,
                57.93419,
                -4.0
              ],
              "size": [
                1.0,
                7.0,
                7.0
              ],
              "pivot": [
                -14.91108,
                61.43419,
                -0.5
              ],
              "rotation": [
                0.0,
                0.0,
                85.0
              ],
              "uv": [
                96,
                76
              ],
              "inflate": 0
            },
            {
              "origin": [
                -15.41108,
                57.93419,
                -4.0
              ],
              "size": [
                1.0,
                7.0,
                7.0
              ],
              "pivot": [
                -14.91108,
                61.43419,
                -0.5
              ],
              "rotation": [
                -42.5,
                0.0,
                85.0
              ],
              "uv": [
                96,
                51
              ],
              "inflate": 0
            },
            {
              "origin": [
                -15.41108,
                57.93419,
                -4.0
              ],
              "size": [
                1.0,
                7.0,
                7.0
              ],
              "pivot": [
                -14.91108,
                61.43419,
                -0.5
              ],
              "rotation": [
                -67.5,
                0.0,
                85.0
              ],
              "uv": [
                96,
                26
              ],
              "inflate": 0
            },
            {
              "origin": [
                -15.41108,
                57.93419,
                -4.0
              ],
              "size": [
                1.0,
                7.0,
                7.0
              ],
              "pivot": [
                -14.91108,
                61.43419,
                -0.5
              ],
              "rotation": [
                -107.5,
                0.0,
                85.0
              ],
              "uv": [
                96,
                0
              ],
              "inflate": 0
            }
          ],
          "parent": "hand3chakra"
        },
        {
          "name": "shela",
          "cubes": [
            {
              "origin": [
                5.72559,
                23.97067,
                -6.0
              ],
              "size": [
                3.0,
                13.0,
                1.0
              ],
              "pivot": [
                6.35983,
                25.06549,
                -5.5
              ],
              "rotation": [
                -35.0,
                0.0,
                -12.5
              ],
              "uv": [
                112,
                51
              ],
              "inflate": 0
            },
            {
              "origin": [
                3.70138,
                33.96538,
                0.45991
              ],
              "size": [
                3.0,
                16.0,
                1.0
              ],
              "pivot": [
                4.11918,
                34.1724,
                0.4832
              ],
              "rotation": [
                0.97722,
                -14.18776,
                -56.25062
              ],
              "uv": [
                16,
                100
              ],
              "inflate": 0
            },
            {
              "origin": [
                11.47515,
                15.44709,
                -10.0
              ],
              "size": [
                3.0,
                23.0,
                1.0
              ],
              "pivot": [
                12.97515,
                26.94709,
                -9.5
              ],
              "rotation": [
                0.0,
                0.0,
                -12.5
              ],
              "uv": [
                8,
                75
              ],
              "inflate": 0
            },
            {
              "origin": [
                -13.72086,
                23.92801,
                -9.97
              ],
              "size": [
                3.0,
                15.0,
                1.0
              ],
              "pivot": [
                -12.22086,
                31.42801,
                -9.47
              ],
              "rotation": [
                19.14314,
                5.90316,
                -29.00371
              ],
              "uv": [
                112,
                26
              ],
              "inflate": 0
            },
            {
              "origin": [
                -9.52043,
                25.34498,
                -7.0
              ],
              "size": [
                3.0,
                19.0,
                1.0
              ],
              "pivot": [
                -8.02043,
                34.84498,
                -6.5
              ],
              "rotation": [
                0.0,
                0.0,
                7.5
              ],
              "uv": [
                60,
                76
              ],
              "inflate": 0
            },
            {
              "origin": [
                -8.3457,
                43.26798,
                -7.0
              ],
              "size": [
                3.0,
                1.0,
                8.0
              ],
              "pivot": [
                -6.8457,
                43.76798,
                -3.0
              ],
              "rotation": [
                0.0,
                0.0,
                7.5
              ],
              "uv": [
                48,
                60
              ],
              "inflate": 0
            },
            {
              "origin": [
                7.07595,
                23.16496,
                -8.42866
              ],
              "size": [
                3.0,
                15.0,
                1.0
              ],
              "pivot": [
                8.57595,
                30.66496,
                -7.92866
              ],
              "rotation": [
                15.0,
                0.0,
                7.5
              ],
              "uv": [
                112,
                0
              ],
              "inflate": 0
            },
            {
              "origin": [
                -17.27446,
                14.32999,
                -9.31676
              ],
              "size": [
                3.0,
                23.0,
                1.0
              ],
              "pivot": [
                -16.2188,
                37.26681,
                -8.8581
              ],
              "rotation": [
                -7.20573,
                3.62182,
                -0.05326
              ],
              "uv": [
                0,
                75
              ],
              "inflate": 0
            }
          ],
          "parent": "BODY"
        },
        {
          "name": "hand4shankh",
          "pivot": [
            0,
            41,
            -3
          ],
          "cubes": [
            {
              "origin": [
                0.63082,
                40.3473,
                -3.0
              ],
              "size": [
                10.0,
                4.0,
                4.0
              ],
              "pivot": [
                5.63082,
                42.3473,
                -1.0
              ],
              "rotation": [
                0.0,
                0.0,
                -25.0
              ],
              "uv": [
                144,
                58
              ],
              "inflate": 0
            },
            {
              "origin": [
                9.08005,
                45.3577,
                -3.0
              ],
              "size": [
                10.0,
                4.0,
                4.0
              ],
              "pivot": [
                14.08005,
                47.3577,
                -1.0
              ],
              "rotation": [
                0.0,
                0.0,
                -37.5
              ],
              "uv": [
                144,
                50
              ],
              "inflate": 0
            },
            {
              "origin": [
                16.58975,
                49.33236,
                -3.0
              ],
              "size": [
                3.0,
                4.0,
                4.0
              ],
              "pivot": [
                18.08975,
                51.33236,
                -1.0
              ],
              "rotation": [
                0.0,
                0.0,
                -60.0
              ],
              "uv": [
                152,
                100
              ],
              "inflate": 0
            },
            {
              "origin": [
                16.83975,
                47.89935,
                -4.0
              ],
              "size": [
                2.0,
                6.0,
                6.0
              ],
              "pivot": [
                17.83975,
                50.89935,
                -1.0
              ],
              "rotation": [
                0.0,
                0.0,
                -60.0
              ],
              "uv": [
                0,
                100
              ],
              "inflate": 0
            },
            {
              "origin": [
                19.75481,
                51.31441,
                0.0
              ],
              "size": [
                3.0,
                1.0,
                1.0
              ],
              "pivot": [
                19.88878,
                52.18044,
                0.5
              ],
              "rotation": [
                0.0,
                -40.0,
                -60.0
              ],
              "uv": [
                48,
                137
              ],
              "inflate": 0
            },
            {
              "origin": [
                19.75481,
                52.31441,
                0.0
              ],
              "size": [
                3.0,
                1.0,
                1.0
              ],
              "pivot": [
                19.88878,
                52.18044,
                0.5
              ],
              "rotation": [
                0.0,
                7.5,
                -60.0
              ],
              "uv": [
                60,
                122
              ],
              "inflate": 0
            },
            {
              "origin": [
                18.02276,
                52.31441,
                0.0
              ],
              "size": [
                3.0,
                1.0,
                1.0
              ],
              "pivot": [
                18.15673,
                53.18044,
                0.5
              ],
              "rotation": [
                0.0,
                -5.0,
                -60.0
              ],
              "uv": [
                74,
                115
              ],
              "inflate": 0
            },
            {
              "origin": [
                18.02276,
                53.31441,
                0.0
              ],
              "size": [
                3.0,
                1.0,
                1.0
              ],
              "pivot": [
                18.15673,
                53.18044,
                0.5
              ],
              "rotation": [
                0.0,
                -32.5,
                -60.0
              ],
              "uv": [
                16,
                47
              ],
              "inflate": 0
            },
            {
              "origin": [
                20.00481,
                50.8814,
                -3.0
              ],
              "size": [
                2.0,
                1.0,
                2.0
              ],
              "pivot": [
                19.63878,
                51.74742,
                -2.0
              ],
              "rotation": [
                0.0,
                -10.0,
                -60.0
              ],
              "uv": [
                72,
                135
              ],
              "inflate": 0
            },
            {
              "origin": [
                16.72372,
                52.29646,
                -2.0
              ],
              "size": [
                5.0,
                6.0,
                2.0
              ],
              "pivot": [
                19.22372,
                55.29646,
                -1.0
              ],
              "rotation": [
                0.0,
                0.0,
                -60.0
              ],
              "uv": [
                112,
                133
              ],
              "inflate": 0
            },
            {
              "origin": [
                16.04071,
                52.47947,
                -1.0
              ],
              "size": [
                6.0,
                7.0,
                1.0
              ],
              "pivot": [
                19.04071,
                55.97947,
                -0.5
              ],
              "rotation": [
                0.0,
                0.0,
                -60.0
              ],
              "uv": [
                120,
                109
              ],
              "inflate": 0
            },
            {
              "origin": [
                20.26717,
                51.11835,
                -2.0
              ],
              "size": [
                3.0,
                3.0,
                2.0
              ],
              "pivot": [
                21.76717,
                52.61835,
                -1.0
              ],
              "rotation": [
                0.0,
                0.0,
                -47.5
              ],
              "uv": [
                106,
                157
              ],
              "inflate": 0
            },
            {
              "origin": [
                21.98097,
                49.05813,
                -2.0
              ],
              "size": [
                2.0,
                3.0,
                2.0
              ],
              "pivot": [
                22.98097,
                50.55813,
                -1.0
              ],
              "rotation": [
                0.0,
                0.0,
                -45.0
              ],
              "uv": [
                15,
                50
              ],
              "inflate": 0
            }
          ],
          "parent": "BODY",
          "rotation": [
            1.5741,
            -17.43127,
            -5.24133
          ]
        }
      ]
    }
  ]
}