{
  "format_version": "1.12.0",
  "minecraft:geometry": [
    {
      "description": {
        "identifier": "geometry.ms_mansa",
        "texture_width": 128,
        "texture_height": 128,
        "visible_bounds_width": 5,
        "visible_bounds_height": 6,
        "visible_bounds_offset": [
          0,
          2,
          0
        ]
      },
      "bones": [
        {
          "name": "Agnidev"
        },
        {
          "name": "Legs",
          "cubes": [
            {
              "origin": [
                -4.5,
                21.0,
                -1.5
              ],
              "size": [
                9.0,
                1.0,
                6.0
              ],
              "uv": [
                60,
                48
              ],
              "inflate": 0
            },
            {
              "origin": [
                -6.5,
                11.0,
                -2.5
              ],
              "size": [
                13.0,
                11.0,
                8.0
              ],
              "uv": [
                0,
                0
              ],
              "inflate": 0
            },
            {
              "origin": [
                -1.0,
                3.0,
                -2.0
              ],
              "size": [
                2.0,
                18.0,
                6.0
              ],
              "uv": [
                20,
                48
              ],
              "inflate": 0
            }
          ],
          "parent": "Agnidev"
        },
        {
          "name": "Leg",
          "pivot": [
            -3,
            21,
            2
          ],
          "parent": "Legs"
        },
        {
          "name": "Joinleg",
          "pivot": [
            -2.5,
            21,
            1.5
          ],
          "cubes": [
            {
              "origin": [
                -5.0,
                11.0,
                -1.0
              ],
              "size": [
                5.0,
                10.0,
                5.0
              ],
              "uv": [
                36,
                64
              ],
              "inflate": 0
            }
          ],
          "parent": "Leg",
          "rotation": [
            0,
            15,
            5
          ]
        },
        {
          "name": "Midleg",
          "pivot": [
            -2.5,
            12,
            1.25
          ],
          "cubes": [
            {
              "origin": [
                -4.5,
                3.0,
                -0.75
              ],
              "size": [
                4.0,
                9.0,
                4.0
              ],
              "uv": [
                78,
                78
              ],
              "inflate": 0
            }
          ],
          "parent": "Joinleg",
          "rotation": [
            0,
            0,
            -5
          ]
        },
        {
          "name": "Paul",
          "pivot": [
            -2.48864,
            3,
            1.29545
          ],
          "cubes": [
            {
              "origin": [
                -5.0,
                0.0,
                2.0
              ],
              "size": [
                5.0,
                1.0,
                3.0
              ],
              "uv": [
                51,
                89
              ],
              "inflate": 0
            },
            {
              "origin": [
                -5.0,
                0.0,
                -3.0
              ],
              "size": [
                5.0,
                1.0,
                3.0
              ],
              "uv": [
                24,
                88
              ],
              "inflate": 0
            },
            {
              "origin": [
                -5.0,
                0.5,
                0.0
              ],
              "size": [
                5.0,
                1.0,
                2.0
              ],
              "uv": [
                92,
                23
              ],
              "inflate": 0
            },
            {
              "origin": [
                -5.0,
                0.0,
                -5.0
              ],
              "size": [
                1.0,
                1.0,
                2.0
              ],
              "uv": [
                60,
                48
              ],
              "inflate": 0
            },
            {
              "origin": [
                -4.0,
                0.0,
                -5.5
              ],
              "size": [
                1.0,
                1.0,
                3.0
              ],
              "uv": [
                16,
                94
              ],
              "inflate": 0
            },
            {
              "origin": [
                -3.0,
                0.0,
                -5.75
              ],
              "size": [
                1.0,
                1.0,
                3.0
              ],
              "uv": [
                8,
                94
              ],
              "inflate": 0
            },
            {
              "origin": [
                -2.0,
                0.0,
                -6.0
              ],
              "size": [
                1.0,
                1.0,
                3.0
              ],
              "uv": [
                0,
                94
              ],
              "inflate": 0
            },
            {
              "origin": [
                -1.0,
                0.0,
                -5.75
              ],
              "size": [
                1.25,
                1.0,
                3.0
              ],
              "uv": [
                84,
                93
              ],
              "inflate": 0
            },
            {
              "origin": [
                -5.0,
                1.0,
                -2.25
              ],
              "size": [
                5.0,
                1.0,
                7.0
              ],
              "uv": [
                78,
                55
              ],
              "inflate": 0
            },
            {
              "origin": [
                -5.0,
                2.0,
                -1.25
              ],
              "size": [
                5.0,
                1.0,
                5.0
              ],
              "uv": [
                78,
                64
              ],
              "inflate": 0
            },
            {
              "origin": [
                -5.0,
                0.5,
                -4.25
              ],
              "size": [
                5.0,
                1.0,
                2.0
              ],
              "uv": [
                22,
                92
              ],
              "inflate": 0
            }
          ],
          "parent": "Midleg"
        },
        {
          "name": "Leg2",
          "pivot": [
            2,
            21,
            2
          ],
          "parent": "Legs"
        },
        {
          "name": "Joinleg2",
          "pivot": [
            2.5,
            21,
            1.5
          ],
          "cubes": [
            {
              "origin": [
                0.0,
                11.0,
                -1.0
              ],
              "size": [
                5.0,
                10.0,
                5.0
              ],
              "uv": [
                0,
                51
              ],
              "inflate": 0
            }
          ],
          "parent": "Leg2",
          "rotation": [
            0,
            -15,
            -5
          ]
        },
        {
          "name": "Midleg2",
          "pivot": [
            2.5,
            12,
            1.25
          ],
          "cubes": [
            {
              "origin": [
                0.5,
                3.0,
                -0.75
              ],
              "size": [
                4.0,
                9.0,
                4.0
              ],
              "uv": [
                24,
                75
              ],
              "inflate": 0
            }
          ],
          "parent": "Joinleg2",
          "rotation": [
            0,
            0,
            5
          ]
        },
        {
          "name": "Paul2",
          "pivot": [
            2.51136,
            3,
            1.29545
          ],
          "cubes": [
            {
              "origin": [
                0.0,
                0.0,
                2.0
              ],
              "size": [
                5.0,
                1.0,
                3.0
              ],
              "uv": [
                78,
                8
              ],
              "inflate": 0
            },
            {
              "origin": [
                0.0,
                0.0,
                -3.0
              ],
              "size": [
                5.0,
                1.0,
                3.0
              ],
              "uv": [
                60,
                55
              ],
              "inflate": 0
            },
            {
              "origin": [
                0.0,
                0.5,
                0.0
              ],
              "size": [
                5.0,
                1.0,
                2.0
              ],
              "uv": [
                90,
                78
              ],
              "inflate": 0
            },
            {
              "origin": [
                4.0,
                0.0,
                -5.0
              ],
              "size": [
                1.0,
                1.0,
                2.0
              ],
              "uv": [
                19,
                23
              ],
              "inflate": 0
            },
            {
              "origin": [
                3.0,
                0.0,
                -5.5
              ],
              "size": [
                1.0,
                1.0,
                3.0
              ],
              "uv": [
                93,
                63
              ],
              "inflate": 0
            },
            {
              "origin": [
                2.0,
                0.0,
                -5.75
              ],
              "size": [
                1.0,
                1.0,
                3.0
              ],
              "uv": [
                8,
                86
              ],
              "inflate": 0
            },
            {
              "origin": [
                1.0,
                0.0,
                -6.0
              ],
              "size": [
                1.0,
                1.0,
                3.0
              ],
              "uv": [
                77,
                40
              ],
              "inflate": 0
            },
            {
              "origin": [
                0.0,
                0.0,
                -5.75
              ],
              "size": [
                1.25,
                1.0,
                3.0
              ],
              "uv": [
                76,
                55
              ],
              "inflate": 0
            },
            {
              "origin": [
                0.0,
                1.0,
                -2.25
              ],
              "size": [
                5.0,
                1.0,
                7.0
              ],
              "uv": [
                78,
                0
              ],
              "inflate": 0
            },
            {
              "origin": [
                0.0,
                2.0,
                -1.25
              ],
              "size": [
                5.0,
                1.0,
                5.0
              ],
              "uv": [
                0,
                66
              ],
              "inflate": 0
            },
            {
              "origin": [
                0.0,
                0.5,
                -4.25
              ],
              "size": [
                5.0,
                1.0,
                2.0
              ],
              "uv": [
                44,
                39
              ],
              "inflate": 0
            }
          ],
          "parent": "Midleg2"
        },
        {
          "name": "Body",
          "pivot": [
            0,
            21,
            0
          ],
          "cubes": [
            {
              "origin": [
                -4.0,
                21.0,
                -1.0
              ],
              "size": [
                8.0,
                2.0,
                5.0
              ],
              "uv": [
                77,
                33
              ],
              "inflate": 0
            },
            {
              "origin": [
                -5.0,
                27.0,
                -1.0
              ],
              "size": [
                10.0,
                7.0,
                5.0
              ],
              "uv": [
                44,
                17
              ],
              "inflate": 0
            },
            {
              "origin": [
                -5.0,
                24.0,
                -1.75
              ],
              "size": [
                10.0,
                11.0,
                1.0
              ],
              "uv": [
                56,
                77
              ],
              "inflate": 0
            },
            {
              "origin": [
                -8.0,
                10.0,
                -2.75
              ],
              "size": [
                6.0,
                25.0,
                7.0
              ],
              "uv": [
                0,
                19
              ],
              "inflate": 0
            },
            {
              "origin": [
                -3.06376,
                20.79672,
                -1.25
              ],
              "size": [
                5.0,
                16.0,
                6.0
              ],
              "pivot": [
                -2.5,
                22.5,
                -1.5
              ],
              "rotation": [
                0.0,
                0.0,
                27.5
              ],
              "uv": [
                38,
                42
              ],
              "inflate": 0
            },
            {
              "origin": [
                -4.5,
                33.25,
                -1.0
              ],
              "size": [
                9.0,
                1.0,
                5.0
              ],
              "uv": [
                0,
                72
              ],
              "inflate": 0
            },
            {
              "origin": [
                -4.0,
                33.75,
                -1.0
              ],
              "size": [
                8.0,
                1.0,
                5.0
              ],
              "uv": [
                77,
                72
              ],
              "inflate": 0
            },
            {
              "origin": [
                -4.5,
                23.0,
                -1.0
              ],
              "size": [
                9.0,
                4.0,
                5.0
              ],
              "uv": [
                54,
                39
              ],
              "inflate": 0
            }
          ],
          "parent": "Agnidev"
        },
        {
          "name": "Head",
          "pivot": [
            0,
            35,
            2
          ],
          "cubes": [
            {
              "origin": [
                -1.5,
                34.75,
                0.0
              ],
              "size": [
                3.0,
                2.0,
                3.0
              ],
              "uv": [
                75,
                91
              ],
              "inflate": 0
            },
            {
              "origin": [
                -3.0,
                36.0,
                -1.0
              ],
              "size": [
                6.0,
                6.0,
                5.0
              ],
              "uv": [
                74,
                12
              ],
              "inflate": 0
            },
            {
              "origin": [
                0.0,
                36.0,
                -1.25
              ],
              "size": [
                2.0,
                2.0,
                1.0
              ],
              "uv": [
                0,
                23
              ],
              "inflate": 0
            },
            {
              "origin": [
                -0.5,
                37.0,
                -1.5
              ],
              "size": [
                1.0,
                2.0,
                1.0
              ],
              "uv": [
                44,
                19
              ],
              "inflate": 0
            },
            {
              "origin": [
                2.25,
                38.0,
                1.0
              ],
              "size": [
                1.0,
                2.0,
                1.0
              ],
              "uv": [
                0,
                51
              ],
              "inflate": 0
            },
            {
              "origin": [
                -5.0,
                37.0,
                1.5
              ],
              "size": [
                2.0,
                2.0,
                0.0
              ],
              "uv": [
                15,
                53
              ],
              "inflate": 0
            },
            {
              "origin": [
                3.0,
                37.0,
                1.5
              ],
              "size": [
                2.0,
                2.0,
                0.0
              ],
              "uv": [
                44,
                32
              ],
              "inflate": 0
            },
            {
              "origin": [
                -3.25,
                38.0,
                1.0
              ],
              "size": [
                1.0,
                2.0,
                1.0
              ],
              "uv": [
                44,
                29
              ],
              "inflate": 0
            },
            {
              "origin": [
                3.0,
                33.0,
                2.0
              ],
              "size": [
                2.0,
                9.0,
                2.0
              ],
              "uv": [
                38,
                91
              ],
              "inflate": 0
            },
            {
              "origin": [
                -5.0,
                33.0,
                2.0
              ],
              "size": [
                2.0,
                9.0,
                2.0
              ],
              "uv": [
                67,
                89
              ],
              "inflate": 0
            },
            {
              "origin": [
                -3.0,
                31.0,
                4.0
              ],
              "size": [
                6.0,
                11.0,
                1.0
              ],
              "uv": [
                40,
                79
              ],
              "inflate": 0
            },
            {
              "origin": [
                -3.0,
                42.0,
                -1.0
              ],
              "size": [
                6.0,
                2.0,
                6.0
              ],
              "uv": [
                0,
                78
              ],
              "inflate": 0
            },
            {
              "origin": [
                -3.0,
                44.0,
                -1.0
              ],
              "size": [
                6.0,
                4.0,
                0.0
              ],
              "uv": [
                46,
                93
              ],
              "inflate": 0
            },
            {
              "origin": [
                -9.0,
                42.0,
                5.25
              ],
              "size": [
                18.0,
                17.0,
                0.0
              ],
              "uv": [
                42,
                0
              ],
              "inflate": 0
            },
            {
              "origin": [
                -1.0,
                42.0,
                -0.5
              ],
              "size": [
                4.0,
                2.0,
                5.0
              ],
              "pivot": [
                3.0,
                44.0,
                0.0
              ],
              "rotation": [
                0.0,
                0.0,
                42.5
              ],
              "uv": [
                84,
                47
              ],
              "inflate": 0
            },
            {
              "origin": [
                -3.0,
                42.0,
                -0.5
              ],
              "size": [
                4.0,
                2.0,
                5.0
              ],
              "pivot": [
                -3.0,
                44.0,
                0.0
              ],
              "rotation": [
                0.0,
                0.0,
                -42.5
              ],
              "uv": [
                82,
                40
              ],
              "inflate": 0
            },
            {
              "origin": [
                -1.0,
                45.0,
                1.0
              ],
              "size": [
                2.0,
                3.0,
                2.0
              ],
              "uv": [
                58,
                93
              ],
              "inflate": 0
            },
            {
              "origin": [
                -2.0,
                48.0,
                2.0
              ],
              "size": [
                4.0,
                5.0,
                0.0
              ],
              "pivot": [
                0.0,
                48.0,
                2.0
              ],
              "rotation": [
                -15.0,
                0.0,
                0.0
              ],
              "uv": [
                72,
                33
              ],
              "inflate": 0
            },
            {
              "origin": [
                -2.0,
                47.83833,
                3.27198
              ],
              "size": [
                4.0,
                5.0,
                0.0
              ],
              "pivot": [
                0.0,
                52.75,
                3.25
              ],
              "rotation": [
                -142.5,
                0.0,
                0.0
              ],
              "uv": [
                30,
                48
              ],
              "inflate": 0
            }
          ],
          "parent": "Body"
        },
        {
          "name": "Hand",
          "pivot": [
            4,
            32,
            1
          ],
          "cubes": [
            {
              "origin": [
                4.0,
                29.0,
                -1.0
              ],
              "size": [
                9.0,
                5.0,
                5.0
              ],
              "uv": [
                55,
                59
              ],
              "inflate": 0
            }
          ],
          "parent": "Body",
          "rotation": [
            -6.66064,
            -4.72182,
            52.72505
          ]
        },
        {
          "name": "Handm",
          "pivot": [
            12.75,
            31,
            2
          ],
          "cubes": [
            {
              "origin": [
                11.16681,
                28.31881,
                0.60925
              ],
              "size": [
                9.0,
                4.0,
                4.0
              ],
              "uv": [
                70,
                25
              ],
              "inflate": 0
            }
          ],
          "parent": "Hand",
          "rotation": [
            168.50528,
            41.91572,
            11.56008
          ]
        },
        {
          "name": "Handfingers",
          "pivot": [
            19.66681,
            30.31881,
            2.60925
          ],
          "cubes": [
            {
              "origin": [
                19.16681,
                28.31881,
                0.60925
              ],
              "size": [
                2.0,
                4.0,
                4.0
              ],
              "uv": [
                12,
                86
              ],
              "inflate": 0
            },
            {
              "origin": [
                21.16681,
                28.31881,
                0.60925
              ],
              "size": [
                1.0,
                4.0,
                4.0
              ],
              "uv": [
                91,
                8
              ],
              "inflate": 0
            },
            {
              "origin": [
                23.66681,
                31.31881,
                3.60925
              ],
              "size": [
                3.0,
                1.0,
                1.0
              ],
              "pivot": [
                24.16681,
                31.81881,
                4.10925
              ],
              "rotation": [
                0.0,
                77.5,
                0.0
              ],
              "uv": [
                86,
                70
              ],
              "inflate": 0
            },
            {
              "origin": [
                23.66681,
                30.31881,
                3.60925
              ],
              "size": [
                4.0,
                1.0,
                1.0
              ],
              "pivot": [
                23.66681,
                30.81881,
                4.10925
              ],
              "rotation": [
                0.0,
                80.0,
                0.0
              ],
              "uv": [
                23,
                72
              ],
              "inflate": 0
            },
            {
              "origin": [
                24.16681,
                29.31881,
                3.60925
              ],
              "size": [
                3.0,
                1.0,
                1.0
              ],
              "pivot": [
                23.66681,
                29.81881,
                4.10925
              ],
              "rotation": [
                0.0,
                77.5,
                0.0
              ],
              "uv": [
                78,
                70
              ],
              "inflate": 0
            },
            {
              "origin": [
                24.16681,
                28.31881,
                3.60925
              ],
              "size": [
                2.0,
                1.0,
                1.0
              ],
              "pivot": [
                24.16681,
                28.81881,
                4.10925
              ],
              "rotation": [
                -180.0,
                80.0,
                180.0
              ],
              "uv": [
                0,
                78
              ],
              "inflate": 0
            },
            {
              "origin": [
                22.16681,
                28.31881,
                2.60925
              ],
              "size": [
                2.0,
                4.0,
                2.0
              ],
              "uv": [
                34,
                0
              ],
              "inflate": 0
            },
            {
              "origin": [
                23.16681,
                18.31881,
                -1.39075
              ],
              "size": [
                0.0,
                29.0,
                9.0
              ],
              "uv": [
                26,
                10
              ],
              "inflate": 0
            },
            {
              "origin": [
                22.16681,
                30.31881,
                0.60925
              ],
              "size": [
                1.0,
                2.0,
                2.0
              ],
              "uv": [
                19,
                19
              ],
              "inflate": 0
            },
            {
              "origin": [
                23.16681,
                31.31881,
                0.60925
              ],
              "size": [
                2.0,
                1.0,
                1.0
              ],
              "pivot": [
                23.16681,
                31.81881,
                1.10925
              ],
              "rotation": [
                -14.08534,
                -43.44135,
                -10.38512
              ],
              "uv": [
                73,
                55
              ],
              "inflate": 0
            }
          ],
          "parent": "Handm",
          "rotation": [
            -87.51717,
            -21.5244,
            -23.43074
          ]
        },
        {
          "name": "Hand2",
          "pivot": [
            -5,
            34,
            2
          ],
          "cubes": [
            {
              "origin": [
                -5.0,
                31.0,
                0.0
              ],
              "size": [
                9.0,
                5.0,
                5.0
              ],
              "uv": [
                44,
                29
              ],
              "inflate": 0
            }
          ],
          "parent": "Body",
          "rotation": [
            180,
            -5,
            132.5
          ]
        },
        {
          "name": "Handm2",
          "pivot": [
            4.75,
            34,
            3
          ],
          "cubes": [
            {
              "origin": [
                3.75,
                31.5,
                2.5
              ],
              "size": [
                9.0,
                4.0,
                4.0
              ],
              "uv": [
                56,
                69
              ],
              "inflate": 0
            }
          ],
          "parent": "Hand2",
          "rotation": [
            158.40924,
            -75.77477,
            -142.27651
          ]
        },
        {
          "name": "Handfingers2",
          "pivot": [
            12.25,
            33.5,
            4.5
          ],
          "cubes": [
            {
              "origin": [
                11.75,
                31.5,
                2.5
              ],
              "size": [
                2.0,
                4.0,
                4.0
              ],
              "uv": [
                0,
                86
              ],
              "inflate": 0
            },
            {
              "origin": [
                13.75,
                31.5,
                2.5
              ],
              "size": [
                1.0,
                4.0,
                4.0
              ],
              "uv": [
                90,
                87
              ],
              "inflate": 0
            },
            {
              "origin": [
                16.25,
                33.5,
                5.5
              ],
              "size": [
                3.0,
                1.0,
                1.0
              ],
              "pivot": [
                16.75,
                35.0,
                6.0
              ],
              "rotation": [
                0.0,
                -25.0,
                0.0
              ],
              "uv": [
                34,
                6
              ],
              "inflate": 0
            },
            {
              "origin": [
                16.25,
                32.5,
                5.5
              ],
              "size": [
                4.0,
                1.0,
                1.0
              ],
              "pivot": [
                16.75,
                35.0,
                6.0
              ],
              "rotation": [
                0.0,
                -20.0,
                0.0
              ],
              "uv": [
                15,
                51
              ],
              "inflate": 0
            },
            {
              "origin": [
                16.75,
                31.5,
                5.5
              ],
              "size": [
                3.0,
                1.0,
                1.0
              ],
              "pivot": [
                16.75,
                35.0,
                6.0
              ],
              "rotation": [
                0.0,
                -25.0,
                0.0
              ],
              "uv": [
                0,
                6
              ],
              "inflate": 0
            },
            {
              "origin": [
                16.75,
                34.5,
                5.5
              ],
              "size": [
                2.0,
                1.0,
                1.0
              ],
              "pivot": [
                16.75,
                35.0,
                6.0
              ],
              "rotation": [
                0.0,
                -12.5,
                0.0
              ],
              "uv": [
                60,
                51
              ],
              "inflate": 0
            },
            {
              "origin": [
                14.75,
                31.5,
                4.5
              ],
              "size": [
                2.0,
                4.0,
                2.0
              ],
              "uv": [
                0,
                0
              ],
              "inflate": 0
            },
            {
              "origin": [
                14.75,
                31.5,
                2.5
              ],
              "size": [
                1.0,
                2.0,
                2.0
              ],
              "uv": [
                0,
                19
              ],
              "inflate": 0
            },
            {
              "origin": [
                15.75,
                31.5,
                2.5
              ],
              "size": [
                2.0,
                1.0,
                1.0
              ],
              "pivot": [
                15.75,
                32.0,
                3.0
              ],
              "rotation": [
                0.0,
                -22.5,
                0.0
              ],
              "uv": [
                42,
                17
              ],
              "inflate": 0
            }
          ],
          "parent": "Handm2",
          "rotation": [
            34.85135,
            -39.3215,
            -21.42398
          ]
        }
      ]
    }
  ]
}