{
  "format_version": "1.12.0",
  "minecraft:geometry": [
    {
      "description": {
        "identifier": "geometry.ms_matsya",
        "texture_width": 128,
        "texture_height": 128,
        "visible_bounds_width": 5,
        "visible_bounds_height": 5,
        "visible_bounds_offset": [
          0,
          1.5,
          0
        ]
      },
      "bones": [
        {
          "name": "Man"
        },
        {
          "name": "Legs",
          "pivot": [
            0,
            21.9,
            0.6
          ],
          "cubes": [
            {
              "origin": [
                -5.0,
                20.08827,
                -1.92481
              ],
              "size": [
                10.0,
                2.0,
                6.0
              ],
              "uv": [
                52,
                49
              ],
              "inflate": 0
            },
            {
              "origin": [
                -5.0,
                18.08827,
                -2.17481
              ],
              "size": [
                10.0,
                5.0,
                2.0
              ],
              "uv": [
                72,
                73
              ],
              "inflate": 0
            },
            {
              "origin": [
                -6.0,
                8.08827,
                -2.17481
              ],
              "size": [
                12.0,
                12.0,
                6.0
              ],
              "uv": [
                0,
                25
              ],
              "inflate": 0
            },
            {
              "origin": [
                -5.5,
                -3.91173,
                -2.17481
              ],
              "size": [
                11.0,
                12.0,
                6.0
              ],
              "pivot": [
                0.0,
                8.08827,
                -2.67481
              ],
              "rotation": [
                50.0,
                0.0,
                0.0
              ],
              "uv": [
                32,
                0
              ],
              "inflate": 0
            },
            {
              "origin": [
                -4.25,
                -11.51781,
                6.40241
              ],
              "size": [
                8.0,
                12.0,
                6.0
              ],
              "pivot": [
                0.0,
                1.08827,
                6.32519
              ],
              "rotation": [
                117.5,
                0.0,
                0.0
              ],
              "uv": [
                36,
                25
              ],
              "inflate": 0
            },
            {
              "origin": [
                -4.25,
                -16.51781,
                7.40241
              ],
              "size": [
                8.0,
                5.0,
                4.0
              ],
              "pivot": [
                0.0,
                1.08827,
                6.32519
              ],
              "rotation": [
                117.5,
                0.0,
                0.0
              ],
              "uv": [
                0,
                15
              ],
              "inflate": 0
            },
            {
              "origin": [
                -7.25,
                -20.51781,
                8.40241
              ],
              "size": [
                5.0,
                9.0,
                2.0
              ],
              "pivot": [
                0.0,
                1.08827,
                6.32519
              ],
              "rotation": [
                117.5,
                0.0,
                0.0
              ],
              "uv": [
                85,
                80
              ],
              "inflate": 0
            },
            {
              "origin": [
                1.75,
                -20.51781,
                8.40241
              ],
              "size": [
                5.0,
                9.0,
                2.0
              ],
              "pivot": [
                0.0,
                1.08827,
                6.32519
              ],
              "rotation": [
                117.5,
                0.0,
                0.0
              ],
              "uv": [
                0,
                83
              ],
              "inflate": 0
            },
            {
              "origin": [
                3.75,
                -23.51781,
                8.90241
              ],
              "size": [
                5.0,
                9.0,
                1.0
              ],
              "pivot": [
                0.0,
                1.08827,
                6.32519
              ],
              "rotation": [
                117.5,
                0.0,
                0.0
              ],
              "uv": [
                14,
                90
              ],
              "inflate": 0
            },
            {
              "origin": [
                -9.25,
                -23.51781,
                8.90241
              ],
              "size": [
                5.0,
                9.0,
                1.0
              ],
              "pivot": [
                0.0,
                1.08827,
                6.32519
              ],
              "rotation": [
                117.5,
                0.0,
                0.0
              ],
              "uv": [
                55,
                89
              ],
              "inflate": 0
            }
          ],
          "parent": "Man",
          "rotation": [
            -5,
            0,
            0
          ]
        },
        {
          "name": "Body",
          "pivot": [
            0,
            21,
            0
          ],
          "cubes": [
            {
              "origin": [
                -4.0,
                21.0,
                -1.0
              ],
              "size": [
                8.0,
                2.0,
                5.0
              ],
              "uv": [
                48,
                68
              ],
              "inflate": 0
            },
            {
              "origin": [
                -5.0,
                27.0,
                -1.0
              ],
              "size": [
                10.0,
                7.0,
                5.0
              ],
              "uv": [
                0,
                43
              ],
              "inflate": 0
            },
            {
              "origin": [
                -5.0,
                21.0,
                -1.5
              ],
              "size": [
                10.0,
                14.0,
                1.0
              ],
              "uv": [
                0,
                0
              ],
              "inflate": 0
            },
            {
              "origin": [
                -8.0,
                23.0,
                -2.0
              ],
              "size": [
                5.0,
                12.0,
                1.0
              ],
              "uv": [
                86,
                17
              ],
              "inflate": 0
            },
            {
              "origin": [
                -8.0,
                9.0,
                -2.0
              ],
              "size": [
                5.0,
                14.0,
                1.0
              ],
              "pivot": [
                -5.5,
                23.0,
                -1.5
              ],
              "rotation": [
                -22.5,
                0.0,
                0.0
              ],
              "uv": [
                73,
                80
              ],
              "inflate": 0
            },
            {
              "origin": [
                -8.0,
                0.30653,
                -7.43161
              ],
              "size": [
                5.0,
                10.0,
                1.0
              ],
              "pivot": [
                -5.5,
                10.0,
                -7.5
              ],
              "rotation": [
                7.5,
                0.0,
                0.0
              ],
              "uv": [
                43,
                89
              ],
              "inflate": 0
            },
            {
              "origin": [
                -8.0,
                33.0,
                -1.0
              ],
              "size": [
                5.0,
                2.0,
                6.0
              ],
              "uv": [
                76,
                62
              ],
              "inflate": 0
            },
            {
              "origin": [
                -4.5,
                33.25,
                -1.0
              ],
              "size": [
                9.0,
                1.0,
                5.0
              ],
              "uv": [
                60,
                0
              ],
              "inflate": 0
            },
            {
              "origin": [
                -4.0,
                33.75,
                -1.0
              ],
              "size": [
                8.0,
                1.0,
                5.0
              ],
              "uv": [
                32,
                18
              ],
              "inflate": 0
            },
            {
              "origin": [
                -4.5,
                23.0,
                -1.0
              ],
              "size": [
                9.0,
                4.0,
                5.0
              ],
              "uv": [
                58,
                18
              ],
              "inflate": 0
            },
            {
              "origin": [
                -8.5,
                23.0,
                4.0
              ],
              "size": [
                13.0,
                11.0,
                1.0
              ],
              "uv": [
                30,
                43
              ],
              "inflate": 0
            }
          ],
          "parent": "Man"
        },
        {
          "name": "Head",
          "pivot": [
            0,
            35,
            2
          ],
          "cubes": [
            {
              "origin": [
                -1.5,
                34.75,
                0.0
              ],
              "size": [
                3.0,
                2.0,
                3.0
              ],
              "uv": [
                87,
                40
              ],
              "inflate": 0
            },
            {
              "origin": [
                -3.0,
                36.0,
                -1.0
              ],
              "size": [
                6.0,
                6.0,
                5.0
              ],
              "uv": [
                66,
                6
              ],
              "inflate": 0
            },
            {
              "origin": [
                -3.5,
                42.0,
                -1.0
              ],
              "size": [
                7.0,
                3.0,
                6.0
              ],
              "uv": [
                58,
                37
              ],
              "inflate": 0
            },
            {
              "origin": [
                -4.5,
                42.0,
                -2.0
              ],
              "size": [
                7.0,
                5.0,
                0.0
              ],
              "uv": [
                8,
                122
              ],
              "inflate": 0
            },
            {
              "origin": [
                -3.5,
                44.0,
                -1.25
              ],
              "size": [
                7.0,
                5.0,
                6.0
              ],
              "uv": [
                56,
                57
              ],
              "inflate": 0
            },
            {
              "origin": [
                -1.5,
                45.0,
                1.0
              ],
              "size": [
                3.0,
                2.0,
                3.0
              ],
              "uv": [
                30,
                25
              ],
              "inflate": 0
            },
            {
              "origin": [
                -1.0,
                47.0,
                1.5
              ],
              "size": [
                2.0,
                1.0,
                2.0
              ],
              "uv": [
                23,
                55
              ],
              "inflate": 0
            },
            {
              "origin": [
                -0.5,
                48.0,
                2.0
              ],
              "size": [
                1.0,
                1.0,
                1.0
              ],
              "uv": [
                25,
                43
              ],
              "inflate": 0
            },
            {
              "origin": [
                -4.5,
                33.0,
                4.0
              ],
              "size": [
                9.0,
                10.0,
                2.0
              ],
              "uv": [
                26,
                65
              ],
              "inflate": 0
            },
            {
              "origin": [
                -4.5,
                34.0,
                2.0
              ],
              "size": [
                9.0,
                8.0,
                2.0
              ],
              "pivot": [
                0.0,
                42.0,
                3.0
              ],
              "rotation": [
                15.0,
                0.0,
                0.0
              ],
              "uv": [
                0,
                73
              ],
              "inflate": 0
            },
            {
              "origin": [
                -3.5,
                38.0,
                1.0
              ],
              "size": [
                1.0,
                2.0,
                1.0
              ],
              "uv": [
                32,
                18
              ],
              "inflate": 0
            },
            {
              "origin": [
                2.5,
                38.0,
                1.0
              ],
              "size": [
                1.0,
                2.0,
                1.0
              ],
              "uv": [
                20,
                15
              ],
              "inflate": 0
            },
            {
              "origin": [
                2.5,
                36.0,
                1.5
              ],
              "size": [
                2.0,
                2.0,
                0.0
              ],
              "uv": [
                0,
                43
              ],
              "inflate": 0
            },
            {
              "origin": [
                -4.5,
                36.0,
                1.5
              ],
              "size": [
                2.0,
                2.0,
                0.0
              ],
              "uv": [
                32,
                21
              ],
              "inflate": 0
            },
            {
              "origin": [
                -0.5,
                37.0,
                -1.75
              ],
              "size": [
                1.0,
                2.0,
                1.0
              ],
              "pivot": [
                0.5,
                37.0,
                -1.0
              ],
              "rotation": [
                -27.5,
                0.0,
                0.0
              ],
              "uv": [
                0,
                15
              ],
              "inflate": 0
            }
          ],
          "parent": "Body"
        },
        {
          "name": "Hand",
          "pivot": [
            5,
            34,
            1
          ],
          "cubes": [
            {
              "origin": [
                5.0,
                31.0,
                -1.0
              ],
              "size": [
                9.0,
                5.0,
                5.0
              ],
              "uv": [
                28,
                55
              ],
              "inflate": 0
            }
          ],
          "parent": "Body",
          "rotation": [
            0,
            -7.5,
            62.5
          ]
        },
        {
          "name": "Handm",
          "pivot": [
            13.75,
            34,
            0
          ],
          "cubes": [
            {
              "origin": [
                11.75,
                31.5,
                -0.5
              ],
              "size": [
                9.0,
                4.0,
                4.0
              ],
              "uv": [
                0,
                65
              ],
              "inflate": 0
            },
            {
              "origin": [
                15.75,
                31.0,
                -1.0
              ],
              "size": [
                2.0,
                5.0,
                5.0
              ],
              "uv": [
                87,
                30
              ],
              "inflate": 0
            },
            {
              "origin": [
                15.75,
                36.0,
                -1.0
              ],
              "size": [
                4.0,
                1.0,
                24.0
              ],
              "pivot": [
                17.75,
                36.5,
                -1.0
              ],
              "rotation": [
                -12.60443,
                7.32123,
                -1.63219
              ],
              "uv": [
                0,
                0
              ],
              "inflate": 0
            },
            {
              "origin": [
                15.75,
                31.0,
                -1.0
              ],
              "size": [
                4.0,
                6.0,
                0.0
              ],
              "pivot": [
                17.75,
                36.5,
                -1.0
              ],
              "rotation": [
                -12.60443,
                7.32123,
                -1.63219
              ],
              "uv": [
                88,
                11
              ],
              "inflate": 0
            },
            {
              "origin": [
                15.75,
                32.0,
                -1.0
              ],
              "size": [
                4.0,
                0.0,
                7.0
              ],
              "pivot": [
                17.75,
                36.5,
                -1.0
              ],
              "rotation": [
                -12.60443,
                7.32123,
                -1.63219
              ],
              "uv": [
                43,
                75
              ],
              "inflate": 0
            }
          ],
          "parent": "Hand",
          "rotation": [
            107.30267,
            63.96867,
            118.13769
          ]
        },
        {
          "name": "Handfingers",
          "pivot": [
            20.58421,
            33.77778,
            1.47597
          ],
          "cubes": [
            {
              "origin": [
                19.74714,
                31.5,
                -0.63086
              ],
              "size": [
                2.0,
                4.0,
                4.0
              ],
              "uv": [
                90,
                49
              ],
              "inflate": 0
            },
            {
              "origin": [
                21.74714,
                31.5,
                -0.63086
              ],
              "size": [
                1.0,
                4.0,
                4.0
              ],
              "uv": [
                67,
                91
              ],
              "inflate": 0
            },
            {
              "origin": [
                24.24714,
                34.5,
                2.36914
              ],
              "size": [
                3.0,
                1.0,
                1.0
              ],
              "pivot": [
                24.24714,
                35.0,
                2.86914
              ],
              "rotation": [
                0.0,
                70.0,
                0.0
              ],
              "uv": [
                58,
                29
              ],
              "inflate": 0
            },
            {
              "origin": [
                24.36678,
                34.5,
                1.0059
              ],
              "size": [
                0.0,
                7.0,
                6.0
              ],
              "pivot": [
                24.28041,
                35.0,
                0.84481
              ],
              "rotation": [
                32.15188,
                -16.51866,
                -0.79252
              ],
              "uv": [
                31,
                83
              ],
              "inflate": 0
            },
            {
              "origin": [
                24.24714,
                33.5,
                2.36914
              ],
              "size": [
                4.0,
                1.0,
                1.0
              ],
              "pivot": [
                24.74714,
                34.0,
                2.86914
              ],
              "rotation": [
                -180.0,
                70.0,
                180.0
              ],
              "uv": [
                53,
                20
              ],
              "inflate": 0
            },
            {
              "origin": [
                24.76222,
                32.5,
                2.28364
              ],
              "size": [
                3.0,
                1.0,
                1.0
              ],
              "pivot": [
                24.74714,
                33.0,
                2.86914
              ],
              "rotation": [
                -180.0,
                72.5,
                180.0
              ],
              "uv": [
                58,
                27
              ],
              "inflate": 0
            },
            {
              "origin": [
                24.74714,
                31.5,
                2.36914
              ],
              "size": [
                2.0,
                1.0,
                1.0
              ],
              "pivot": [
                24.74714,
                32.0,
                2.86914
              ],
              "rotation": [
                -180.0,
                70.0,
                180.0
              ],
              "uv": [
                56,
                59
              ],
              "inflate": 0
            },
            {
              "origin": [
                22.74714,
                31.5,
                1.36914
              ],
              "size": [
                2.0,
                4.0,
                2.0
              ],
              "uv": [
                92,
                0
              ],
              "inflate": 0
            },
            {
              "origin": [
                22.74714,
                33.5,
                -0.63086
              ],
              "size": [
                1.0,
                2.0,
                2.0
              ],
              "uv": [
                32,
                0
              ],
              "inflate": 0
            },
            {
              "origin": [
                23.74714,
                34.5,
                -0.63086
              ],
              "size": [
                2.0,
                1.0,
                1.0
              ],
              "pivot": [
                23.74714,
                35.0,
                -0.13086
              ],
              "rotation": [
                0.0,
                -27.5,
                0.0
              ],
              "uv": [
                58,
                46
              ],
              "inflate": 0
            }
          ],
          "parent": "Handm",
          "rotation": [
            90,
            0,
            12.5
          ]
        },
        {
          "name": "Hand3",
          "pivot": [
            -5,
            31,
            1
          ],
          "cubes": [
            {
              "origin": [
                -5.0,
                28.0,
                -1.0
              ],
              "size": [
                9.0,
                5.0,
                5.0
              ],
              "uv": [
                0,
                55
              ],
              "inflate": 0
            }
          ],
          "parent": "Body",
          "rotation": [
            -88.22148,
            -4.88164,
            -173.04175
          ]
        },
        {
          "name": "Handm3",
          "pivot": [
            3.35934,
            30.5659,
            0.68312
          ],
          "cubes": [
            {
              "origin": [
                2.5331,
                28.59452,
                -1.97225
              ],
              "size": [
                9.0,
                4.0,
                4.0
              ],
              "uv": [
                64,
                27
              ],
              "inflate": 0
            },
            {
              "origin": [
                7.5331,
                28.09452,
                -2.47225
              ],
              "size": [
                2.0,
                5.0,
                5.0
              ],
              "uv": [
                83,
                1
              ],
              "inflate": 0
            }
          ],
          "parent": "Hand3",
          "rotation": [
            41.16563,
            -56.52409,
            43.0053
          ]
        },
        {
          "name": "Handfingers3",
          "pivot": [
            11.0331,
            30.59452,
            0.02775
          ],
          "cubes": [
            {
              "origin": [
                10.5331,
                28.59452,
                -1.97225
              ],
              "size": [
                2.0,
                4.0,
                4.0
              ],
              "uv": [
                80,
                53
              ],
              "inflate": 0
            },
            {
              "origin": [
                12.5331,
                28.59452,
                -1.97225
              ],
              "size": [
                1.0,
                4.0,
                4.0
              ],
              "uv": [
                31,
                77
              ],
              "inflate": 0
            },
            {
              "origin": [
                15.0331,
                30.59452,
                1.02775
              ],
              "size": [
                3.0,
                1.0,
                1.0
              ],
              "pivot": [
                15.5331,
                32.09452,
                1.52775
              ],
              "rotation": [
                -180.0,
                62.5,
                180.0
              ],
              "uv": [
                23,
                58
              ],
              "inflate": 0
            },
            {
              "origin": [
                15.0331,
                29.59452,
                1.02775
              ],
              "size": [
                4.0,
                1.0,
                1.0
              ],
              "pivot": [
                15.5331,
                32.09452,
                1.52775
              ],
              "rotation": [
                -180.0,
                65.0,
                180.0
              ],
              "uv": [
                53,
                18
              ],
              "inflate": 0
            },
            {
              "origin": [
                15.52359,
                28.59452,
                1.07132
              ],
              "size": [
                3.0,
                1.0,
                1.0
              ],
              "pivot": [
                16.02739,
                29.09452,
                1.65848
              ],
              "rotation": [
                -1.80124,
                -20.33925,
                14.45128
              ],
              "uv": [
                51,
                57
              ],
              "inflate": 0
            },
            {
              "origin": [
                17.36991,
                25.12251,
                -1.22937
              ],
              "size": [
                1.0,
                7.0,
                7.0
              ],
              "pivot": [
                17.86991,
                28.62251,
                2.27063
              ],
              "rotation": [
                -1.80124,
                -20.33925,
                14.45128
              ],
              "uv": [
                78,
                39
              ],
              "inflate": 0
            },
            {
              "origin": [
                17.36991,
                25.12251,
                -1.22937
              ],
              "size": [
                1.0,
                7.0,
                7.0
              ],
              "pivot": [
                17.86991,
                28.62251,
                2.27063
              ],
              "rotation": [
                45.69876,
                -20.33925,
                14.45128
              ],
              "uv": [
                15,
                76
              ],
              "inflate": 0
            },
            {
              "origin": [
                17.36991,
                25.12251,
                -1.22937
              ],
              "size": [
                1.0,
                7.0,
                7.0
              ],
              "pivot": [
                17.86991,
                28.62251,
                2.27063
              ],
              "rotation": [
                65.69876,
                -20.33925,
                14.45128
              ],
              "uv": [
                57,
                75
              ],
              "inflate": 0
            },
            {
              "origin": [
                17.36991,
                25.12251,
                -1.22937
              ],
              "size": [
                1.0,
                7.0,
                7.0
              ],
              "pivot": [
                17.86991,
                28.62251,
                2.27063
              ],
              "rotation": [
                110.69876,
                -20.33925,
                14.45128
              ],
              "uv": [
                41,
                75
              ],
              "inflate": 0
            },
            {
              "origin": [
                15.5331,
                31.59452,
                1.02775
              ],
              "size": [
                2.0,
                1.0,
                1.0
              ],
              "pivot": [
                15.5331,
                32.09452,
                1.52775
              ],
              "rotation": [
                -180.0,
                72.5,
                180.0
              ],
              "uv": [
                32,
                4
              ],
              "inflate": 0
            },
            {
              "origin": [
                13.5331,
                28.59452,
                0.02775
              ],
              "size": [
                2.0,
                4.0,
                2.0
              ],
              "uv": [
                85,
                91
              ],
              "inflate": 0
            },
            {
              "origin": [
                13.5331,
                28.59452,
                -1.97225
              ],
              "size": [
                1.0,
                2.0,
                2.0
              ],
              "uv": [
                0,
                25
              ],
              "inflate": 0
            },
            {
              "origin": [
                14.5331,
                28.59452,
                -1.97225
              ],
              "size": [
                2.0,
                1.0,
                1.0
              ],
              "pivot": [
                14.5331,
                29.09452,
                -1.47225
              ],
              "rotation": [
                0.0,
                -57.5,
                0.0
              ],
              "uv": [
                0,
                29
              ],
              "inflate": 0
            }
          ],
          "parent": "Handm3",
          "rotation": [
            86.3229,
            2.09434,
            37.17028
          ]
        }
      ]
    }
  ]
}