{
  "format_version": "1.12.0",
  "minecraft:geometry": [
    {
      "description": {
        "identifier": "geometry.ms_parshuram",
        "texture_width": 128,
        "texture_height": 128,
        "visible_bounds_width": 5,
        "visible_bounds_height": 6,
        "visible_bounds_offset": [
          0,
          2,
          0
        ]
      },
      "bones": [
        {
          "name": "Man"
        },
        {
          "name": "Legs",
          "cubes": [
            {
              "origin": [
                -5.0,
                21.0,
                -1.25
              ],
              "size": [
                10.0,
                2.0,
                6.0
              ],
              "uv": [
                24,
                56
              ],
              "inflate": 0
            },
            {
              "origin": [
                -5.0,
                19.0,
                -1.5
              ],
              "size": [
                10.0,
                5.0,
                2.0
              ],
              "uv": [
                83,
                69
              ],
              "inflate": 0
            },
            {
              "origin": [
                -8.0,
                3.0,
                -3.0
              ],
              "size": [
                16.0,
                18.0,
                9.0
              ],
              "uv": [
                0,
                29
              ],
              "inflate": 0
            }
          ],
          "parent": "Man"
        },
        {
          "name": "Leg",
          "pivot": [
            -3,
            21,
            2
          ],
          "parent": "Legs"
        },
        {
          "name": "Joinleg",
          "pivot": [
            -2.5,
            21,
            1.5
          ],
          "cubes": [
            {
              "origin": [
                -5.0,
                12.0,
                -1.0
              ],
              "size": [
                5.0,
                9.0,
                5.0
              ],
              "uv": [
                22,
                73
              ],
              "inflate": 0
            }
          ],
          "parent": "Leg",
          "rotation": [
            0,
            15,
            5
          ]
        },
        {
          "name": "Midleg",
          "pivot": [
            -2.5,
            12,
            1.25
          ],
          "cubes": [
            {
              "origin": [
                -4.5,
                3.0,
                -0.75
              ],
              "size": [
                4.0,
                9.0,
                4.0
              ],
              "uv": [
                0,
                85
              ],
              "inflate": 0
            }
          ],
          "parent": "Joinleg",
          "rotation": [
            0,
            0,
            -5
          ]
        },
        {
          "name": "Paul",
          "pivot": [
            -2.48864,
            3,
            1.29545
          ],
          "cubes": [
            {
              "origin": [
                -5.0,
                0.0,
                2.0
              ],
              "size": [
                5.0,
                1.0,
                3.0
              ],
              "uv": [
                88,
                76
              ],
              "inflate": 0
            },
            {
              "origin": [
                -5.0,
                0.0,
                -3.0
              ],
              "size": [
                5.0,
                1.0,
                3.0
              ],
              "uv": [
                44,
                23
              ],
              "inflate": 0
            },
            {
              "origin": [
                -5.0,
                0.5,
                0.0
              ],
              "size": [
                5.0,
                1.0,
                2.0
              ],
              "uv": [
                91,
                0
              ],
              "inflate": 0
            },
            {
              "origin": [
                -5.0,
                0.0,
                -5.0
              ],
              "size": [
                1.0,
                1.0,
                2.0
              ],
              "uv": [
                24,
                59
              ],
              "inflate": 0
            },
            {
              "origin": [
                -4.0,
                0.0,
                -5.5
              ],
              "size": [
                1.0,
                1.0,
                3.0
              ],
              "uv": [
                92,
                20
              ],
              "inflate": 0
            },
            {
              "origin": [
                -3.0,
                0.0,
                -5.75
              ],
              "size": [
                1.0,
                1.0,
                3.0
              ],
              "uv": [
                39,
                87
              ],
              "inflate": 0
            },
            {
              "origin": [
                -2.0,
                0.0,
                -6.0
              ],
              "size": [
                1.0,
                1.0,
                3.0
              ],
              "uv": [
                25,
                87
              ],
              "inflate": 0
            },
            {
              "origin": [
                -1.0,
                0.0,
                -5.75
              ],
              "size": [
                1.25,
                1.0,
                3.0
              ],
              "uv": [
                74,
                85
              ],
              "inflate": 0
            },
            {
              "origin": [
                -5.0,
                1.0,
                -2.25
              ],
              "size": [
                5.0,
                1.0,
                7.0
              ],
              "uv": [
                79,
                51
              ],
              "inflate": 0
            },
            {
              "origin": [
                -5.0,
                2.0,
                -1.25
              ],
              "size": [
                5.0,
                1.0,
                5.0
              ],
              "uv": [
                87,
                14
              ],
              "inflate": 0
            },
            {
              "origin": [
                -5.0,
                0.5,
                -4.25
              ],
              "size": [
                5.0,
                1.0,
                2.0
              ],
              "uv": [
                69,
                14
              ],
              "inflate": 0
            }
          ],
          "parent": "Midleg"
        },
        {
          "name": "Leg2",
          "pivot": [
            2,
            21,
            2
          ],
          "parent": "Legs"
        },
        {
          "name": "Joinleg2",
          "pivot": [
            2.5,
            21,
            1.5
          ],
          "cubes": [
            {
              "origin": [
                0.0,
                12.0,
                -1.0
              ],
              "size": [
                5.0,
                9.0,
                5.0
              ],
              "uv": [
                68,
                71
              ],
              "inflate": 0
            }
          ],
          "parent": "Leg2",
          "rotation": [
            0,
            -15,
            -5
          ]
        },
        {
          "name": "Midleg2",
          "pivot": [
            2.5,
            12,
            1.25
          ],
          "cubes": [
            {
              "origin": [
                0.5,
                3.0,
                -0.75
              ],
              "size": [
                4.0,
                9.0,
                4.0
              ],
              "uv": [
                84,
                81
              ],
              "inflate": 0
            }
          ],
          "parent": "Joinleg2",
          "rotation": [
            0,
            0,
            5
          ]
        },
        {
          "name": "Paul2",
          "pivot": [
            2.51136,
            3,
            1.29545
          ],
          "cubes": [
            {
              "origin": [
                0.0,
                0.0,
                2.0
              ],
              "size": [
                5.0,
                1.0,
                3.0
              ],
              "uv": [
                31,
                22
              ],
              "inflate": 0
            },
            {
              "origin": [
                0.0,
                0.0,
                -3.0
              ],
              "size": [
                5.0,
                1.0,
                3.0
              ],
              "uv": [
                0,
                22
              ],
              "inflate": 0
            },
            {
              "origin": [
                0.0,
                0.5,
                0.0
              ],
              "size": [
                5.0,
                1.0,
                2.0
              ],
              "uv": [
                42,
                64
              ],
              "inflate": 0
            },
            {
              "origin": [
                4.0,
                0.0,
                -5.0
              ],
              "size": [
                1.0,
                1.0,
                2.0
              ],
              "uv": [
                57,
                22
              ],
              "inflate": 0
            },
            {
              "origin": [
                3.0,
                0.0,
                -5.5
              ],
              "size": [
                1.0,
                1.0,
                3.0
              ],
              "uv": [
                12,
                85
              ],
              "inflate": 0
            },
            {
              "origin": [
                2.0,
                0.0,
                -5.75
              ],
              "size": [
                1.0,
                1.0,
                3.0
              ],
              "uv": [
                59,
                76
              ],
              "inflate": 0
            },
            {
              "origin": [
                1.0,
                0.0,
                -6.0
              ],
              "size": [
                1.0,
                1.0,
                3.0
              ],
              "uv": [
                37,
                73
              ],
              "inflate": 0
            },
            {
              "origin": [
                0.0,
                0.0,
                -5.75
              ],
              "size": [
                1.25,
                1.0,
                3.0
              ],
              "uv": [
                64,
                0
              ],
              "inflate": 0
            },
            {
              "origin": [
                0.0,
                1.0,
                -2.25
              ],
              "size": [
                5.0,
                1.0,
                7.0
              ],
              "uv": [
                77,
                61
              ],
              "inflate": 0
            },
            {
              "origin": [
                0.0,
                2.0,
                -1.25
              ],
              "size": [
                5.0,
                1.0,
                5.0
              ],
              "uv": [
                59,
                85
              ],
              "inflate": 0
            },
            {
              "origin": [
                0.0,
                0.5,
                -4.25
              ],
              "size": [
                5.0,
                1.0,
                2.0
              ],
              "uv": [
                0,
                9
              ],
              "inflate": 0
            }
          ],
          "parent": "Midleg2"
        },
        {
          "name": "Body",
          "pivot": [
            0,
            21,
            0
          ],
          "cubes": [
            {
              "origin": [
                -4.0,
                21.0,
                -1.0
              ],
              "size": [
                8.0,
                2.0,
                5.0
              ],
              "uv": [
                75,
                27
              ],
              "inflate": 0
            },
            {
              "origin": [
                -5.0,
                27.0,
                -1.0
              ],
              "size": [
                10.0,
                7.0,
                5.0
              ],
              "uv": [
                50,
                46
              ],
              "inflate": 0
            },
            {
              "origin": [
                -7.0,
                19.0,
                -1.75
              ],
              "size": [
                14.0,
                17.0,
                5.0
              ],
              "uv": [
                31,
                0
              ],
              "inflate": 0
            },
            {
              "origin": [
                -5.0,
                23.0,
                -1.25
              ],
              "size": [
                10.0,
                12.0,
                5.0
              ],
              "uv": [
                50,
                29
              ],
              "inflate": 0
            },
            {
              "origin": [
                -4.5,
                33.25,
                -1.0
              ],
              "size": [
                9.0,
                1.0,
                5.0
              ],
              "uv": [
                69,
                8
              ],
              "inflate": 0
            },
            {
              "origin": [
                -4.0,
                33.75,
                -1.0
              ],
              "size": [
                8.0,
                1.0,
                5.0
              ],
              "uv": [
                75,
                44
              ],
              "inflate": 0
            },
            {
              "origin": [
                -4.5,
                23.0,
                -1.0
              ],
              "size": [
                9.0,
                4.0,
                5.0
              ],
              "uv": [
                19,
                64
              ],
              "inflate": 0
            }
          ],
          "parent": "Man"
        },
        {
          "name": "Head",
          "pivot": [
            0,
            35,
            2
          ],
          "cubes": [
            {
              "origin": [
                -1.5,
                34.75,
                0.0
              ],
              "size": [
                3.0,
                2.0,
                3.0
              ],
              "uv": [
                41,
                29
              ],
              "inflate": 0
            },
            {
              "origin": [
                -3.0,
                36.0,
                -1.0
              ],
              "size": [
                6.0,
                6.0,
                5.0
              ],
              "uv": [
                42,
                76
              ],
              "inflate": 0
            },
            {
              "origin": [
                -3.5,
                42.0,
                -1.0
              ],
              "size": [
                7.0,
                3.0,
                6.0
              ],
              "uv": [
                0,
                0
              ],
              "inflate": 0
            },
            {
              "origin": [
                -2.5,
                45.0,
                0.0
              ],
              "size": [
                5.0,
                2.0,
                4.0
              ],
              "uv": [
                0,
                66
              ],
              "inflate": 0
            },
            {
              "origin": [
                -2.0,
                47.0,
                0.5
              ],
              "size": [
                4.0,
                1.0,
                3.0
              ],
              "uv": [
                13,
                23
              ],
              "inflate": 0
            },
            {
              "origin": [
                -1.5,
                48.0,
                1.0
              ],
              "size": [
                3.0,
                1.0,
                2.0
              ],
              "uv": [
                14,
                9
              ],
              "inflate": 0
            },
            {
              "origin": [
                -4.5,
                33.0,
                4.0
              ],
              "size": [
                9.0,
                10.0,
                2.0
              ],
              "uv": [
                0,
                73
              ],
              "inflate": 0
            },
            {
              "origin": [
                -5.5,
                23.0,
                6.0
              ],
              "size": [
                11.0,
                20.0,
                0.0
              ],
              "uv": [
                106,
                108
              ],
              "inflate": 0
            },
            {
              "origin": [
                -4.5,
                34.0,
                2.0
              ],
              "size": [
                9.0,
                8.0,
                2.0
              ],
              "pivot": [
                0.0,
                42.0,
                3.0
              ],
              "rotation": [
                15.0,
                0.0,
                0.0
              ],
              "uv": [
                80,
                34
              ],
              "inflate": 0
            },
            {
              "origin": [
                -3.5,
                38.0,
                1.0
              ],
              "size": [
                1.0,
                2.0,
                1.0
              ],
              "uv": [
                50,
                29
              ],
              "inflate": 0
            },
            {
              "origin": [
                2.5,
                38.0,
                1.0
              ],
              "size": [
                1.0,
                2.0,
                1.0
              ],
              "uv": [
                31,
                0
              ],
              "inflate": 0
            },
            {
              "origin": [
                2.5,
                36.0,
                1.5
              ],
              "size": [
                2.0,
                2.0,
                0.0
              ],
              "uv": [
                31,
                3
              ],
              "inflate": 0
            },
            {
              "origin": [
                -4.5,
                36.0,
                1.5
              ],
              "size": [
                2.0,
                2.0,
                0.0
              ],
              "uv": [
                22,
                9
              ],
              "inflate": 0
            }
          ],
          "parent": "Body"
        },
        {
          "name": "Hand",
          "pivot": [
            5,
            34,
            1
          ],
          "cubes": [
            {
              "origin": [
                5.0,
                31.0,
                -1.0
              ],
              "size": [
                9.0,
                5.0,
                5.0
              ],
              "uv": [
                64,
                17
              ],
              "inflate": 0
            }
          ],
          "parent": "Body",
          "rotation": [
            -2.04529,
            1.83392,
            47.19152
          ]
        },
        {
          "name": "Handm",
          "pivot": [
            13.75,
            34,
            0
          ],
          "cubes": [
            {
              "origin": [
                11.75,
                31.5,
                -0.5
              ],
              "size": [
                9.0,
                4.0,
                4.0
              ],
              "uv": [
                69,
                0
              ],
              "inflate": 0
            },
            {
              "origin": [
                15.75,
                31.0,
                -1.0
              ],
              "size": [
                2.0,
                5.0,
                5.0
              ],
              "uv": [
                30,
                87
              ],
              "inflate": 0
            }
          ],
          "parent": "Hand",
          "rotation": [
            0,
            77.5,
            12.5
          ]
        },
        {
          "name": "Handfingers",
          "pivot": [
            20.58421,
            33.77778,
            1.47597
          ],
          "cubes": [
            {
              "origin": [
                19.74714,
                31.5,
                -0.63086
              ],
              "size": [
                2.0,
                4.0,
                4.0
              ],
              "uv": [
                54,
                91
              ],
              "inflate": 0
            },
            {
              "origin": [
                21.74714,
                31.5,
                -0.63086
              ],
              "size": [
                1.0,
                4.0,
                4.0
              ],
              "uv": [
                40,
                94
              ],
              "inflate": 0
            },
            {
              "origin": [
                24.24714,
                34.5,
                2.36914
              ],
              "size": [
                3.0,
                1.0,
                1.0
              ],
              "pivot": [
                24.24714,
                35.0,
                2.86914
              ],
              "rotation": [
                0.0,
                70.0,
                0.0
              ],
              "uv": [
                42,
                67
              ],
              "inflate": 0
            },
            {
              "origin": [
                24.24714,
                33.5,
                2.36914
              ],
              "size": [
                4.0,
                1.0,
                1.0
              ],
              "pivot": [
                24.74714,
                34.0,
                2.86914
              ],
              "rotation": [
                -180.0,
                70.0,
                180.0
              ],
              "uv": [
                50,
                58
              ],
              "inflate": 0
            },
            {
              "origin": [
                24.76222,
                32.5,
                2.28364
              ],
              "size": [
                3.0,
                1.0,
                1.0
              ],
              "pivot": [
                24.74714,
                33.0,
                2.86914
              ],
              "rotation": [
                -180.0,
                72.5,
                180.0
              ],
              "uv": [
                14,
                66
              ],
              "inflate": 0
            },
            {
              "origin": [
                24.74714,
                31.5,
                2.36914
              ],
              "size": [
                2.0,
                1.0,
                1.0
              ],
              "pivot": [
                24.74714,
                32.0,
                2.86914
              ],
              "rotation": [
                -180.0,
                70.0,
                180.0
              ],
              "uv": [
                69,
                68
              ],
              "inflate": 0
            },
            {
              "origin": [
                22.74714,
                31.5,
                1.36914
              ],
              "size": [
                2.0,
                4.0,
                2.0
              ],
              "uv": [
                66,
                91
              ],
              "inflate": 0
            },
            {
              "origin": [
                22.74714,
                33.5,
                -0.63086
              ],
              "size": [
                1.0,
                2.0,
                2.0
              ],
              "uv": [
                20,
                0
              ],
              "inflate": 0
            },
            {
              "origin": [
                23.74714,
                34.5,
                -0.63086
              ],
              "size": [
                2.0,
                1.0,
                1.0
              ],
              "pivot": [
                23.74714,
                35.0,
                -0.13086
              ],
              "rotation": [
                0.0,
                -27.5,
                0.0
              ],
              "uv": [
                68,
                27
              ],
              "inflate": 0
            }
          ],
          "parent": "Handm",
          "rotation": [
            5.89834,
            64.88331,
            17.84402
          ]
        },
        {
          "name": "Hand2",
          "pivot": [
            -5,
            34,
            2
          ],
          "cubes": [
            {
              "origin": [
                -5.0,
                31.0,
                0.0
              ],
              "size": [
                9.0,
                5.0,
                5.0
              ],
              "uv": [
                56,
                58
              ],
              "inflate": 0
            }
          ],
          "parent": "Body",
          "rotation": [
            180,
            -5,
            135
          ]
        },
        {
          "name": "Handm2",
          "pivot": [
            1.35934,
            33.5659,
            2.68312
          ],
          "cubes": [
            {
              "origin": [
                0.5331,
                31.59452,
                0.02775
              ],
              "size": [
                9.0,
                4.0,
                4.0
              ],
              "uv": [
                47,
                68
              ],
              "inflate": 0
            },
            {
              "origin": [
                5.5331,
                31.09452,
                -0.47225
              ],
              "size": [
                2.0,
                5.0,
                5.0
              ],
              "uv": [
                16,
                87
              ],
              "inflate": 0
            }
          ],
          "parent": "Hand2",
          "rotation": [
            2.67324,
            -39.99492,
            -0.28432
          ]
        },
        {
          "name": "Handfingers2",
          "pivot": [
            9.0331,
            33.59452,
            2.02775
          ],
          "cubes": [
            {
              "origin": [
                8.5331,
                31.59452,
                0.02775
              ],
              "size": [
                2.0,
                4.0,
                4.0
              ],
              "uv": [
                75,
                90
              ],
              "inflate": 0
            },
            {
              "origin": [
                10.5331,
                31.59452,
                0.02775
              ],
              "size": [
                1.0,
                4.0,
                4.0
              ],
              "uv": [
                92,
                4
              ],
              "inflate": 0
            },
            {
              "origin": [
                13.0331,
                33.59452,
                3.02775
              ],
              "size": [
                3.0,
                1.0,
                1.0
              ],
              "pivot": [
                13.5331,
                35.09452,
                3.52775
              ],
              "rotation": [
                0.0,
                52.5,
                0.0
              ],
              "uv": [
                50,
                60
              ],
              "inflate": 0
            },
            {
              "origin": [
                13.0331,
                32.59452,
                3.02775
              ],
              "size": [
                4.0,
                1.0,
                1.0
              ],
              "pivot": [
                13.5331,
                35.09452,
                3.52775
              ],
              "rotation": [
                0.0,
                45.0,
                0.0
              ],
              "uv": [
                58,
                27
              ],
              "inflate": 0
            },
            {
              "origin": [
                13.5331,
                31.59452,
                3.02775
              ],
              "size": [
                3.0,
                1.0,
                1.0
              ],
              "pivot": [
                13.5331,
                35.09452,
                3.52775
              ],
              "rotation": [
                0.0,
                17.5,
                0.0
              ],
              "uv": [
                0,
                35
              ],
              "inflate": 0
            },
            {
              "origin": [
                13.5331,
                34.59452,
                3.02775
              ],
              "size": [
                2.0,
                1.0,
                1.0
              ],
              "pivot": [
                13.5331,
                35.09452,
                3.52775
              ],
              "rotation": [
                0.0,
                30.0,
                0.0
              ],
              "uv": [
                20,
                4
              ],
              "inflate": 0
            },
            {
              "origin": [
                11.5331,
                31.59452,
                2.02775
              ],
              "size": [
                2.0,
                4.0,
                2.0
              ],
              "uv": [
                0,
                29
              ],
              "inflate": 0
            },
            {
              "origin": [
                11.5331,
                31.59452,
                0.02775
              ],
              "size": [
                1.0,
                2.0,
                2.0
              ],
              "uv": [
                0,
                0
              ],
              "inflate": 0
            },
            {
              "origin": [
                12.5331,
                31.59452,
                0.02775
              ],
              "size": [
                2.0,
                1.0,
                1.0
              ],
              "pivot": [
                12.5331,
                32.09452,
                0.52775
              ],
              "rotation": [
                0.0,
                40.0,
                0.0
              ],
              "uv": [
                0,
                4
              ],
              "inflate": 0
            }
          ],
          "parent": "Handm2",
          "rotation": [
            135.7988,
            -18.5255,
            28.62416
          ]
        },
        {
          "name": "Weapon",
          "pivot": [
            13.0331,
            33.59452,
            1.02775
          ],
          "cubes": [
            {
              "origin": [
                12.73141,
                32.81282,
                -22.06017
              ],
              "size": [
                2.0,
                2.0,
                27.0
              ],
              "uv": [
                0,
                0
              ],
              "inflate": 0
            },
            {
              "origin": [
                12.23141,
                32.31282,
                -23.06017
              ],
              "size": [
                3.0,
                3.0,
                1.0
              ],
              "uv": [
                41,
                34
              ],
              "inflate": 0
            },
            {
              "origin": [
                12.23141,
                32.31282,
                3.93983
              ],
              "size": [
                3.0,
                3.0,
                4.0
              ],
              "uv": [
                44,
                87
              ],
              "inflate": 0
            },
            {
              "origin": [
                13.23141,
                33.31282,
                -25.06017
              ],
              "size": [
                1.0,
                1.0,
                1.0
              ],
              "uv": [
                12,
                9
              ],
              "inflate": 0
            },
            {
              "origin": [
                12.73141,
                32.81282,
                -24.06017
              ],
              "size": [
                2.0,
                2.0,
                1.0
              ],
              "uv": [
                24,
                56
              ],
              "inflate": 0
            },
            {
              "origin": [
                13.73141,
                34.81282,
                -21.06017
              ],
              "size": [
                0.0,
                10.0,
                12.0
              ],
              "uv": [
                0,
                44
              ],
              "inflate": 0
            },
            {
              "origin": [
                13.73141,
                22.81282,
                -21.06017
              ],
              "size": [
                0.0,
                10.0,
                12.0
              ],
              "uv": [
                0,
                0
              ],
              "inflate": 0
            }
          ],
          "parent": "Handfingers2",
          "rotation": [
            79.42417,
            -67.02815,
            19.21263
          ]
        }
      ]
    }
  ]
}