{
  "format_version": "1.12.0",
  "minecraft:geometry": [
    {
      "description": {
        "identifier": "geometry.ms_pillar_mid",
        "texture_width": 128,
        "texture_height": 128,
        "visible_bounds_width": 2,
        "visible_bounds_height": 2.5,
        "visible_bounds_offset": [
          0,
          0.75,
          0
        ]
      },
      "bones": [
        {
          "name": "Fullpillarblock",
          "pivot": [
            0,
            16,
            0
          ],
          "rotation": [
            0,
            0,
            -180
          ]
        },
        {
          "name": "bone15",
          "pivot": [
            0,
            32,
            0
          ],
          "cubes": [
            {
              "origin": [
                -1.0,
                16.0,
                2.0
              ],
              "size": [
                2.0,
                16.0,
                3.0
              ],
              "uv": [
                58,
                20
              ],
              "inflate": 0
            }
          ],
          "parent": "Fullpillarblock",
          "rotation": [
            -180,
            -45,
            180
          ]
        },
        {
          "name": "bone16",
          "pivot": [
            0,
            32,
            0
          ],
          "cubes": [
            {
              "origin": [
                -1.0,
                16.0,
                0.0
              ],
              "size": [
                2.0,
                16.0,
                5.0
              ],
              "uv": [
                14,
                0
              ],
              "inflate": 0
            }
          ],
          "parent": "Fullpillarblock",
          "rotation": [
            -180,
            -67.5,
            180
          ]
        },
        {
          "name": "bone13",
          "pivot": [
            0,
            32,
            0
          ],
          "cubes": [
            {
              "origin": [
                -1.0,
                16.0,
                1.0
              ],
              "size": [
                2.0,
                16.0,
                4.0
              ],
              "uv": [
                0,
                42
              ],
              "inflate": 0
            }
          ],
          "parent": "Fullpillarblock",
          "rotation": [
            -180,
            22.5,
            180
          ]
        },
        {
          "name": "bone14",
          "pivot": [
            0,
            32,
            0
          ],
          "cubes": [
            {
              "origin": [
                -1.0,
                16.0,
                0.0
              ],
              "size": [
                2.0,
                16.0,
                5.0
              ],
              "uv": [
                0,
                21
              ],
              "inflate": 0
            }
          ],
          "parent": "Fullpillarblock",
          "rotation": [
            -180,
            -22.5,
            180
          ]
        },
        {
          "name": "bone11",
          "pivot": [
            0,
            32,
            0
          ],
          "cubes": [
            {
              "origin": [
                -1.0,
                16.0,
                0.0
              ],
              "size": [
                2.0,
                16.0,
                5.0
              ],
              "uv": [
                14,
                21
              ],
              "inflate": 0
            }
          ],
          "parent": "Fullpillarblock",
          "rotation": [
            -180,
            67.5,
            180
          ]
        },
        {
          "name": "bone12",
          "pivot": [
            0,
            32,
            0
          ],
          "cubes": [
            {
              "origin": [
                -1.0,
                16.0,
                1.0
              ],
              "size": [
                2.0,
                16.0,
                4.0
              ],
              "uv": [
                42,
                0
              ],
              "inflate": 0
            },
            {
              "origin": [
                -1.0,
                14.0,
                5.0
              ],
              "size": [
                2.0,
                20.0,
                1.0
              ],
              "uv": [
                52,
                60
              ],
              "inflate": 0
            },
            {
              "origin": [
                -1.0,
                14.0,
                -6.0
              ],
              "size": [
                2.0,
                20.0,
                1.0
              ],
              "uv": [
                46,
                59
              ],
              "inflate": 0
            }
          ],
          "parent": "Fullpillarblock",
          "rotation": [
            -180,
            45,
            180
          ]
        },
        {
          "name": "bone9",
          "pivot": [
            0,
            32,
            0
          ],
          "cubes": [
            {
              "origin": [
                -1.0,
                16.0,
                1.0
              ],
              "size": [
                2.0,
                16.0,
                4.0
              ],
              "uv": [
                12,
                42
              ],
              "inflate": 0
            },
            {
              "origin": [
                -1.0,
                14.0,
                5.0
              ],
              "size": [
                2.0,
                20.0,
                1.0
              ],
              "uv": [
                0,
                62
              ],
              "inflate": 0
            },
            {
              "origin": [
                -1.0,
                14.0,
                -6.0
              ],
              "size": [
                2.0,
                20.0,
                1.0
              ],
              "uv": [
                58,
                60
              ],
              "inflate": 0
            }
          ],
          "parent": "Fullpillarblock",
          "rotation": [
            0,
            45,
            0
          ]
        },
        {
          "name": "bone18",
          "pivot": [
            0,
            32,
            0
          ],
          "cubes": [
            {
              "origin": [
                -1.0,
                16.0,
                0.0
              ],
              "size": [
                2.0,
                16.0,
                5.0
              ],
              "uv": [
                0,
                0
              ],
              "inflate": 0
            }
          ],
          "parent": "Fullpillarblock",
          "rotation": [
            0,
            -22.5,
            0
          ]
        },
        {
          "name": "bone10",
          "pivot": [
            0,
            32,
            0
          ],
          "cubes": [
            {
              "origin": [
                -1.0,
                16.0,
                0.0
              ],
              "size": [
                2.0,
                16.0,
                5.0
              ],
              "uv": [
                28,
                0
              ],
              "inflate": 0
            }
          ],
          "parent": "Fullpillarblock",
          "rotation": [
            0,
            67.5,
            0
          ]
        },
        {
          "name": "bone4",
          "pivot": [
            0,
            32,
            0
          ],
          "cubes": [
            {
              "origin": [
                -1.0,
                16.0,
                1.0
              ],
              "size": [
                2.0,
                16.0,
                4.0
              ],
              "uv": [
                51,
                40
              ],
              "inflate": 0
            }
          ],
          "parent": "Fullpillarblock",
          "rotation": [
            0,
            -90,
            0
          ]
        },
        {
          "name": "bone7",
          "pivot": [
            0,
            32,
            0
          ],
          "cubes": [
            {
              "origin": [
                -1.0,
                16.0,
                1.0
              ],
              "size": [
                2.0,
                16.0,
                4.0
              ],
              "uv": [
                24,
                42
              ],
              "inflate": 0
            }
          ],
          "parent": "Fullpillarblock",
          "rotation": [
            0,
            -45,
            0
          ]
        },
        {
          "name": "bone6",
          "pivot": [
            0,
            32,
            0
          ],
          "cubes": [
            {
              "origin": [
                -1.0,
                16.0,
                1.0
              ],
              "size": [
                2.0,
                16.0,
                4.0
              ],
              "uv": [
                46,
                20
              ],
              "inflate": 0
            }
          ],
          "parent": "bone7",
          "rotation": [
            0,
            -22.5,
            0
          ]
        },
        {
          "name": "bone3",
          "pivot": [
            0,
            32,
            0
          ],
          "cubes": [
            {
              "origin": [
                -1.0,
                16.0,
                2.0
              ],
              "size": [
                2.0,
                16.0,
                3.0
              ],
              "uv": [
                36,
                58
              ],
              "inflate": 0
            }
          ],
          "parent": "Fullpillarblock",
          "rotation": [
            -180,
            0,
            180
          ]
        },
        {
          "name": "bone5",
          "pivot": [
            0,
            32,
            0
          ],
          "parent": "Fullpillarblock",
          "rotation": [
            0,
            -67.5,
            0
          ]
        },
        {
          "name": "bone2",
          "pivot": [
            0,
            32,
            0
          ],
          "cubes": [
            {
              "origin": [
                -1.0,
                16.0,
                1.0
              ],
              "size": [
                2.0,
                16.0,
                4.0
              ],
              "uv": [
                54,
                0
              ],
              "inflate": 0
            },
            {
              "origin": [
                -1.0,
                14.0,
                5.0
              ],
              "size": [
                2.0,
                20.0,
                1.0
              ],
              "uv": [
                18,
                62
              ],
              "inflate": 0
            },
            {
              "origin": [
                -1.0,
                14.0,
                -6.0
              ],
              "size": [
                2.0,
                20.0,
                1.0
              ],
              "uv": [
                12,
                62
              ],
              "inflate": 0
            }
          ],
          "parent": "Fullpillarblock",
          "rotation": [
            0,
            90,
            0
          ]
        },
        {
          "name": "bone8",
          "pivot": [
            0,
            32,
            0
          ],
          "cubes": [
            {
              "origin": [
                -1.0,
                16.0,
                0.0
              ],
              "size": [
                2.0,
                16.0,
                5.0
              ],
              "uv": [
                28,
                21
              ],
              "inflate": 0
            }
          ],
          "parent": "Fullpillarblock",
          "rotation": [
            0,
            22.5,
            0
          ]
        },
        {
          "name": "bone",
          "pivot": [
            0,
            32,
            0
          ],
          "cubes": [
            {
              "origin": [
                -1.0,
                16.0,
                0.0
              ],
              "size": [
                2.0,
                16.0,
                5.0
              ],
              "uv": [
                37,
                37
              ],
              "inflate": 0
            },
            {
              "origin": [
                -1.0,
                14.0,
                5.0
              ],
              "size": [
                2.0,
                20.0,
                1.0
              ],
              "uv": [
                24,
                62
              ],
              "inflate": 0
            },
            {
              "origin": [
                -1.0,
                14.0,
                -6.0
              ],
              "size": [
                2.0,
                20.0,
                1.0
              ],
              "uv": [
                6,
                62
              ],
              "inflate": 0
            }
          ],
          "parent": "Fullpillarblock"
        }
      ]
    }
  ]
}