{
  "format_version": "1.12.0",
  "minecraft:geometry": [
    {
      "description": {
        "identifier": "geometry.ms_peacock",
        "texture_width": 128,
        "texture_height": 128,
        "visible_bounds_width": 7,
        "visible_bounds_height": 4.5,
        "visible_bounds_offset": [
          0,
          1.75,
          0
        ]
      },
      "bones": [
        {
          "name": "Peacock"
        },
        {
          "name": "Body",
          "pivot": [
            0,
            11,
            0
          ],
          "cubes": [
            {
              "origin": [
                -4.0,
                11.0,
                -6.0
              ],
              "size": [
                8.0,
                8.0,
                14.0
              ],
              "uv": [
                51,
                51
              ],
              "inflate": 0
            },
            {
              "origin": [
                -3.0,
                12.0,
                6.0
              ],
              "size": [
                6.0,
                6.0,
                7.0
              ],
              "pivot": [
                0.0,
                15.0,
                7.5
              ],
              "rotation": [
                -25.0,
                0.0,
                0.0
              ],
              "uv": [
                54,
                73
              ],
              "inflate": 0
            },
            {
              "origin": [
                -3.5,
                19.0,
                -5.5
              ],
              "size": [
                7.0,
                1.0,
                13.0
              ],
              "uv": [
                27,
                73
              ],
              "inflate": 0
            },
            {
              "origin": [
                -3.5,
                10.0,
                -5.5
              ],
              "size": [
                7.0,
                1.0,
                13.0
              ],
              "uv": [
                0,
                65
              ],
              "inflate": 0
            },
            {
              "origin": [
                4.0,
                11.5,
                -5.5
              ],
              "size": [
                1.0,
                7.0,
                13.0
              ],
              "uv": [
                67,
                73
              ],
              "inflate": 0
            },
            {
              "origin": [
                -5.0,
                11.5,
                -5.5
              ],
              "size": [
                1.0,
                7.0,
                13.0
              ],
              "uv": [
                0,
                0
              ],
              "inflate": 0
            }
          ],
          "parent": "Peacock"
        },
        {
          "name": "Wing",
          "pivot": [
            4,
            19,
            -6
          ],
          "cubes": [
            {
              "origin": [
                4.0,
                19.0,
                -11.0
              ],
              "size": [
                26.0,
                0.0,
                13.0
              ],
              "uv": [
                0,
                52
              ],
              "inflate": 0
            }
          ],
          "parent": "Body",
          "rotation": [
            0,
            -55,
            65
          ]
        },
        {
          "name": "Wing2",
          "pivot": [
            -4,
            19,
            -6
          ],
          "cubes": [
            {
              "origin": [
                -30.0,
                19.0,
                -11.0
              ],
              "size": [
                26.0,
                0.0,
                13.0
              ],
              "uv": [
                0,
                39
              ],
              "inflate": 0
            }
          ],
          "parent": "Body",
          "rotation": [
            0,
            57.5,
            -75
          ]
        },
        {
          "name": "Face",
          "pivot": [
            0,
            13.61546,
            -5.89968
          ],
          "cubes": [
            {
              "origin": [
                -4.0,
                11.0,
                -12.0
              ],
              "size": [
                8.0,
                8.0,
                6.0
              ],
              "pivot": [
                0.0,
                11.0,
                -6.0
              ],
              "rotation": [
                -37.5,
                0.0,
                0.0
              ],
              "uv": [
                0,
                20
              ],
              "inflate": 0
            },
            {
              "origin": [
                -3.5,
                15.32568,
                -16.14018
              ],
              "size": [
                7.0,
                7.0,
                6.0
              ],
              "pivot": [
                0.0,
                15.65227,
                -10.70513
              ],
              "rotation": [
                -57.5,
                0.0,
                0.0
              ],
              "uv": [
                81,
                33
              ],
              "inflate": 0
            }
          ],
          "parent": "Body",
          "rotation": [
            22.5,
            0,
            0
          ]
        },
        {
          "name": "bone5",
          "pivot": [
            0,
            20.88718,
            -9.89355
          ],
          "cubes": [
            {
              "origin": [
                -3.0,
                19.62058,
                -18.93442
              ],
              "size": [
                6.0,
                6.0,
                7.0
              ],
              "pivot": [
                -0.25,
                20.47139,
                -12.56085
              ],
              "rotation": [
                -99.0,
                0.0,
                0.0
              ],
              "uv": [
                0,
                79
              ],
              "inflate": 0
            },
            {
              "origin": [
                -2.0,
                25.42083,
                -11.22326
              ],
              "size": [
                4.0,
                4.0,
                7.0
              ],
              "pivot": [
                0.0,
                29.6576,
                -4.40711
              ],
              "rotation": [
                -81.5,
                0.0,
                0.0
              ],
              "uv": [
                81,
                46
              ],
              "inflate": 0
            },
            {
              "origin": [
                -2.5,
                22.76144,
                -14.3443
              ],
              "size": [
                5.0,
                5.0,
                7.0
              ],
              "pivot": [
                0.0,
                25.88718,
                -8.89355
              ],
              "rotation": [
                -124.0,
                0.0,
                0.0
              ],
              "uv": [
                15,
                0
              ],
              "inflate": 0
            }
          ],
          "parent": "Face",
          "rotation": [
            -10,
            0,
            0
          ]
        },
        {
          "name": "bone6",
          "pivot": [
            0,
            36.19075,
            -7.44443
          ],
          "cubes": [
            {
              "origin": [
                -1.5,
                34.48424,
                -13.75899
              ],
              "size": [
                3.0,
                3.0,
                8.0
              ],
              "pivot": [
                0.0,
                36.52983,
                -7.14413
              ],
              "rotation": [
                -31.5,
                0.0,
                0.0
              ],
              "uv": [
                65,
                39
              ],
              "inflate": 0
            },
            {
              "origin": [
                0.0,
                30.19075,
                -15.44443
              ],
              "size": [
                0.0,
                6.0,
                6.0
              ],
              "pivot": [
                0.0,
                39.19075,
                -14.44443
              ],
              "rotation": [
                -79.0,
                0.0,
                0.0
              ],
              "uv": [
                0,
                0
              ],
              "inflate": 0
            },
            {
              "origin": [
                -2.0,
                36.19075,
                -17.44443
              ],
              "size": [
                4.0,
                6.0,
                6.0
              ],
              "pivot": [
                0.0,
                39.19075,
                -14.44443
              ],
              "rotation": [
                -79.0,
                0.0,
                0.0
              ],
              "uv": [
                82,
                73
              ],
              "inflate": 0
            },
            {
              "origin": [
                0.0,
                36.19075,
                -23.44443
              ],
              "size": [
                0.0,
                10.0,
                9.0
              ],
              "pivot": [
                0.0,
                39.19075,
                -14.44443
              ],
              "rotation": [
                -79.0,
                0.0,
                0.0
              ],
              "uv": [
                26,
                78
              ],
              "inflate": 0
            }
          ],
          "parent": "bone5"
        },
        {
          "name": "Pisara",
          "pivot": [
            0,
            15,
            8
          ],
          "parent": "Body",
          "rotation": [
            -27.5,
            0,
            0
          ]
        },
        {
          "name": "Feather",
          "pivot": [
            0,
            19,
            8
          ],
          "cubes": [
            {
              "origin": [
                -12.0,
                19.0,
                8.0
              ],
              "size": [
                24.0,
                0.0,
                39.0
              ],
              "uv": [
                0,
                0
              ],
              "inflate": 0
            }
          ],
          "parent": "Pisara"
        },
        {
          "name": "Feather4",
          "pivot": [
            0,
            19,
            8
          ],
          "cubes": [
            {
              "origin": [
                -12.0,
                19.0,
                8.0
              ],
              "size": [
                24.0,
                0.0,
                39.0
              ],
              "uv": [
                0,
                0
              ],
              "inflate": 0
            }
          ],
          "parent": "Pisara"
        },
        {
          "name": "Feather5",
          "pivot": [
            0,
            19,
            8
          ],
          "cubes": [
            {
              "origin": [
                -12.0,
                19.0,
                8.0
              ],
              "size": [
                24.0,
                0.0,
                39.0
              ],
              "uv": [
                0,
                0
              ],
              "inflate": 0
            }
          ],
          "parent": "Pisara"
        },
        {
          "name": "Feather2",
          "pivot": [
            0,
            19,
            8
          ],
          "cubes": [
            {
              "origin": [
                -12.0,
                19.0,
                8.0
              ],
              "size": [
                24.0,
                0.0,
                39.0
              ],
              "uv": [
                0,
                0
              ],
              "inflate": 0
            }
          ],
          "parent": "Pisara"
        },
        {
          "name": "Feather3",
          "pivot": [
            0,
            19,
            8
          ],
          "cubes": [
            {
              "origin": [
                -12.0,
                19.0,
                8.0
              ],
              "size": [
                24.0,
                0.0,
                39.0
              ],
              "uv": [
                0,
                0
              ],
              "inflate": 0
            }
          ],
          "parent": "Pisara"
        },
        {
          "name": "Legs",
          "pivot": [
            0,
            10,
            0
          ],
          "parent": "Peacock"
        },
        {
          "name": "Leg1",
          "pivot": [
            4,
            10,
            0
          ],
          "cubes": [
            {
              "origin": [
                3.0,
                6.0,
                -2.0
              ],
              "size": [
                2.0,
                7.0,
                3.0
              ],
              "uv": [
                28,
                22
              ],
              "inflate": 0
            }
          ],
          "parent": "Legs",
          "rotation": [
            27.5,
            0,
            0
          ]
        },
        {
          "name": "bone",
          "pivot": [
            4,
            6,
            -1
          ],
          "cubes": [
            {
              "origin": [
                3.0,
                0.0,
                -2.0
              ],
              "size": [
                2.0,
                7.0,
                2.0
              ],
              "uv": [
                0,
                43
              ],
              "inflate": 0
            }
          ],
          "parent": "Leg1",
          "rotation": [
            -40,
            0,
            0
          ]
        },
        {
          "name": "bone2",
          "pivot": [
            4,
            0,
            -1
          ],
          "cubes": [
            {
              "origin": [
                3.0,
                0.0,
                -4.0
              ],
              "size": [
                2.0,
                1.0,
                4.0
              ],
              "uv": [
                24,
                32
              ],
              "inflate": 0
            },
            {
              "origin": [
                4.0,
                0.0,
                0.0
              ],
              "size": [
                0.0,
                1.0,
                2.0
              ],
              "uv": [
                4,
                3
              ],
              "inflate": 0
            },
            {
              "origin": [
                3.0,
                0.0,
                -6.0
              ],
              "size": [
                0.0,
                1.0,
                2.0
              ],
              "uv": [
                8,
                1
              ],
              "inflate": 0
            },
            {
              "origin": [
                5.0,
                0.0,
                -6.0
              ],
              "size": [
                0.0,
                1.0,
                2.0
              ],
              "uv": [
                8,
                0
              ],
              "inflate": 0
            }
          ],
          "parent": "bone",
          "rotation": [
            12.5,
            0,
            0
          ]
        },
        {
          "name": "Leg2",
          "pivot": [
            -4,
            10,
            0
          ],
          "cubes": [
            {
              "origin": [
                -5.0,
                6.0,
                -2.0
              ],
              "size": [
                2.0,
                7.0,
                3.0
              ],
              "uv": [
                28,
                12
              ],
              "inflate": 0
            }
          ],
          "parent": "Legs",
          "rotation": [
            27.5,
            0,
            0
          ]
        },
        {
          "name": "bone3",
          "pivot": [
            -4,
            6,
            -1
          ],
          "cubes": [
            {
              "origin": [
                -5.0,
                0.0,
                -2.0
              ],
              "size": [
                2.0,
                7.0,
                2.0
              ],
              "uv": [
                0,
                34
              ],
              "inflate": 0
            }
          ],
          "parent": "Leg2",
          "rotation": [
            -40,
            0,
            0
          ]
        },
        {
          "name": "bone4",
          "pivot": [
            -4,
            0,
            -1
          ],
          "cubes": [
            {
              "origin": [
                -5.0,
                0.0,
                -4.0
              ],
              "size": [
                2.0,
                1.0,
                4.0
              ],
              "uv": [
                0,
                0
              ],
              "inflate": 0
            },
            {
              "origin": [
                -4.0,
                0.0,
                0.0
              ],
              "size": [
                0.0,
                1.0,
                2.0
              ],
              "uv": [
                0,
                3
              ],
              "inflate": 0
            },
            {
              "origin": [
                -5.0,
                0.0,
                -6.0
              ],
              "size": [
                0.0,
                1.0,
                2.0
              ],
              "uv": [
                0,
                1
              ],
              "inflate": 0
            },
            {
              "origin": [
                -3.0,
                0.0,
                -6.0
              ],
              "size": [
                0.0,
                1.0,
                2.0
              ],
              "uv": [
                0,
                0
              ],
              "inflate": 0
            }
          ],
          "parent": "bone3",
          "rotation": [
            12.5,
            0,
            0
          ]
        }
      ]
    }
  ]
}