{
  "format_version": "1.10.0",
  "geometry.ms_pushp_mala": {
    "texturewidth": 32,
    "textureheight": 32,
    "visible_bounds_width": 3,
    "visible_bounds_height": 4,
    "visible_bounds_offset": [
      0,
      2,
      0
    ],
    "bones": [
      {
        "name": "head",
        "pivot": [
          0,
          24,
          0
        ],
        "cubes": [
          {
            "origin": [
              6.0,
              30.0,
              -6.0
            ],
            "size": [
              2.0,
              2.0,
              11.0
            ],
            "uv": [
              0,
              13
            ],
            "inflate": 0.6
          },
          {
            "origin": [
              -8.0,
              30.0,
              -6.0
            ],
            "size": [
              2.0,
              2.0,
              11.0
            ],
            "uv": [
              0,
              0
            ],
            "inflate": 0.6
          },
          {
            "origin": [
              -7.0,
              23.0,
              -6.0
            ],
            "size": [
              2.0,
              6.0,
              2.0
            ],
            "uv": [
              23,
              13
            ],
            "inflate": 0.6
          },
          {
            "origin": [
              5.0,
              23.0,
              -6.0
            ],
            "size": [
              2.0,
              6.0,
              2.0
            ],
            "uv": [
              23,
              0
            ],
            "inflate": 0.6
          },
          {
            "origin": [
              4.0,
              16.0,
              -6.0
            ],
            "size": [
              2.0,
              6.0,
              2.0
            ],
            "uv": [
              15,
              13
            ],
            "inflate": 0.6
          },
          {
            "origin": [
              -6.0,
              16.0,
              -6.0
            ],
            "size": [
              2.0,
              6.0,
              2.0
            ],
            "uv": [
              15,
              0
            ],
            "inflate": 0.6
          },
          {
            "origin": [
              -5.0,
              9.0,
              -6.0
            ],
            "size": [
              2.0,
              6.0,
              2.0
            ],
            "uv": [
              0,
              13
            ],
            "inflate": 0.6
          },
          {
            "origin": [
              3.0,
              9.0,
              -6.0
            ],
            "size": [
              2.0,
              6.0,
              2.0
            ],
            "uv": [
              0,
              0
            ],
            "inflate": 0.6
          },
          {
            "origin": [
              2.0,
              6.0,
              -6.0
            ],
            "size": [
              2.0,
              2.0,
              2.0
            ],
            "uv": [
              8,
              26
            ],
            "inflate": 0.6
          },
          {
            "origin": [
              -4.0,
              6.0,
              -6.0
            ],
            "size": [
              2.0,
              2.0,
              2.0
            ],
            "uv": [
              0,
              26
            ],
            "inflate": 0.6
          },
          {
            "origin": [
              -1.0,
              3.0,
              -6.0
            ],
            "size": [
              2.0,
              2.0,
              2.0
            ],
            "uv": [
              24,
              24
            ],
            "inflate": 0.6
          }
        ]
      },
      {
        "name": "bone10",
        "pivot": [
          4.5,
          36.75,
          2
        ],
        "parent": "head",
        "rotation": [
          0,
          0,
          -27.5
        ]
      },
      {
        "name": "bone11",
        "pivot": [
          4.5,
          36.75,
          2
        ],
        "parent": "head",
        "rotation": [
          0,
          0,
          -50
        ]
      },
      {
        "name": "bone12",
        "pivot": [
          4.5,
          36.75,
          2
        ],
        "parent": "head",
        "rotation": [
          0,
          0,
          -70
        ]
      },
      {
        "name": "bone2",
        "pivot": [
          4.5,
          36.75,
          2
        ],
        "parent": "head",
        "rotation": [
          0,
          0,
          22.5
        ]
      },
      {
        "name": "bone",
        "pivot": [
          4.5,
          36.75,
          2
        ],
        "parent": "bone2",
        "rotation": [
          0,
          0,
          -2.5
        ]
      },
      {
        "name": "bone3",
        "pivot": [
          4.5,
          36.75,
          2
        ],
        "parent": "head",
        "rotation": [
          0,
          0,
          45
        ]
      },
      {
        "name": "bone4",
        "pivot": [
          4.5,
          36.75,
          2
        ],
        "parent": "head",
        "rotation": [
          0,
          0,
          67.5
        ]
      },
      {
        "name": "bone5",
        "pivot": [
          4.5,
          36.75,
          2
        ],
        "parent": "head",
        "rotation": [
          0,
          0,
          90
        ]
      },
      {
        "name": "bone6",
        "pivot": [
          4.5,
          36.75,
          2
        ],
        "parent": "head",
        "rotation": [
          0,
          0,
          112.5
        ]
      },
      {
        "name": "bone7",
        "pivot": [
          4.5,
          36.75,
          2
        ],
        "parent": "head",
        "rotation": [
          0,
          0,
          135
        ]
      },
      {
        "name": "bone8",
        "pivot": [
          4.5,
          36.75,
          2
        ],
        "parent": "head",
        "rotation": [
          0,
          0,
          157.5
        ]
      },
      {
        "name": "bone9",
        "pivot": [
          4.5,
          36.75,
          2
        ],
        "parent": "head",
        "rotation": [
          0,
          0,
          157.5
        ]
      },
      {
        "name": "bone13",
        "pivot": [
          -0.5,
          33.5,
          -5.5
        ],
        "parent": "head",
        "rotation": [
          0,
          0,
          25
        ]
      }
    ]
  }
}