{
  "format_version": "1.12.0",
  "minecraft:geometry": [
    {
      "description": {
        "identifier": "geometry.ms_sita",
        "texture_width": 128,
        "texture_height": 128,
        "visible_bounds_width": 5,
        "visible_bounds_height": 5,
        "visible_bounds_offset": [
          0,
          1.5,
          0
        ]
      },
      "bones": [
        {
          "name": "Man"
        },
        {
          "name": "Legs",
          "cubes": [
            {
              "origin": [
                -5.0,
                21.0,
                -1.25
              ],
              "size": [
                10.0,
                2.0,
                6.0
              ],
              "uv": [
                46,
                48
              ],
              "inflate": 0
            },
            {
              "origin": [
                -5.0,
                2.0,
                -3.0
              ],
              "size": [
                11.0,
                19.0,
                0.0
              ],
              "uv": [
                46,
                10
              ],
              "inflate": 0
            },
            {
              "origin": [
                -1.0,
                2.0,
                -2.0
              ],
              "size": [
                2.0,
                19.0,
                6.0
              ],
              "uv": [
                30,
                48
              ],
              "inflate": 0
            }
          ],
          "parent": "Man"
        },
        {
          "name": "Leg",
          "pivot": [
            -3,
            21,
            2
          ],
          "parent": "Legs"
        },
        {
          "name": "Joinleg",
          "pivot": [
            -2.5,
            21,
            1.5
          ],
          "cubes": [
            {
              "origin": [
                -5.0,
                12.0,
                -1.0
              ],
              "size": [
                5.0,
                9.0,
                5.0
              ],
              "uv": [
                74,
                51
              ],
              "inflate": 0
            },
            {
              "origin": [
                -5.25,
                12.0,
                -2.0
              ],
              "size": [
                7.0,
                9.0,
                7.0
              ],
              "uv": [
                28,
                32
              ],
              "inflate": 0
            }
          ],
          "parent": "Leg",
          "rotation": [
            0,
            15,
            5
          ]
        },
        {
          "name": "Midleg",
          "pivot": [
            -2.5,
            12,
            1.25
          ],
          "cubes": [
            {
              "origin": [
                -4.5,
                3.0,
                -0.75
              ],
              "size": [
                5.0,
                9.0,
                5.0
              ],
              "uv": [
                41,
                74
              ],
              "inflate": 0
            }
          ],
          "parent": "Joinleg",
          "rotation": [
            0,
            -7.5,
            -5
          ]
        },
        {
          "name": "Paul",
          "pivot": [
            -2.48864,
            3,
            1.29545
          ],
          "cubes": [
            {
              "origin": [
                -5.0,
                0.0,
                2.0
              ],
              "size": [
                5.0,
                1.0,
                3.0
              ],
              "uv": [
                90,
                11
              ],
              "inflate": 0
            },
            {
              "origin": [
                -5.0,
                0.0,
                -3.0
              ],
              "size": [
                5.0,
                1.0,
                3.0
              ],
              "uv": [
                87,
                71
              ],
              "inflate": 0
            },
            {
              "origin": [
                -5.0,
                0.5,
                0.0
              ],
              "size": [
                5.0,
                1.0,
                2.0
              ],
              "uv": [
                94,
                55
              ],
              "inflate": 0
            },
            {
              "origin": [
                -5.0,
                0.0,
                -5.0
              ],
              "size": [
                1.0,
                1.0,
                2.0
              ],
              "uv": [
                40,
                10
              ],
              "inflate": 0
            },
            {
              "origin": [
                -4.0,
                0.0,
                -5.5
              ],
              "size": [
                1.0,
                1.0,
                3.0
              ],
              "uv": [
                94,
                58
              ],
              "inflate": 0
            },
            {
              "origin": [
                -3.0,
                0.0,
                -5.75
              ],
              "size": [
                1.0,
                1.0,
                3.0
              ],
              "uv": [
                68,
                93
              ],
              "inflate": 0
            },
            {
              "origin": [
                -2.0,
                0.0,
                -6.0
              ],
              "size": [
                1.0,
                1.0,
                3.0
              ],
              "uv": [
                43,
                88
              ],
              "inflate": 0
            },
            {
              "origin": [
                -1.0,
                0.0,
                -5.75
              ],
              "size": [
                1.25,
                1.0,
                3.0
              ],
              "uv": [
                84,
                0
              ],
              "inflate": 0
            },
            {
              "origin": [
                -5.0,
                1.0,
                -2.25
              ],
              "size": [
                5.0,
                1.0,
                7.0
              ],
              "uv": [
                80,
                76
              ],
              "inflate": 0
            },
            {
              "origin": [
                -5.0,
                2.0,
                -1.25
              ],
              "size": [
                5.0,
                1.0,
                5.0
              ],
              "uv": [
                19,
                87
              ],
              "inflate": 0
            },
            {
              "origin": [
                -5.0,
                0.5,
                -4.25
              ],
              "size": [
                5.0,
                1.0,
                2.0
              ],
              "uv": [
                94,
                31
              ],
              "inflate": 0
            }
          ],
          "parent": "Midleg"
        },
        {
          "name": "Leg2",
          "pivot": [
            2,
            21,
            2
          ],
          "parent": "Legs"
        },
        {
          "name": "Joinleg2",
          "pivot": [
            2.5,
            21,
            1.5
          ],
          "cubes": [
            {
              "origin": [
                0.0,
                12.0,
                -1.0
              ],
              "size": [
                5.0,
                9.0,
                5.0
              ],
              "uv": [
                21,
                73
              ],
              "inflate": 0
            },
            {
              "origin": [
                -1.5,
                12.0,
                -2.0
              ],
              "size": [
                7.0,
                9.0,
                7.0
              ],
              "uv": [
                0,
                30
              ],
              "inflate": 0
            }
          ],
          "parent": "Leg2",
          "rotation": [
            0,
            -15,
            -5
          ]
        },
        {
          "name": "Midleg2",
          "pivot": [
            2.5,
            12,
            1.25
          ],
          "cubes": [
            {
              "origin": [
                -0.5,
                3.0,
                -0.75
              ],
              "size": [
                5.0,
                9.0,
                5.0
              ],
              "uv": [
                67,
                69
              ],
              "inflate": 0
            }
          ],
          "parent": "Joinleg2",
          "rotation": [
            2.50954,
            4.99523,
            5.21865
          ]
        },
        {
          "name": "Paul2",
          "pivot": [
            2.51136,
            3,
            1.29545
          ],
          "cubes": [
            {
              "origin": [
                0.0,
                0.0,
                2.0
              ],
              "size": [
                5.0,
                1.0,
                3.0
              ],
              "uv": [
                0,
                75
              ],
              "inflate": 0
            },
            {
              "origin": [
                0.0,
                0.0,
                -3.0
              ],
              "size": [
                5.0,
                1.0,
                3.0
              ],
              "uv": [
                71,
                65
              ],
              "inflate": 0
            },
            {
              "origin": [
                0.0,
                0.5,
                0.0
              ],
              "size": [
                5.0,
                1.0,
                2.0
              ],
              "uv": [
                94,
                28
              ],
              "inflate": 0
            },
            {
              "origin": [
                4.0,
                0.0,
                -5.0
              ],
              "size": [
                1.0,
                1.0,
                2.0
              ],
              "uv": [
                0,
                34
              ],
              "inflate": 0
            },
            {
              "origin": [
                3.0,
                0.0,
                -5.5
              ],
              "size": [
                1.0,
                1.0,
                3.0
              ],
              "uv": [
                13,
                76
              ],
              "inflate": 0
            },
            {
              "origin": [
                2.0,
                0.0,
                -5.75
              ],
              "size": [
                1.0,
                1.0,
                3.0
              ],
              "uv": [
                56,
                74
              ],
              "inflate": 0
            },
            {
              "origin": [
                1.0,
                0.0,
                -6.0
              ],
              "size": [
                1.0,
                1.0,
                3.0
              ],
              "uv": [
                68,
                23
              ],
              "inflate": 0
            },
            {
              "origin": [
                0.0,
                0.0,
                -5.75
              ],
              "size": [
                1.25,
                1.0,
                3.0
              ],
              "uv": [
                22,
                67
              ],
              "inflate": 0
            },
            {
              "origin": [
                0.0,
                1.0,
                -2.25
              ],
              "size": [
                5.0,
                1.0,
                7.0
              ],
              "uv": [
                0,
                80
              ],
              "inflate": 0
            },
            {
              "origin": [
                0.0,
                2.0,
                -1.25
              ],
              "size": [
                5.0,
                1.0,
                5.0
              ],
              "uv": [
                79,
                84
              ],
              "inflate": 0
            },
            {
              "origin": [
                0.0,
                0.5,
                -4.25
              ],
              "size": [
                5.0,
                1.0,
                2.0
              ],
              "uv": [
                89,
                25
              ],
              "inflate": 0
            }
          ],
          "parent": "Midleg2"
        },
        {
          "name": "Body",
          "pivot": [
            0,
            21,
            0
          ],
          "cubes": [
            {
              "origin": [
                -4.0,
                21.0,
                -1.0
              ],
              "size": [
                8.0,
                2.0,
                5.0
              ],
              "uv": [
                79,
                34
              ],
              "inflate": 0
            },
            {
              "origin": [
                -5.0,
                27.0,
                -1.0
              ],
              "size": [
                10.0,
                7.0,
                5.0
              ],
              "uv": [
                0,
                46
              ],
              "inflate": 0
            },
            {
              "origin": [
                -5.0,
                24.0,
                -2.0
              ],
              "size": [
                10.0,
                11.0,
                1.0
              ],
              "uv": [
                68,
                11
              ],
              "inflate": 0
            },
            {
              "origin": [
                -4.5,
                33.25,
                -1.0
              ],
              "size": [
                9.0,
                1.0,
                5.0
              ],
              "uv": [
                68,
                5
              ],
              "inflate": 0
            },
            {
              "origin": [
                -4.0,
                33.75,
                -1.0
              ],
              "size": [
                8.0,
                1.0,
                5.0
              ],
              "uv": [
                79,
                43
              ],
              "inflate": 0
            },
            {
              "origin": [
                -4.5,
                23.0,
                -1.0
              ],
              "size": [
                9.0,
                4.0,
                5.0
              ],
              "uv": [
                56,
                39
              ],
              "inflate": 0
            },
            {
              "origin": [
                -5.5,
                23.0,
                -1.25
              ],
              "size": [
                5.0,
                16.0,
                6.0
              ],
              "pivot": [
                -4.5,
                22.0,
                1.25
              ],
              "rotation": [
                0.0,
                0.0,
                37.5
              ],
              "uv": [
                24,
                10
              ],
              "inflate": 0
            },
            {
              "origin": [
                5.05559,
                34.09577,
                4.75
              ],
              "size": [
                35.0,
                10.0,
                0.0
              ],
              "pivot": [
                5.05559,
                36.09577,
                4.75
              ],
              "rotation": [
                0.0,
                -10.0,
                110.0
              ],
              "uv": [
                0,
                0
              ],
              "inflate": 0
            }
          ],
          "parent": "Man"
        },
        {
          "name": "Head",
          "pivot": [
            0,
            35,
            2
          ],
          "cubes": [
            {
              "origin": [
                -1.5,
                34.75,
                0.0
              ],
              "size": [
                3.0,
                2.0,
                3.0
              ],
              "uv": [
                40,
                48
              ],
              "inflate": 0
            },
            {
              "origin": [
                -3.0,
                36.0,
                -1.0
              ],
              "size": [
                6.0,
                6.0,
                5.0
              ],
              "uv": [
                72,
                23
              ],
              "inflate": 0
            },
            {
              "origin": [
                0.25,
                35.5,
                -1.5
              ],
              "size": [
                3.0,
                2.0,
                2.0
              ],
              "uv": [
                36,
                73
              ],
              "inflate": 0
            },
            {
              "origin": [
                -6.0,
                24.0,
                6.0
              ],
              "size": [
                12.0,
                20.0,
                0.0
              ],
              "uv": [
                0,
                10
              ],
              "inflate": 0
            },
            {
              "origin": [
                -3.5,
                42.0,
                -1.0
              ],
              "size": [
                7.0,
                3.0,
                6.0
              ],
              "uv": [
                0,
                58
              ],
              "inflate": 0
            },
            {
              "origin": [
                -4.0,
                42.0,
                2.0
              ],
              "size": [
                8.0,
                5.0,
                1.0
              ],
              "uv": [
                0,
                88
              ],
              "inflate": 0
            },
            {
              "origin": [
                -3.0,
                45.0,
                -0.5
              ],
              "size": [
                6.0,
                1.0,
                5.0
              ],
              "uv": [
                82,
                65
              ],
              "inflate": 0
            },
            {
              "origin": [
                -2.5,
                46.0,
                0.0
              ],
              "size": [
                5.0,
                1.0,
                4.0
              ],
              "uv": [
                70,
                0
              ],
              "inflate": 0
            },
            {
              "origin": [
                -3.5,
                47.0,
                2.0
              ],
              "size": [
                7.0,
                5.0,
                0.0
              ],
              "uv": [
                21,
                32
              ],
              "inflate": 0
            },
            {
              "origin": [
                -3.5,
                35.0,
                4.0
              ],
              "size": [
                7.0,
                8.0,
                2.0
              ],
              "uv": [
                61,
                83
              ],
              "inflate": 0
            },
            {
              "origin": [
                -3.5,
                38.0,
                2.0
              ],
              "size": [
                7.0,
                4.0,
                2.0
              ],
              "uv": [
                89,
                49
              ],
              "inflate": 0
            },
            {
              "origin": [
                3.5,
                35.0,
                -1.0
              ],
              "size": [
                0.0,
                7.0,
                5.0
              ],
              "pivot": [
                3.5,
                41.5,
                1.5
              ],
              "rotation": [
                0.0,
                10.0,
                -20.0
              ],
              "uv": [
                79,
                85
              ],
              "inflate": 0
            },
            {
              "origin": [
                -4.5,
                35.0,
                2.0
              ],
              "size": [
                2.0,
                7.0,
                2.0
              ],
              "pivot": [
                -3.5,
                41.5,
                1.5
              ],
              "rotation": [
                2.61298,
                -9.65594,
                4.77926
              ],
              "uv": [
                0,
                94
              ],
              "inflate": 0
            },
            {
              "origin": [
                -5.91809,
                34.99863,
                -1.74521
              ],
              "size": [
                2.0,
                2.0,
                6.0
              ],
              "pivot": [
                -3.91809,
                35.99863,
                1.25479
              ],
              "rotation": [
                5.10017,
                7.82624,
                5.57214
              ],
              "uv": [
                89,
                17
              ],
              "inflate": 0
            },
            {
              "origin": [
                -7.2811,
                26.88014,
                -1.60061
              ],
              "size": [
                3.0,
                10.0,
                1.0
              ],
              "pivot": [
                -5.37729,
                36.37265,
                -1.5253
              ],
              "rotation": [
                -2.39983,
                7.82624,
                5.57214
              ],
              "uv": [
                25,
                93
              ],
              "inflate": 0
            },
            {
              "origin": [
                -7.2811,
                26.88014,
                -1.60061
              ],
              "size": [
                3.0,
                10.0,
                1.0
              ],
              "pivot": [
                -5.37729,
                36.37265,
                -1.5253
              ],
              "rotation": [
                -3.72821,
                7.29033,
                -4.50128
              ],
              "uv": [
                17,
                93
              ],
              "inflate": 0
            },
            {
              "origin": [
                -3.5,
                38.0,
                1.0
              ],
              "size": [
                1.0,
                2.0,
                1.0
              ],
              "uv": [
                56,
                39
              ],
              "inflate": 0
            },
            {
              "origin": [
                2.5,
                38.0,
                1.0
              ],
              "size": [
                1.0,
                2.0,
                1.0
              ],
              "uv": [
                49,
                31
              ],
              "inflate": 0
            },
            {
              "origin": [
                2.5,
                36.0,
                1.5
              ],
              "size": [
                2.0,
                2.0,
                0.0
              ],
              "uv": [
                30,
                52
              ],
              "inflate": 0
            },
            {
              "origin": [
                -4.5,
                36.0,
                1.5
              ],
              "size": [
                2.0,
                2.0,
                0.0
              ],
              "uv": [
                0,
                49
              ],
              "inflate": 0
            },
            {
              "origin": [
                -0.5,
                37.0,
                -1.75
              ],
              "size": [
                1.0,
                2.0,
                1.0
              ],
              "pivot": [
                0.5,
                37.0,
                -1.0
              ],
              "rotation": [
                -27.5,
                0.0,
                0.0
              ],
              "uv": [
                0,
                46
              ],
              "inflate": 0
            }
          ],
          "parent": "Body"
        },
        {
          "name": "Hand",
          "pivot": [
            5,
            34,
            1
          ],
          "cubes": [
            {
              "origin": [
                5.0,
                31.0,
                -1.0
              ],
              "size": [
                9.0,
                5.0,
                5.0
              ],
              "uv": [
                46,
                56
              ],
              "inflate": 0
            }
          ],
          "parent": "Body",
          "rotation": [
            -1.72018,
            -0.0081,
            72.80562
          ]
        },
        {
          "name": "Handm",
          "pivot": [
            13.75,
            34,
            0
          ],
          "cubes": [
            {
              "origin": [
                11.75,
                31.5,
                -0.5
              ],
              "size": [
                9.0,
                4.0,
                4.0
              ],
              "uv": [
                0,
                67
              ],
              "inflate": 0
            },
            {
              "origin": [
                15.75,
                31.0,
                -1.0
              ],
              "size": [
                2.0,
                5.0,
                5.0
              ],
              "uv": [
                48,
                88
              ],
              "inflate": 0
            }
          ],
          "parent": "Hand",
          "rotation": [
            82.58407,
            50.65535,
            101.79417
          ]
        },
        {
          "name": "Handfingers",
          "pivot": [
            20.58421,
            33.77778,
            1.47597
          ],
          "cubes": [
            {
              "origin": [
                19.74714,
                31.5,
                -0.63086
              ],
              "size": [
                2.0,
                4.0,
                4.0
              ],
              "uv": [
                91,
                0
              ],
              "inflate": 0
            },
            {
              "origin": [
                21.74714,
                31.5,
                -0.63086
              ],
              "size": [
                1.0,
                4.0,
                4.0
              ],
              "uv": [
                72,
                93
              ],
              "inflate": 0
            },
            {
              "origin": [
                24.24714,
                34.5,
                2.36914
              ],
              "size": [
                3.0,
                1.0,
                1.0
              ],
              "pivot": [
                24.24714,
                35.0,
                2.86914
              ],
              "rotation": [
                0.0,
                70.0,
                0.0
              ],
              "uv": [
                82,
                49
              ],
              "inflate": 0
            },
            {
              "origin": [
                24.24714,
                33.5,
                2.36914
              ],
              "size": [
                4.0,
                1.0,
                1.0
              ],
              "pivot": [
                24.74714,
                34.0,
                2.86914
              ],
              "rotation": [
                -180.0,
                70.0,
                180.0
              ],
              "uv": [
                72,
                49
              ],
              "inflate": 0
            },
            {
              "origin": [
                24.76222,
                32.5,
                2.28364
              ],
              "size": [
                3.0,
                1.0,
                1.0
              ],
              "pivot": [
                24.74714,
                33.0,
                2.86914
              ],
              "rotation": [
                -180.0,
                72.5,
                180.0
              ],
              "uv": [
                79,
                41
              ],
              "inflate": 0
            },
            {
              "origin": [
                24.74714,
                31.5,
                2.36914
              ],
              "size": [
                2.0,
                1.0,
                1.0
              ],
              "pivot": [
                24.74714,
                32.0,
                2.86914
              ],
              "rotation": [
                -180.0,
                70.0,
                180.0
              ],
              "uv": [
                30,
                50
              ],
              "inflate": 0
            },
            {
              "origin": [
                22.74714,
                31.5,
                1.36914
              ],
              "size": [
                2.0,
                4.0,
                2.0
              ],
              "uv": [
                8,
                94
              ],
              "inflate": 0
            },
            {
              "origin": [
                22.74714,
                33.5,
                -0.63086
              ],
              "size": [
                1.0,
                2.0,
                2.0
              ],
              "uv": [
                0,
                30
              ],
              "inflate": 0
            },
            {
              "origin": [
                23.74714,
                34.5,
                -0.63086
              ],
              "size": [
                2.0,
                1.0,
                1.0
              ],
              "pivot": [
                23.74714,
                35.0,
                -0.13086
              ],
              "rotation": [
                0.0,
                -27.5,
                0.0
              ],
              "uv": [
                40,
                13
              ],
              "inflate": 0
            }
          ],
          "parent": "Handm",
          "rotation": [
            90,
            0,
            42.5
          ]
        },
        {
          "name": "Hand2",
          "pivot": [
            -5,
            34,
            2
          ],
          "cubes": [
            {
              "origin": [
                -5.0,
                31.0,
                0.0
              ],
              "size": [
                9.0,
                5.0,
                5.0
              ],
              "uv": [
                49,
                29
              ],
              "inflate": 0
            }
          ],
          "parent": "Body",
          "rotation": [
            -178.49299,
            -4.76804,
            117.43726
          ]
        },
        {
          "name": "Handm2",
          "pivot": [
            3,
            33.5,
            2.5
          ],
          "cubes": [
            {
              "origin": [
                1.75,
                31.5,
                0.5
              ],
              "size": [
                9.0,
                4.0,
                4.0
              ],
              "uv": [
                46,
                66
              ],
              "inflate": 0
            },
            {
              "origin": [
                6.75,
                31.0,
                0.0
              ],
              "size": [
                2.0,
                5.0,
                5.0
              ],
              "uv": [
                34,
                88
              ],
              "inflate": 0
            }
          ],
          "parent": "Hand2",
          "rotation": [
            -167.71909,
            -52.18851,
            82.76333
          ]
        },
        {
          "name": "Handfingers2",
          "pivot": [
            10.25,
            33.5,
            2.5
          ],
          "cubes": [
            {
              "origin": [
                9.75,
                31.5,
                0.5
              ],
              "size": [
                2.0,
                4.0,
                4.0
              ],
              "uv": [
                89,
                90
              ],
              "inflate": 0
            },
            {
              "origin": [
                11.75,
                31.5,
                0.5
              ],
              "size": [
                1.0,
                4.0,
                4.0
              ],
              "uv": [
                62,
                93
              ],
              "inflate": 0
            },
            {
              "origin": [
                14.25,
                33.5,
                3.5
              ],
              "size": [
                3.0,
                1.0,
                1.0
              ],
              "pivot": [
                14.75,
                35.0,
                4.0
              ],
              "rotation": [
                -180.0,
                75.0,
                180.0
              ],
              "uv": [
                18,
                75
              ],
              "inflate": 0
            },
            {
              "origin": [
                14.25,
                32.5,
                3.5
              ],
              "size": [
                4.0,
                1.0,
                1.0
              ],
              "pivot": [
                14.75,
                35.0,
                4.0
              ],
              "rotation": [
                -180.0,
                77.5,
                180.0
              ],
              "uv": [
                25,
                48
              ],
              "inflate": 0
            },
            {
              "origin": [
                14.75,
                31.5,
                3.5
              ],
              "size": [
                3.0,
                1.0,
                1.0
              ],
              "pivot": [
                14.75,
                35.0,
                4.0
              ],
              "rotation": [
                -180.0,
                70.0,
                180.0
              ],
              "uv": [
                46,
                29
              ],
              "inflate": 0
            },
            {
              "origin": [
                14.75,
                34.5,
                3.5
              ],
              "size": [
                2.0,
                1.0,
                1.0
              ],
              "pivot": [
                14.75,
                35.0,
                4.0
              ],
              "rotation": [
                -180.0,
                75.0,
                180.0
              ],
              "uv": [
                28,
                37
              ],
              "inflate": 0
            },
            {
              "origin": [
                12.75,
                31.5,
                2.5
              ],
              "size": [
                2.0,
                4.0,
                2.0
              ],
              "uv": [
                20,
                58
              ],
              "inflate": 0
            },
            {
              "origin": [
                12.75,
                31.5,
                0.5
              ],
              "size": [
                1.0,
                2.0,
                2.0
              ],
              "uv": [
                24,
                10
              ],
              "inflate": 0
            },
            {
              "origin": [
                13.75,
                31.5,
                0.5
              ],
              "size": [
                2.0,
                1.0,
                1.0
              ],
              "pivot": [
                13.75,
                32.0,
                1.0
              ],
              "rotation": [
                0.0,
                -67.5,
                0.0
              ],
              "uv": [
                24,
                14
              ],
              "inflate": 0
            }
          ],
          "parent": "Handm2",
          "rotation": [
            158.30242,
            -40.96355,
            -19.05689
          ]
        }
      ]
    }
  ]
}