{
  "format_version": "1.12.0",
  "minecraft:geometry": [
    {
      "description": {
        "identifier": "geometry.ms_shiv_parvati",
        "texture_width": 256,
        "texture_height": 256,
        "visible_bounds_width": 6,
        "visible_bounds_height": 5,
        "visible_bounds_offset": [
          0,
          1.5,
          0
        ]
      },
      "bones": [
        {
          "name": "Shiv",
          "pivot": [
            -12,
            -6,
            0
          ]
        },
        {
          "name": "Legs",
          "pivot": [
            -12,
            17,
            -1
          ],
          "cubes": [
            {
              "origin": [
                -17.0,
                15.0,
                -6.25
              ],
              "size": [
                10.0,
                2.0,
                6.0
              ],
              "uv": [
                58,
                97
              ],
              "inflate": 0
            },
            {
              "origin": [
                -18.0,
                5.0,
                -14.0
              ],
              "size": [
                11.0,
                10.0,
                12.0
              ],
              "pivot": [
                -12.0,
                17.0,
                -1.0
              ],
              "rotation": [
                20.0,
                0.0,
                0.0
              ],
              "uv": [
                26,
                59
              ],
              "inflate": 0
            }
          ],
          "parent": "Shiv",
          "rotation": [
            -17.5,
            0,
            0
          ]
        },
        {
          "name": "Leg",
          "pivot": [
            -15,
            15,
            -3
          ],
          "parent": "Legs"
        },
        {
          "name": "Joinleg",
          "pivot": [
            -14.5,
            15,
            -3.5
          ],
          "cubes": [
            {
              "origin": [
                -17.0,
                6.0,
                -6.0
              ],
              "size": [
                5.0,
                9.0,
                5.0
              ],
              "uv": [
                120,
                0
              ],
              "inflate": 0
            }
          ],
          "parent": "Leg",
          "rotation": [
            -87.56371,
            30.18496,
            -27.17191
          ]
        },
        {
          "name": "Midleg",
          "pivot": [
            -14.5,
            6,
            -3.75
          ],
          "cubes": [
            {
              "origin": [
                -16.5,
                -3.0,
                -5.75
              ],
              "size": [
                4.0,
                9.0,
                4.0
              ],
              "uv": [
                39,
                134
              ],
              "inflate": 0
            }
          ],
          "parent": "Joinleg",
          "rotation": [
            109.60791,
            41.82889,
            -2.0851
          ]
        },
        {
          "name": "Paul",
          "pivot": [
            -14.48864,
            -3,
            -3.70455
          ],
          "cubes": [
            {
              "origin": [
                -17.0,
                -6.0,
                -3.0
              ],
              "size": [
                5.0,
                1.0,
                3.0
              ],
              "uv": [
                72,
                145
              ],
              "inflate": 0
            },
            {
              "origin": [
                -17.0,
                -6.0,
                -8.0
              ],
              "size": [
                5.0,
                1.0,
                3.0
              ],
              "uv": [
                102,
                144
              ],
              "inflate": 0
            },
            {
              "origin": [
                -17.0,
                -5.5,
                -5.0
              ],
              "size": [
                5.0,
                1.0,
                2.0
              ],
              "uv": [
                147,
                138
              ],
              "inflate": 0
            },
            {
              "origin": [
                -17.0,
                -6.0,
                -10.0
              ],
              "size": [
                1.0,
                1.0,
                2.0
              ],
              "uv": [
                87,
                126
              ],
              "inflate": 0
            },
            {
              "origin": [
                -16.0,
                -6.0,
                -10.5
              ],
              "size": [
                1.0,
                1.0,
                3.0
              ],
              "uv": [
                99,
                148
              ],
              "inflate": 0
            },
            {
              "origin": [
                -15.0,
                -6.0,
                -10.75
              ],
              "size": [
                1.0,
                1.0,
                3.0
              ],
              "uv": [
                148,
                87
              ],
              "inflate": 0
            },
            {
              "origin": [
                -14.0,
                -6.0,
                -11.0
              ],
              "size": [
                1.0,
                1.0,
                3.0
              ],
              "uv": [
                40,
                147
              ],
              "inflate": 0
            },
            {
              "origin": [
                -13.0,
                -6.0,
                -10.75
              ],
              "size": [
                1.25,
                1.0,
                3.0
              ],
              "uv": [
                130,
                145
              ],
              "inflate": 0
            },
            {
              "origin": [
                -17.0,
                -5.0,
                -7.25
              ],
              "size": [
                5.0,
                1.0,
                7.0
              ],
              "uv": [
                130,
                37
              ],
              "inflate": 0
            },
            {
              "origin": [
                -17.0,
                -4.0,
                -6.25
              ],
              "size": [
                5.0,
                1.0,
                5.0
              ],
              "uv": [
                136,
                69
              ],
              "inflate": 0
            },
            {
              "origin": [
                -17.0,
                -5.5,
                -9.25
              ],
              "size": [
                5.0,
                1.0,
                2.0
              ],
              "uv": [
                147,
                111
              ],
              "inflate": 0
            }
          ],
          "parent": "Midleg",
          "rotation": [
            57.5,
            77.5,
            -10
          ]
        },
        {
          "name": "Leg2",
          "pivot": [
            -10,
            15,
            -3
          ],
          "parent": "Legs"
        },
        {
          "name": "Joinleg2",
          "pivot": [
            -9.5,
            15,
            -3.5
          ],
          "cubes": [
            {
              "origin": [
                -12.0,
                4.0,
                -6.0
              ],
              "size": [
                5.0,
                11.0,
                5.0
              ],
              "uv": [
                111,
                108
              ],
              "inflate": 0
            }
          ],
          "parent": "Leg2",
          "rotation": [
            -55,
            -15,
            -5
          ]
        },
        {
          "name": "Midleg2",
          "pivot": [
            -9.5,
            6,
            -3.75
          ],
          "cubes": [
            {
              "origin": [
                -11.5,
                -3.0,
                -5.75
              ],
              "size": [
                4.0,
                9.0,
                4.0
              ],
              "uv": [
                122,
                132
              ],
              "inflate": 0
            }
          ],
          "parent": "Joinleg2",
          "rotation": [
            75,
            0,
            5
          ]
        },
        {
          "name": "Paul2",
          "pivot": [
            -9.48864,
            -1.7,
            -3.70455
          ],
          "cubes": [
            {
              "origin": [
                -12.0,
                -4.7,
                -3.0
              ],
              "size": [
                5.0,
                1.0,
                3.0
              ],
              "uv": [
                59,
                144
              ],
              "inflate": 0
            },
            {
              "origin": [
                -12.0,
                -4.7,
                -8.0
              ],
              "size": [
                5.0,
                1.0,
                3.0
              ],
              "uv": [
                144,
                31
              ],
              "inflate": 0
            },
            {
              "origin": [
                -12.0,
                -4.2,
                -5.0
              ],
              "size": [
                5.0,
                1.0,
                2.0
              ],
              "uv": [
                147,
                55
              ],
              "inflate": 0
            },
            {
              "origin": [
                -8.0,
                -4.7,
                -10.0
              ],
              "size": [
                1.0,
                1.0,
                2.0
              ],
              "uv": [
                81,
                126
              ],
              "inflate": 0
            },
            {
              "origin": [
                -9.0,
                -4.7,
                -10.5
              ],
              "size": [
                1.0,
                1.0,
                3.0
              ],
              "uv": [
                9,
                138
              ],
              "inflate": 0
            },
            {
              "origin": [
                -10.0,
                -4.7,
                -10.75
              ],
              "size": [
                1.0,
                1.0,
                3.0
              ],
              "uv": [
                135,
                0
              ],
              "inflate": 0
            },
            {
              "origin": [
                -11.0,
                -4.7,
                -11.0
              ],
              "size": [
                1.0,
                1.0,
                3.0
              ],
              "uv": [
                131,
                120
              ],
              "inflate": 0
            },
            {
              "origin": [
                -12.0,
                -4.7,
                -10.75
              ],
              "size": [
                1.25,
                1.0,
                3.0
              ],
              "uv": [
                118,
                131
              ],
              "inflate": 0
            },
            {
              "origin": [
                -12.0,
                -3.7,
                -7.25
              ],
              "size": [
                5.0,
                1.0,
                7.0
              ],
              "uv": [
                129,
                124
              ],
              "inflate": 0
            },
            {
              "origin": [
                -12.0,
                -2.7,
                -6.25
              ],
              "size": [
                5.0,
                1.0,
                5.0
              ],
              "uv": [
                17,
                136
              ],
              "inflate": 0
            },
            {
              "origin": [
                -12.0,
                -4.2,
                -9.25
              ],
              "size": [
                5.0,
                1.0,
                2.0
              ],
              "uv": [
                147,
                45
              ],
              "inflate": 0
            }
          ],
          "parent": "Midleg2",
          "rotation": [
            35,
            0,
            0
          ]
        },
        {
          "name": "Body",
          "pivot": [
            -12,
            17,
            -5
          ],
          "cubes": [
            {
              "origin": [
                -16.0,
                17.0,
                -6.0
              ],
              "size": [
                8.0,
                2.0,
                5.0
              ],
              "uv": [
                110,
                124
              ],
              "inflate": 0
            },
            {
              "origin": [
                -17.0,
                23.0,
                -6.0
              ],
              "size": [
                10.0,
                7.0,
                5.0
              ],
              "uv": [
                14,
                81
              ],
              "inflate": 0
            },
            {
              "origin": [
                -16.5,
                29.25,
                -6.0
              ],
              "size": [
                9.0,
                1.0,
                5.0
              ],
              "uv": [
                118,
                101
              ],
              "inflate": 0
            },
            {
              "origin": [
                -16.0,
                29.75,
                -6.0
              ],
              "size": [
                8.0,
                1.0,
                5.0
              ],
              "uv": [
                126,
                55
              ],
              "inflate": 0
            },
            {
              "origin": [
                -16.5,
                19.0,
                -6.0
              ],
              "size": [
                9.0,
                4.0,
                5.0
              ],
              "uv": [
                4,
                108
              ],
              "inflate": 0
            },
            {
              "origin": [
                -17.75,
                19.0,
                -6.5
              ],
              "size": [
                8.0,
                12.0,
                7.0
              ],
              "uv": [
                65,
                78
              ],
              "inflate": 0
            },
            {
              "origin": [
                -16.5,
                19.0,
                -6.25
              ],
              "size": [
                12.0,
                12.0,
                7.0
              ],
              "uv": [
                72,
                59
              ],
              "inflate": 0
            }
          ],
          "parent": "Shiv"
        },
        {
          "name": "Head",
          "pivot": [
            -12,
            31,
            -3
          ],
          "cubes": [
            {
              "origin": [
                -13.5,
                30.75,
                -5.0
              ],
              "size": [
                3.0,
                2.0,
                3.0
              ],
              "uv": [
                125,
                37
              ],
              "inflate": 0
            },
            {
              "origin": [
                -15.5,
                30.75,
                -7.0
              ],
              "size": [
                7.0,
                2.0,
                6.0
              ],
              "pivot": [
                -12.0,
                31.75,
                -4.5
              ],
              "rotation": [
                27.5,
                0.0,
                0.0
              ],
              "uv": [
                67,
                118
              ],
              "inflate": 0
            },
            {
              "origin": [
                -16.5,
                30.26156,
                -7.23577
              ],
              "size": [
                2.0,
                6.0,
                1.0
              ],
              "pivot": [
                -15.5,
                31.48754,
                -7.65927
              ],
              "rotation": [
                34.18539,
                -1.35394,
                -31.01572
              ],
              "uv": [
                88,
                78
              ],
              "inflate": 0
            },
            {
              "origin": [
                -17.5,
                30.26156,
                -7.23577
              ],
              "size": [
                1.0,
                5.0,
                1.0
              ],
              "pivot": [
                -15.5,
                31.48754,
                -7.65927
              ],
              "rotation": [
                34.18539,
                -1.35394,
                -31.01572
              ],
              "uv": [
                87,
                117
              ],
              "inflate": 0
            },
            {
              "origin": [
                -14.5,
                30.26156,
                -7.23577
              ],
              "size": [
                1.0,
                5.0,
                1.0
              ],
              "pivot": [
                -15.5,
                31.48754,
                -7.65927
              ],
              "rotation": [
                34.18539,
                -1.35394,
                -31.01572
              ],
              "uv": [
                115,
                92
              ],
              "inflate": 0
            },
            {
              "origin": [
                -16.5,
                30.26156,
                -8.23577
              ],
              "size": [
                2.0,
                5.0,
                1.0
              ],
              "pivot": [
                -15.5,
                31.48754,
                -7.65927
              ],
              "rotation": [
                34.18539,
                -1.35394,
                -31.01572
              ],
              "uv": [
                0,
                0
              ],
              "inflate": 0
            },
            {
              "origin": [
                -16.5,
                35.26156,
                -9.23577
              ],
              "size": [
                2.0,
                1.0,
                2.0
              ],
              "pivot": [
                -15.5,
                31.48754,
                -7.65927
              ],
              "rotation": [
                34.18539,
                -1.35394,
                -31.01572
              ],
              "uv": [
                110,
                75
              ],
              "inflate": 0
            },
            {
              "origin": [
                -15.0,
                32.0,
                -6.0
              ],
              "size": [
                6.0,
                6.0,
                5.0
              ],
              "uv": [
                88,
                124
              ],
              "inflate": 0
            },
            {
              "origin": [
                -17.0,
                18.0,
                1.0
              ],
              "size": [
                10.0,
                20.0,
                0.0
              ],
              "uv": [
                95,
                78
              ],
              "inflate": 0
            },
            {
              "origin": [
                -15.5,
                38.0,
                -6.0
              ],
              "size": [
                7.0,
                3.0,
                6.0
              ],
              "uv": [
                113,
                92
              ],
              "inflate": 0
            },
            {
              "origin": [
                -12.5,
                40.0,
                -5.0
              ],
              "size": [
                4.0,
                2.0,
                4.0
              ],
              "pivot": [
                -12.5,
                40.0,
                -3.0
              ],
              "rotation": [
                0.0,
                0.0,
                12.5
              ],
              "uv": [
                139,
                77
              ],
              "inflate": 0
            },
            {
              "origin": [
                -19.25,
                38.5,
                -3.0
              ],
              "size": [
                7.0,
                7.0,
                0.0
              ],
              "pivot": [
                -12.5,
                40.0,
                -3.0
              ],
              "rotation": [
                0.0,
                0.0,
                35.0
              ],
              "uv": [
                24,
                142
              ],
              "inflate": 0
            },
            {
              "origin": [
                -12.0,
                42.0,
                -4.5
              ],
              "size": [
                3.0,
                2.0,
                3.0
              ],
              "pivot": [
                -12.5,
                40.0,
                -3.0
              ],
              "rotation": [
                0.0,
                0.0,
                12.5
              ],
              "uv": [
                14,
                76
              ],
              "inflate": 0
            },
            {
              "origin": [
                -11.5,
                44.0,
                -4.0
              ],
              "size": [
                2.0,
                1.0,
                2.0
              ],
              "pivot": [
                -12.5,
                40.0,
                -3.0
              ],
              "rotation": [
                0.0,
                0.0,
                12.5
              ],
              "uv": [
                58,
                105
              ],
              "inflate": 0
            },
            {
              "origin": [
                -12.5,
                42.0,
                -5.0
              ],
              "size": [
                4.0,
                1.0,
                4.0
              ],
              "pivot": [
                -12.5,
                40.0,
                -3.0
              ],
              "rotation": [
                0.0,
                0.0,
                12.5
              ],
              "uv": [
                141,
                10
              ],
              "inflate": 0
            },
            {
              "origin": [
                -15.5,
                31.0,
                -1.0
              ],
              "size": [
                7.0,
                8.0,
                2.0
              ],
              "uv": [
                73,
                135
              ],
              "inflate": 0
            },
            {
              "origin": [
                -15.5,
                34.0,
                -3.0
              ],
              "size": [
                7.0,
                4.0,
                2.0
              ],
              "uv": [
                139,
                95
              ],
              "inflate": 0
            },
            {
              "origin": [
                -8.5,
                31.0,
                -6.0
              ],
              "size": [
                0.0,
                7.0,
                5.0
              ],
              "pivot": [
                -8.5,
                37.5,
                -3.5
              ],
              "rotation": [
                0.0,
                10.0,
                -20.0
              ],
              "uv": [
                14,
                137
              ],
              "inflate": 0
            },
            {
              "origin": [
                -15.5,
                31.0,
                -6.0
              ],
              "size": [
                0.0,
                7.0,
                5.0
              ],
              "pivot": [
                -15.5,
                37.5,
                -3.5
              ],
              "rotation": [
                0.0,
                -10.0,
                20.0
              ],
              "uv": [
                4,
                94
              ],
              "inflate": 0
            },
            {
              "origin": [
                -15.5,
                34.0,
                -4.0
              ],
              "size": [
                1.0,
                2.0,
                1.0
              ],
              "uv": [
                0,
                116
              ],
              "inflate": 0
            },
            {
              "origin": [
                -9.5,
                34.0,
                -4.0
              ],
              "size": [
                1.0,
                2.0,
                1.0
              ],
              "uv": [
                115,
                81
              ],
              "inflate": 0
            },
            {
              "origin": [
                -9.5,
                32.0,
                -3.5
              ],
              "size": [
                2.0,
                2.0,
                0.0
              ],
              "uv": [
                63,
                108
              ],
              "inflate": 0
            },
            {
              "origin": [
                -16.5,
                32.0,
                -3.5
              ],
              "size": [
                2.0,
                2.0,
                0.0
              ],
              "uv": [
                64,
                105
              ],
              "inflate": 0
            },
            {
              "origin": [
                -12.5,
                33.0,
                -6.75
              ],
              "size": [
                1.0,
                2.0,
                1.0
              ],
              "pivot": [
                -11.5,
                33.0,
                -6.0
              ],
              "rotation": [
                -27.5,
                0.0,
                0.0
              ],
              "uv": [
                111,
                108
              ],
              "inflate": 0
            }
          ],
          "parent": "Body"
        },
        {
          "name": "Hand",
          "pivot": [
            -7,
            30,
            -4
          ],
          "cubes": [
            {
              "origin": [
                -7.0,
                27.0,
                -6.0
              ],
              "size": [
                9.0,
                5.0,
                5.0
              ],
              "uv": [
                63,
                105
              ],
              "inflate": 0
            }
          ],
          "parent": "Body",
          "rotation": [
            0,
            -7.5,
            62.5
          ]
        },
        {
          "name": "Handm",
          "pivot": [
            1.75,
            30,
            -5
          ],
          "cubes": [
            {
              "origin": [
                -0.25,
                27.5,
                -5.5
              ],
              "size": [
                9.0,
                4.0,
                4.0
              ],
              "uv": [
                0,
                117
              ],
              "inflate": 0
            },
            {
              "origin": [
                3.75,
                27.0,
                -6.0
              ],
              "size": [
                2.0,
                5.0,
                5.0
              ],
              "uv": [
                140,
                0
              ],
              "inflate": 0
            }
          ],
          "parent": "Hand",
          "rotation": [
            116.60872,
            84.41125,
            128.99955
          ]
        },
        {
          "name": "Handfingers",
          "pivot": [
            8.58421,
            29.77778,
            -3.52403
          ],
          "cubes": [
            {
              "origin": [
                7.74714,
                27.5,
                -5.63086
              ],
              "size": [
                2.0,
                4.0,
                4.0
              ],
              "uv": [
                51,
                144
              ],
              "inflate": 0
            },
            {
              "origin": [
                9.74714,
                27.5,
                -5.63086
              ],
              "size": [
                1.0,
                4.0,
                4.0
              ],
              "uv": [
                147,
                35
              ],
              "inflate": 0
            },
            {
              "origin": [
                12.24714,
                30.5,
                -2.63086
              ],
              "size": [
                3.0,
                1.0,
                1.0
              ],
              "pivot": [
                12.24714,
                31.0,
                -2.13086
              ],
              "rotation": [
                0.0,
                70.0,
                0.0
              ],
              "uv": [
                81,
                115
              ],
              "inflate": 0
            },
            {
              "origin": [
                12.24714,
                29.5,
                -2.63086
              ],
              "size": [
                4.0,
                1.0,
                1.0
              ],
              "pivot": [
                12.74714,
                30.0,
                -2.13086
              ],
              "rotation": [
                0.0,
                -20.0,
                0.0
              ],
              "uv": [
                94,
                57
              ],
              "inflate": 0
            },
            {
              "origin": [
                12.76222,
                28.5,
                -2.71636
              ],
              "size": [
                3.0,
                1.0,
                1.0
              ],
              "pivot": [
                12.74714,
                29.0,
                -2.13086
              ],
              "rotation": [
                0.0,
                -40.0,
                0.0
              ],
              "uv": [
                113,
                101
              ],
              "inflate": 0
            },
            {
              "origin": [
                12.74714,
                27.5,
                -2.63086
              ],
              "size": [
                2.0,
                1.0,
                1.0
              ],
              "pivot": [
                12.74714,
                28.0,
                -2.13086
              ],
              "rotation": [
                0.0,
                -40.0,
                0.0
              ],
              "uv": [
                36,
                128
              ],
              "inflate": 0
            },
            {
              "origin": [
                10.74714,
                27.5,
                -3.63086
              ],
              "size": [
                2.0,
                4.0,
                2.0
              ],
              "uv": [
                63,
                148
              ],
              "inflate": 0
            },
            {
              "origin": [
                10.74714,
                29.5,
                -5.63086
              ],
              "size": [
                1.0,
                2.0,
                2.0
              ],
              "uv": [
                110,
                66
              ],
              "inflate": 0
            },
            {
              "origin": [
                11.74714,
                30.5,
                -5.63086
              ],
              "size": [
                2.0,
                1.0,
                1.0
              ],
              "pivot": [
                11.74714,
                31.0,
                -5.13086
              ],
              "rotation": [
                0.0,
                -27.5,
                0.0
              ],
              "uv": [
                127,
                89
              ],
              "inflate": 0
            }
          ],
          "parent": "Handm",
          "rotation": [
            -2.52154,
            -7.49282,
            12.82902
          ]
        },
        {
          "name": "Hand2",
          "pivot": [
            -17,
            30,
            -3
          ],
          "cubes": [
            {
              "origin": [
                -17.0,
                27.0,
                -5.0
              ],
              "size": [
                9.0,
                5.0,
                5.0
              ],
              "uv": [
                35,
                103
              ],
              "inflate": 0
            }
          ],
          "parent": "Body",
          "rotation": [
            -179.12962,
            -4.92385,
            124.96258
          ]
        },
        {
          "name": "Handm2",
          "pivot": [
            -9.25,
            30,
            -4
          ],
          "cubes": [
            {
              "origin": [
                -10.25,
                27.5,
                -4.5
              ],
              "size": [
                9.0,
                4.0,
                4.0
              ],
              "uv": [
                115,
                81
              ],
              "inflate": 0
            },
            {
              "origin": [
                -5.25,
                27.0,
                -5.0
              ],
              "size": [
                2.0,
                5.0,
                5.0
              ],
              "uv": [
                138,
                138
              ],
              "inflate": 0
            }
          ],
          "parent": "Hand2",
          "rotation": [
            -54.12169,
            -64.78945,
            32.08031
          ]
        },
        {
          "name": "Handfingers2",
          "pivot": [
            -1.75,
            29.5,
            -2.5
          ],
          "cubes": [
            {
              "origin": [
                -2.25,
                27.5,
                -4.5
              ],
              "size": [
                2.0,
                4.0,
                4.0
              ],
              "uv": [
                144,
                23
              ],
              "inflate": 0
            },
            {
              "origin": [
                -0.25,
                27.5,
                -4.5
              ],
              "size": [
                1.0,
                4.0,
                4.0
              ],
              "uv": [
                34,
                147
              ],
              "inflate": 0
            },
            {
              "origin": [
                2.25,
                29.5,
                -1.5
              ],
              "size": [
                3.0,
                1.0,
                1.0
              ],
              "pivot": [
                2.75,
                31.0,
                -1.0
              ],
              "rotation": [
                0.0,
                -30.0,
                0.0
              ],
              "uv": [
                55,
                113
              ],
              "inflate": 0
            },
            {
              "origin": [
                2.25,
                28.5,
                -1.5
              ],
              "size": [
                4.0,
                1.0,
                1.0
              ],
              "pivot": [
                2.75,
                31.0,
                -1.0
              ],
              "rotation": [
                0.0,
                -45.0,
                0.0
              ],
              "uv": [
                84,
                57
              ],
              "inflate": 0
            },
            {
              "origin": [
                2.75,
                27.5,
                -1.5
              ],
              "size": [
                3.0,
                1.0,
                1.0
              ],
              "pivot": [
                2.75,
                31.0,
                -1.0
              ],
              "rotation": [
                0.0,
                80.0,
                0.0
              ],
              "uv": [
                47,
                113
              ],
              "inflate": 0
            },
            {
              "origin": [
                2.75,
                30.5,
                -1.5
              ],
              "size": [
                2.0,
                1.0,
                1.0
              ],
              "pivot": [
                2.75,
                31.0,
                -1.0
              ],
              "rotation": [
                0.0,
                -25.0,
                0.0
              ],
              "uv": [
                122,
                55
              ],
              "inflate": 0
            },
            {
              "origin": [
                0.75,
                27.5,
                -2.5
              ],
              "size": [
                2.0,
                4.0,
                2.0
              ],
              "uv": [
                8,
                148
              ],
              "inflate": 0
            },
            {
              "origin": [
                0.75,
                27.5,
                -4.5
              ],
              "size": [
                1.0,
                2.0,
                2.0
              ],
              "uv": [
                86,
                106
              ],
              "inflate": 0
            },
            {
              "origin": [
                1.75,
                27.5,
                -4.5
              ],
              "size": [
                2.0,
                1.0,
                1.0
              ],
              "pivot": [
                1.75,
                28.0,
                -4.0
              ],
              "rotation": [
                0.0,
                -17.5,
                0.0
              ],
              "uv": [
                116,
                55
              ],
              "inflate": 0
            }
          ],
          "parent": "Handm2",
          "rotation": [
            -115.91897,
            -25.31942,
            -21.6611
          ]
        },
        {
          "name": "Trishul",
          "pivot": [
            -28.34921,
            38.22745,
            -14.16234
          ],
          "cubes": [
            {
              "origin": [
                -29.25,
                31.21858,
                -14.90765
              ],
              "size": [
                1.0,
                46.0,
                1.0
              ],
              "uv": [
                0,
                69
              ],
              "inflate": 0
            },
            {
              "origin": [
                -28.25,
                39.71858,
                -15.90765
              ],
              "size": [
                0.0,
                30.0,
                5.0
              ],
              "pivot": [
                -28.25,
                40.71858,
                -13.40765
              ],
              "rotation": [
                -11.06662,
                -25.0551,
                13.54263
              ],
              "uv": [
                4,
                64
              ],
              "inflate": 0
            },
            {
              "origin": [
                -29.25,
                38.21858,
                -18.90765
              ],
              "size": [
                3.0,
                3.0,
                3.0
              ],
              "uv": [
                60,
                65
              ],
              "inflate": 0
            },
            {
              "origin": [
                -28.25,
                38.71858,
                -15.90765
              ],
              "size": [
                1.0,
                2.0,
                3.0
              ],
              "uv": [
                97,
                37
              ],
              "inflate": 0
            },
            {
              "origin": [
                -29.25,
                38.21858,
                -12.90765
              ],
              "size": [
                3.0,
                3.0,
                3.0
              ],
              "uv": [
                146,
                124
              ],
              "inflate": 0
            },
            {
              "origin": [
                -29.25,
                34.21858,
                -16.90765
              ],
              "size": [
                1.0,
                3.0,
                1.0
              ],
              "uv": [
                60,
                59
              ],
              "inflate": 0
            },
            {
              "origin": [
                -29.25,
                35.21858,
                -15.90765
              ],
              "size": [
                1.0,
                2.0,
                1.0
              ],
              "uv": [
                110,
                47
              ],
              "inflate": 0
            },
            {
              "origin": [
                -29.25,
                30.21858,
                -17.90765
              ],
              "size": [
                1.0,
                6.0,
                1.0
              ],
              "uv": [
                4,
                106
              ],
              "inflate": 0
            },
            {
              "origin": [
                -29.25,
                31.21858,
                -18.90765
              ],
              "size": [
                1.0,
                4.0,
                1.0
              ],
              "uv": [
                72,
                37
              ],
              "inflate": 0
            },
            {
              "origin": [
                -29.25,
                30.21858,
                -14.90765
              ],
              "size": [
                1.0,
                1.0,
                1.0
              ],
              "uv": [
                90,
                97
              ],
              "inflate": 0
            },
            {
              "origin": [
                -29.25,
                35.21858,
                -13.90765
              ],
              "size": [
                1.0,
                2.0,
                1.0
              ],
              "uv": [
                92,
                108
              ],
              "inflate": 0
            },
            {
              "origin": [
                -29.25,
                34.21858,
                -12.90765
              ],
              "size": [
                1.0,
                3.0,
                1.0
              ],
              "uv": [
                74,
                59
              ],
              "inflate": 0
            },
            {
              "origin": [
                -29.25,
                30.21858,
                -11.90765
              ],
              "size": [
                1.0,
                6.0,
                1.0
              ],
              "uv": [
                40,
                93
              ],
              "inflate": 0
            },
            {
              "origin": [
                -29.25,
                31.21858,
                -10.90765
              ],
              "size": [
                1.0,
                4.0,
                1.0
              ],
              "uv": [
                14,
                81
              ],
              "inflate": 0
            }
          ],
          "parent": "Body",
          "rotation": [
            -17.66828,
            74.61698,
            162.45343
          ]
        },
        {
          "name": "Base",
          "cubes": [
            {
              "origin": [
                -24.0,
                0.0,
                -8.0
              ],
              "size": [
                48.0,
                13.0,
                16.0
              ],
              "uv": [
                0,
                0
              ],
              "inflate": 0
            }
          ]
        },
        {
          "name": "Parvati",
          "pivot": [
            12,
            -1,
            -4
          ]
        },
        {
          "name": "Legs2",
          "pivot": [
            12,
            16,
            0
          ],
          "cubes": [
            {
              "origin": [
                7.0,
                14.0,
                -5.25
              ],
              "size": [
                10.0,
                2.0,
                6.0
              ],
              "uv": [
                84,
                49
              ],
              "inflate": 0
            },
            {
              "origin": [
                6.0,
                4.0,
                -13.0
              ],
              "size": [
                11.0,
                10.0,
                12.0
              ],
              "pivot": [
                12.0,
                16.0,
                0.0
              ],
              "rotation": [
                20.0,
                0.0,
                0.0
              ],
              "uv": [
                38,
                37
              ],
              "inflate": 0
            }
          ],
          "parent": "Parvati",
          "rotation": [
            -17.5,
            0,
            0
          ]
        },
        {
          "name": "Leg3",
          "pivot": [
            9,
            14,
            -2
          ],
          "parent": "Legs2"
        },
        {
          "name": "Joinleg3",
          "pivot": [
            9.5,
            14,
            -2.5
          ],
          "cubes": [
            {
              "origin": [
                7.0,
                4.0,
                -5.0
              ],
              "size": [
                5.0,
                10.0,
                5.0
              ],
              "uv": [
                27,
                113
              ],
              "inflate": 0
            }
          ],
          "parent": "Leg3",
          "rotation": [
            -64.92894,
            2.95931,
            2.62435
          ]
        },
        {
          "name": "Midleg3",
          "pivot": [
            9.5,
            5,
            -2.75
          ],
          "cubes": [
            {
              "origin": [
                7.5,
                -4.0,
                -4.75
              ],
              "size": [
                4.0,
                9.0,
                4.0
              ],
              "uv": [
                131,
                107
              ],
              "inflate": 0
            }
          ],
          "parent": "Joinleg3",
          "rotation": [
            77.53174,
            -13.63055,
            -88.51067
          ]
        },
        {
          "name": "Paul3",
          "pivot": [
            9.51136,
            -3,
            -2.70455
          ],
          "cubes": [
            {
              "origin": [
                7.0,
                -6.0,
                -2.0
              ],
              "size": [
                5.0,
                1.0,
                3.0
              ],
              "uv": [
                143,
                19
              ],
              "inflate": 0
            },
            {
              "origin": [
                7.0,
                -6.0,
                -7.0
              ],
              "size": [
                5.0,
                1.0,
                3.0
              ],
              "uv": [
                141,
                83
              ],
              "inflate": 0
            },
            {
              "origin": [
                7.0,
                -5.5,
                -4.0
              ],
              "size": [
                5.0,
                1.0,
                2.0
              ],
              "uv": [
                120,
                21
              ],
              "inflate": 0
            },
            {
              "origin": [
                7.0,
                -6.0,
                -9.0
              ],
              "size": [
                1.0,
                1.0,
                2.0
              ],
              "uv": [
                65,
                126
              ],
              "inflate": 0
            },
            {
              "origin": [
                8.0,
                -6.0,
                -9.5
              ],
              "size": [
                1.0,
                1.0,
                3.0
              ],
              "uv": [
                17,
                131
              ],
              "inflate": 0
            },
            {
              "origin": [
                9.0,
                -6.0,
                -9.75
              ],
              "size": [
                1.0,
                1.0,
                3.0
              ],
              "uv": [
                126,
                107
              ],
              "inflate": 0
            },
            {
              "origin": [
                10.0,
                -6.0,
                -10.0
              ],
              "size": [
                1.0,
                1.0,
                3.0
              ],
              "uv": [
                105,
                124
              ],
              "inflate": 0
            },
            {
              "origin": [
                11.0,
                -6.0,
                -9.75
              ],
              "size": [
                1.25,
                1.0,
                3.0
              ],
              "uv": [
                59,
                123
              ],
              "inflate": 0
            },
            {
              "origin": [
                7.0,
                -5.0,
                -6.25
              ],
              "size": [
                5.0,
                1.0,
                7.0
              ],
              "uv": [
                19,
                128
              ],
              "inflate": 0
            },
            {
              "origin": [
                7.0,
                -4.0,
                -5.25
              ],
              "size": [
                5.0,
                1.0,
                5.0
              ],
              "uv": [
                133,
                89
              ],
              "inflate": 0
            },
            {
              "origin": [
                7.0,
                -5.5,
                -8.25
              ],
              "size": [
                5.0,
                1.0,
                2.0
              ],
              "uv": [
                115,
                89
              ],
              "inflate": 0
            }
          ],
          "parent": "Midleg3",
          "rotation": [
            27.5,
            77.5,
            -10
          ]
        },
        {
          "name": "Leg4",
          "pivot": [
            14,
            14,
            -2
          ],
          "parent": "Legs2"
        },
        {
          "name": "Joinleg4",
          "pivot": [
            14.5,
            14,
            -2.5
          ],
          "cubes": [
            {
              "origin": [
                12.0,
                3.0,
                -5.0
              ],
              "size": [
                5.0,
                11.0,
                5.0
              ],
              "uv": [
                91,
                108
              ],
              "inflate": 0
            }
          ],
          "parent": "Leg4",
          "rotation": [
            -55,
            -15,
            -5
          ]
        },
        {
          "name": "Midleg4",
          "pivot": [
            14.5,
            5,
            -2.75
          ],
          "cubes": [
            {
              "origin": [
                12.5,
                -4.0,
                -4.75
              ],
              "size": [
                4.0,
                9.0,
                4.0
              ],
              "uv": [
                106,
                131
              ],
              "inflate": 0
            }
          ],
          "parent": "Joinleg4",
          "rotation": [
            75,
            0,
            5
          ]
        },
        {
          "name": "Paul4",
          "pivot": [
            14.51136,
            -2.7,
            -2.70455
          ],
          "cubes": [
            {
              "origin": [
                12.0,
                -5.7,
                -2.0
              ],
              "size": [
                5.0,
                1.0,
                3.0
              ],
              "uv": [
                141,
                15
              ],
              "inflate": 0
            },
            {
              "origin": [
                12.0,
                -5.7,
                -7.0
              ],
              "size": [
                5.0,
                1.0,
                3.0
              ],
              "uv": [
                136,
                51
              ],
              "inflate": 0
            },
            {
              "origin": [
                12.0,
                -5.2,
                -4.0
              ],
              "size": [
                5.0,
                1.0,
                2.0
              ],
              "uv": [
                69,
                115
              ],
              "inflate": 0
            },
            {
              "origin": [
                16.0,
                -5.7,
                -9.0
              ],
              "size": [
                1.0,
                1.0,
                2.0
              ],
              "uv": [
                21,
                125
              ],
              "inflate": 0
            },
            {
              "origin": [
                15.0,
                -5.7,
                -9.5
              ],
              "size": [
                1.0,
                1.0,
                3.0
              ],
              "uv": [
                42,
                113
              ],
              "inflate": 0
            },
            {
              "origin": [
                14.0,
                -5.7,
                -9.75
              ],
              "size": [
                1.0,
                1.0,
                3.0
              ],
              "uv": [
                106,
                108
              ],
              "inflate": 0
            },
            {
              "origin": [
                13.0,
                -5.7,
                -10.0
              ],
              "size": [
                1.0,
                1.0,
                3.0
              ],
              "uv": [
                27,
                108
              ],
              "inflate": 0
            },
            {
              "origin": [
                12.0,
                -5.7,
                -9.75
              ],
              "size": [
                1.25,
                1.0,
                3.0
              ],
              "uv": [
                64,
                81
              ],
              "inflate": 0
            },
            {
              "origin": [
                12.0,
                -4.7,
                -6.25
              ],
              "size": [
                5.0,
                1.0,
                7.0
              ],
              "uv": [
                64,
                126
              ],
              "inflate": 0
            },
            {
              "origin": [
                12.0,
                -3.7,
                -5.25
              ],
              "size": [
                5.0,
                1.0,
                5.0
              ],
              "uv": [
                132,
                45
              ],
              "inflate": 0
            },
            {
              "origin": [
                12.0,
                -5.2,
                -8.25
              ],
              "size": [
                5.0,
                1.0,
                2.0
              ],
              "uv": [
                181,
                58
              ],
              "inflate": 0
            }
          ],
          "parent": "Midleg4",
          "rotation": [
            35,
            0,
            0
          ]
        },
        {
          "name": "Body2",
          "pivot": [
            12,
            16,
            -5
          ],
          "cubes": [
            {
              "origin": [
                8.0,
                16.0,
                -6.0
              ],
              "size": [
                8.0,
                2.0,
                5.0
              ],
              "uv": [
                120,
                14
              ],
              "inflate": 0
            },
            {
              "origin": [
                7.0,
                22.0,
                -6.0
              ],
              "size": [
                10.0,
                7.0,
                5.0
              ],
              "uv": [
                72,
                37
              ],
              "inflate": 0
            },
            {
              "origin": [
                7.0,
                18.0,
                -7.0
              ],
              "size": [
                10.0,
                12.0,
                3.0
              ],
              "uv": [
                14,
                93
              ],
              "inflate": 0
            },
            {
              "origin": [
                7.0,
                17.0,
                -6.25
              ],
              "size": [
                6.0,
                15.0,
                6.0
              ],
              "pivot": [
                10.0,
                16.5,
                -4.0
              ],
              "rotation": [
                0.0,
                0.0,
                35.0
              ],
              "uv": [
                176,
                0
              ],
              "inflate": 0
            },
            {
              "origin": [
                7.5,
                28.25,
                -6.0
              ],
              "size": [
                9.0,
                1.0,
                5.0
              ],
              "uv": [
                115,
                75
              ],
              "inflate": 0
            },
            {
              "origin": [
                8.0,
                28.75,
                -6.0
              ],
              "size": [
                8.0,
                1.0,
                5.0
              ],
              "uv": [
                0,
                125
              ],
              "inflate": 0
            },
            {
              "origin": [
                7.5,
                18.0,
                -6.0
              ],
              "size": [
                9.0,
                4.0,
                5.0
              ],
              "uv": [
                103,
                57
              ],
              "inflate": 0
            }
          ],
          "parent": "Parvati"
        },
        {
          "name": "Head2",
          "pivot": [
            12,
            30,
            -3
          ],
          "cubes": [
            {
              "origin": [
                10.5,
                29.75,
                -5.0
              ],
              "size": [
                3.0,
                2.0,
                3.0
              ],
              "uv": [
                38,
                44
              ],
              "inflate": 0
            },
            {
              "origin": [
                12.0,
                30.5,
                -6.25
              ],
              "size": [
                4.0,
                2.0,
                3.0
              ],
              "uv": [
                88,
                145
              ],
              "inflate": 0
            },
            {
              "origin": [
                9.0,
                31.0,
                -6.0
              ],
              "size": [
                6.0,
                6.0,
                5.0
              ],
              "uv": [
                42,
                123
              ],
              "inflate": 0
            },
            {
              "origin": [
                7.0,
                17.0,
                1.0
              ],
              "size": [
                10.0,
                20.0,
                0.0
              ],
              "uv": [
                44,
                81
              ],
              "inflate": 0
            },
            {
              "origin": [
                2.0,
                10.0,
                1.25
              ],
              "size": [
                19.0,
                32.0,
                0.0
              ],
              "uv": [
                0,
                37
              ],
              "inflate": 0
            },
            {
              "origin": [
                8.5,
                37.0,
                -6.0
              ],
              "size": [
                7.0,
                3.0,
                6.0
              ],
              "uv": [
                110,
                66
              ],
              "inflate": 0
            },
            {
              "origin": [
                9.0,
                40.0,
                -5.5
              ],
              "size": [
                6.0,
                2.0,
                5.0
              ],
              "uv": [
                0,
                131
              ],
              "inflate": 0
            },
            {
              "origin": [
                9.5,
                42.0,
                -5.0
              ],
              "size": [
                5.0,
                2.0,
                4.0
              ],
              "uv": [
                60,
                59
              ],
              "inflate": 0
            },
            {
              "origin": [
                6.5,
                42.0,
                -3.0
              ],
              "size": [
                11.0,
                8.0,
                0.0
              ],
              "uv": [
                131,
                61
              ],
              "inflate": 0
            },
            {
              "origin": [
                8.5,
                30.0,
                -1.0
              ],
              "size": [
                7.0,
                8.0,
                2.0
              ],
              "uv": [
                55,
                134
              ],
              "inflate": 0
            },
            {
              "origin": [
                8.5,
                33.0,
                -3.0
              ],
              "size": [
                7.0,
                4.0,
                2.0
              ],
              "uv": [
                138,
                132
              ],
              "inflate": 0
            },
            {
              "origin": [
                15.5,
                30.0,
                -6.0
              ],
              "size": [
                0.0,
                7.0,
                5.0
              ],
              "pivot": [
                15.5,
                36.5,
                -3.5
              ],
              "rotation": [
                0.0,
                10.0,
                -20.0
              ],
              "uv": [
                14,
                64
              ],
              "inflate": 0
            },
            {
              "origin": [
                8.5,
                30.0,
                -6.0
              ],
              "size": [
                0.0,
                7.0,
                5.0
              ],
              "pivot": [
                8.5,
                36.5,
                -3.5
              ],
              "rotation": [
                0.0,
                -10.0,
                20.0
              ],
              "uv": [
                38,
                32
              ],
              "inflate": 0
            },
            {
              "origin": [
                8.5,
                33.0,
                -4.0
              ],
              "size": [
                1.0,
                2.0,
                1.0
              ],
              "uv": [
                103,
                58
              ],
              "inflate": 0
            },
            {
              "origin": [
                14.5,
                33.0,
                -4.0
              ],
              "size": [
                1.0,
                2.0,
                1.0
              ],
              "uv": [
                102,
                37
              ],
              "inflate": 0
            },
            {
              "origin": [
                14.5,
                31.0,
                -3.5
              ],
              "size": [
                2.0,
                2.0,
                0.0
              ],
              "uv": [
                39,
                84
              ],
              "inflate": 0
            },
            {
              "origin": [
                7.5,
                31.0,
                -3.5
              ],
              "size": [
                2.0,
                2.0,
                0.0
              ],
              "uv": [
                34,
                69
              ],
              "inflate": 0
            },
            {
              "origin": [
                11.5,
                32.0,
                -6.75
              ],
              "size": [
                1.0,
                2.0,
                1.0
              ],
              "pivot": [
                12.5,
                32.0,
                -6.0
              ],
              "rotation": [
                -27.5,
                0.0,
                0.0
              ],
              "uv": [
                39,
                81
              ],
              "inflate": 0
            }
          ],
          "parent": "Body2"
        },
        {
          "name": "Hand3",
          "pivot": [
            17,
            29,
            -4
          ],
          "cubes": [
            {
              "origin": [
                17.0,
                26.0,
                -6.0
              ],
              "size": [
                9.0,
                5.0,
                5.0
              ],
              "uv": [
                102,
                37
              ],
              "inflate": 0
            }
          ],
          "parent": "Body2",
          "rotation": [
            0,
            -7.5,
            62.5
          ]
        },
        {
          "name": "Handm3",
          "pivot": [
            25.75,
            29,
            -5
          ],
          "cubes": [
            {
              "origin": [
                23.75,
                26.5,
                -5.5
              ],
              "size": [
                9.0,
                4.0,
                4.0
              ],
              "uv": [
                47,
                115
              ],
              "inflate": 0
            },
            {
              "origin": [
                27.75,
                26.0,
                -6.0
              ],
              "size": [
                2.0,
                5.0,
                5.0
              ],
              "uv": [
                0,
                138
              ],
              "inflate": 0
            }
          ],
          "parent": "Hand3",
          "rotation": [
            93.88581,
            49.93505,
            105.47576
          ]
        },
        {
          "name": "Handfingers3",
          "pivot": [
            32.58421,
            28.77778,
            -3.52403
          ],
          "cubes": [
            {
              "origin": [
                31.74714,
                26.5,
                -5.63086
              ],
              "size": [
                2.0,
                4.0,
                4.0
              ],
              "uv": [
                143,
                116
              ],
              "inflate": 0
            },
            {
              "origin": [
                33.74714,
                26.5,
                -5.63086
              ],
              "size": [
                1.0,
                4.0,
                4.0
              ],
              "uv": [
                124,
                145
              ],
              "inflate": 0
            },
            {
              "origin": [
                36.24714,
                29.5,
                -2.63086
              ],
              "size": [
                3.0,
                1.0,
                1.0
              ],
              "pivot": [
                36.24714,
                30.0,
                -2.13086
              ],
              "rotation": [
                0.0,
                30.0,
                0.0
              ],
              "uv": [
                102,
                47
              ],
              "inflate": 0
            },
            {
              "origin": [
                36.24714,
                28.5,
                -2.63086
              ],
              "size": [
                4.0,
                1.0,
                1.0
              ],
              "pivot": [
                36.74714,
                29.0,
                -2.13086
              ],
              "rotation": [
                0.0,
                67.5,
                0.0
              ],
              "uv": [
                24,
                69
              ],
              "inflate": 0
            },
            {
              "origin": [
                36.76222,
                27.5,
                -2.71636
              ],
              "size": [
                3.0,
                1.0,
                1.0
              ],
              "pivot": [
                36.74714,
                28.0,
                -2.13086
              ],
              "rotation": [
                0.0,
                32.5,
                0.0
              ],
              "uv": [
                56,
                101
              ],
              "inflate": 0
            },
            {
              "origin": [
                36.74714,
                26.5,
                -2.63086
              ],
              "size": [
                2.0,
                1.0,
                1.0
              ],
              "pivot": [
                36.74714,
                27.0,
                -2.13086
              ],
              "rotation": [
                0.0,
                20.0,
                0.0
              ],
              "uv": [
                110,
                70
              ],
              "inflate": 0
            },
            {
              "origin": [
                34.74714,
                26.5,
                -3.63086
              ],
              "size": [
                2.0,
                4.0,
                2.0
              ],
              "uv": [
                0,
                148
              ],
              "inflate": 0
            },
            {
              "origin": [
                34.74714,
                28.5,
                -5.63086
              ],
              "size": [
                1.0,
                2.0,
                2.0
              ],
              "uv": [
                84,
                49
              ],
              "inflate": 0
            },
            {
              "origin": [
                35.74714,
                29.5,
                -5.63086
              ],
              "size": [
                2.0,
                1.0,
                1.0
              ],
              "pivot": [
                35.74714,
                30.0,
                -5.13086
              ],
              "rotation": [
                0.0,
                -27.5,
                0.0
              ],
              "uv": [
                8,
                106
              ],
              "inflate": 0
            }
          ],
          "parent": "Handm3",
          "rotation": [
            164.78389,
            17.77878,
            32.05274
          ]
        },
        {
          "name": "Hand4",
          "pivot": [
            7,
            29,
            -3
          ],
          "cubes": [
            {
              "origin": [
                7.0,
                26.0,
                -5.0
              ],
              "size": [
                9.0,
                5.0,
                5.0
              ],
              "uv": [
                90,
                98
              ],
              "inflate": 0
            }
          ],
          "parent": "Body2",
          "rotation": [
            -179.12962,
            -4.92385,
            124.96258
          ]
        },
        {
          "name": "Handm4",
          "pivot": [
            14.75,
            29,
            -4
          ],
          "cubes": [
            {
              "origin": [
                13.75,
                26.5,
                -4.5
              ],
              "size": [
                9.0,
                4.0,
                4.0
              ],
              "uv": [
                110,
                47
              ],
              "inflate": 0
            },
            {
              "origin": [
                18.75,
                26.0,
                -5.0
              ],
              "size": [
                2.0,
                5.0,
                5.0
              ],
              "uv": [
                91,
                135
              ],
              "inflate": 0
            }
          ],
          "parent": "Hand4",
          "rotation": [
            -147.71461,
            -63.63689,
            73.84224
          ]
        },
        {
          "name": "Handfingers4",
          "pivot": [
            22.25,
            28.5,
            -2.5
          ],
          "cubes": [
            {
              "origin": [
                21.75,
                26.5,
                -4.5
              ],
              "size": [
                2.0,
                4.0,
                4.0
              ],
              "uv": [
                143,
                103
              ],
              "inflate": 0
            },
            {
              "origin": [
                23.75,
                26.5,
                -4.5
              ],
              "size": [
                1.0,
                4.0,
                4.0
              ],
              "uv": [
                114,
                144
              ],
              "inflate": 0
            },
            {
              "origin": [
                26.25,
                28.5,
                -1.5
              ],
              "size": [
                3.0,
                1.0,
                1.0
              ],
              "pivot": [
                26.75,
                30.0,
                -1.0
              ],
              "rotation": [
                0.0,
                17.5,
                0.0
              ],
              "uv": [
                48,
                101
              ],
              "inflate": 0
            },
            {
              "origin": [
                26.25,
                27.5,
                -1.5
              ],
              "size": [
                4.0,
                1.0,
                1.0
              ],
              "pivot": [
                26.75,
                30.0,
                -1.0
              ],
              "rotation": [
                0.0,
                10.0,
                0.0
              ],
              "uv": [
                19,
                178
              ],
              "inflate": 0
            },
            {
              "origin": [
                26.75,
                26.5,
                -1.5
              ],
              "size": [
                3.0,
                1.0,
                1.0
              ],
              "pivot": [
                26.75,
                30.0,
                -1.0
              ],
              "rotation": [
                0.0,
                17.5,
                0.0
              ],
              "uv": [
                40,
                101
              ],
              "inflate": 0
            },
            {
              "origin": [
                26.75,
                29.5,
                -1.5
              ],
              "size": [
                2.0,
                1.0,
                1.0
              ],
              "pivot": [
                26.75,
                30.0,
                -1.0
              ],
              "rotation": [
                0.0,
                30.0,
                0.0
              ],
              "uv": [
                84,
                53
              ],
              "inflate": 0
            },
            {
              "origin": [
                24.75,
                26.5,
                -2.5
              ],
              "size": [
                2.0,
                4.0,
                2.0
              ],
              "uv": [
                84,
                97
              ],
              "inflate": 0
            },
            {
              "origin": [
                24.75,
                26.5,
                -4.5
              ],
              "size": [
                1.0,
                2.0,
                2.0
              ],
              "uv": [
                11,
                190
              ],
              "inflate": 0
            },
            {
              "origin": [
                25.75,
                26.5,
                -4.5
              ],
              "size": [
                2.0,
                1.0,
                1.0
              ],
              "pivot": [
                25.75,
                27.0,
                -4.0
              ],
              "rotation": [
                0.0,
                -17.5,
                0.0
              ],
              "uv": [
                18,
                4
              ],
              "inflate": 0
            }
          ],
          "parent": "Handm4",
          "rotation": [
            102.91779,
            -28.78244,
            -8.16489
          ]
        }
      ]
    }
  ]
}