{
  "format_version": "1.12.0",
  "minecraft:geometry": [
    {
      "description": {
        "identifier": "geometry.ms_suryadev",
        "texture_width": 128,
        "texture_height": 128,
        "visible_bounds_width": 5,
        "visible_bounds_height": 5.5,
        "visible_bounds_offset": [
          0,
          2.25,
          0
        ]
      },
      "bones": [
        {
          "name": "Suryadev"
        },
        {
          "name": "Leg3",
          "cubes": [
            {
              "origin": [
                -1.0,
                3.0,
                -2.0
              ],
              "size": [
                2.0,
                18.0,
                3.0
              ],
              "uv": [
                21,
                73
              ],
              "inflate": 0
            }
          ],
          "parent": "Suryadev"
        },
        {
          "name": "Leg",
          "pivot": [
            -3,
            21,
            2
          ],
          "parent": "Leg3"
        },
        {
          "name": "Joinleg",
          "pivot": [
            -2.5,
            21,
            1.5
          ],
          "cubes": [
            {
              "origin": [
                -5.0,
                7.0,
                -1.0
              ],
              "size": [
                5.0,
                14.0,
                5.0
              ],
              "uv": [
                36,
                42
              ],
              "inflate": 0
            }
          ],
          "parent": "Leg",
          "rotation": [
            0,
            15,
            5
          ]
        },
        {
          "name": "Midleg",
          "pivot": [
            -2.5,
            12,
            1.25
          ],
          "cubes": [
            {
              "origin": [
                -4.5,
                3.0,
                -0.75
              ],
              "size": [
                4.0,
                9.0,
                4.0
              ],
              "uv": [
                65,
                74
              ],
              "inflate": 0
            }
          ],
          "parent": "Joinleg",
          "rotation": [
            0,
            0,
            -5
          ]
        },
        {
          "name": "Paul",
          "pivot": [
            -2.48864,
            3,
            1.29545
          ],
          "cubes": [
            {
              "origin": [
                -5.0,
                0.0,
                2.0
              ],
              "size": [
                5.0,
                1.0,
                3.0
              ],
              "uv": [
                0,
                81
              ],
              "inflate": 0
            },
            {
              "origin": [
                -5.0,
                0.0,
                -3.0
              ],
              "size": [
                5.0,
                1.0,
                3.0
              ],
              "uv": [
                79,
                37
              ],
              "inflate": 0
            },
            {
              "origin": [
                -5.0,
                0.5,
                0.0
              ],
              "size": [
                5.0,
                1.0,
                2.0
              ],
              "uv": [
                0,
                85
              ],
              "inflate": 0
            },
            {
              "origin": [
                -5.0,
                0.0,
                -5.0
              ],
              "size": [
                1.0,
                1.0,
                2.0
              ],
              "uv": [
                56,
                87
              ],
              "inflate": 0
            },
            {
              "origin": [
                -4.0,
                0.0,
                -5.5
              ],
              "size": [
                1.0,
                1.0,
                3.0
              ],
              "uv": [
                67,
                87
              ],
              "inflate": 0
            },
            {
              "origin": [
                -3.0,
                0.0,
                -5.75
              ],
              "size": [
                1.0,
                1.0,
                3.0
              ],
              "uv": [
                59,
                87
              ],
              "inflate": 0
            },
            {
              "origin": [
                -2.0,
                0.0,
                -6.0
              ],
              "size": [
                1.0,
                1.0,
                3.0
              ],
              "uv": [
                51,
                87
              ],
              "inflate": 0
            },
            {
              "origin": [
                -1.0,
                0.0,
                -5.75
              ],
              "size": [
                1.25,
                1.0,
                3.0
              ],
              "uv": [
                86,
                29
              ],
              "inflate": 0
            },
            {
              "origin": [
                -5.0,
                1.0,
                -2.25
              ],
              "size": [
                5.0,
                1.0,
                7.0
              ],
              "uv": [
                69,
                55
              ],
              "inflate": 0
            },
            {
              "origin": [
                -5.0,
                2.0,
                -1.25
              ],
              "size": [
                5.0,
                1.0,
                5.0
              ],
              "uv": [
                0,
                75
              ],
              "inflate": 0
            },
            {
              "origin": [
                -5.0,
                0.5,
                -4.25
              ],
              "size": [
                5.0,
                1.0,
                2.0
              ],
              "uv": [
                82,
                0
              ],
              "inflate": 0
            }
          ],
          "parent": "Midleg"
        },
        {
          "name": "Leg2",
          "pivot": [
            2,
            21,
            2
          ],
          "parent": "Leg3"
        },
        {
          "name": "Joinleg2",
          "pivot": [
            2.5,
            21,
            1.5
          ],
          "cubes": [
            {
              "origin": [
                0.0,
                7.0,
                -1.0
              ],
              "size": [
                5.0,
                14.0,
                5.0
              ],
              "uv": [
                40,
                0
              ],
              "inflate": 0
            }
          ],
          "parent": "Leg2",
          "rotation": [
            0,
            -15,
            -5
          ]
        },
        {
          "name": "Midleg2",
          "pivot": [
            2.5,
            12,
            1.25
          ],
          "cubes": [
            {
              "origin": [
                0.5,
                3.0,
                -0.75
              ],
              "size": [
                4.0,
                9.0,
                4.0
              ],
              "uv": [
                49,
                74
              ],
              "inflate": 0
            }
          ],
          "parent": "Joinleg2",
          "rotation": [
            0,
            0,
            5
          ]
        },
        {
          "name": "Paul2",
          "pivot": [
            2.51136,
            3,
            1.29545
          ],
          "cubes": [
            {
              "origin": [
                0.0,
                0.0,
                2.0
              ],
              "size": [
                5.0,
                1.0,
                3.0
              ],
              "uv": [
                76,
                63
              ],
              "inflate": 0
            },
            {
              "origin": [
                0.0,
                0.0,
                -3.0
              ],
              "size": [
                5.0,
                1.0,
                3.0
              ],
              "uv": [
                76,
                48
              ],
              "inflate": 0
            },
            {
              "origin": [
                0.0,
                0.5,
                0.0
              ],
              "size": [
                5.0,
                1.0,
                2.0
              ],
              "uv": [
                81,
                67
              ],
              "inflate": 0
            },
            {
              "origin": [
                4.0,
                0.0,
                -5.0
              ],
              "size": [
                1.0,
                1.0,
                2.0
              ],
              "uv": [
                0,
                70
              ],
              "inflate": 0
            },
            {
              "origin": [
                3.0,
                0.0,
                -5.5
              ],
              "size": [
                1.0,
                1.0,
                3.0
              ],
              "uv": [
                85,
                70
              ],
              "inflate": 0
            },
            {
              "origin": [
                2.0,
                0.0,
                -5.75
              ],
              "size": [
                1.0,
                1.0,
                3.0
              ],
              "uv": [
                13,
                82
              ],
              "inflate": 0
            },
            {
              "origin": [
                1.0,
                0.0,
                -6.0
              ],
              "size": [
                1.0,
                1.0,
                3.0
              ],
              "uv": [
                61,
                74
              ],
              "inflate": 0
            },
            {
              "origin": [
                0.0,
                0.0,
                -5.75
              ],
              "size": [
                1.25,
                1.0,
                3.0
              ],
              "uv": [
                73,
                29
              ],
              "inflate": 0
            },
            {
              "origin": [
                0.0,
                1.0,
                -2.25
              ],
              "size": [
                5.0,
                1.0,
                7.0
              ],
              "uv": [
                29,
                68
              ],
              "inflate": 0
            },
            {
              "origin": [
                0.0,
                2.0,
                -1.25
              ],
              "size": [
                5.0,
                1.0,
                5.0
              ],
              "uv": [
                0,
                60
              ],
              "inflate": 0
            },
            {
              "origin": [
                0.0,
                0.5,
                -4.25
              ],
              "size": [
                5.0,
                1.0,
                2.0
              ],
              "uv": [
                76,
                52
              ],
              "inflate": 0
            }
          ],
          "parent": "Midleg2"
        },
        {
          "name": "Body",
          "pivot": [
            0,
            21,
            0
          ],
          "cubes": [
            {
              "origin": [
                -4.0,
                21.0,
                -1.0
              ],
              "size": [
                8.0,
                2.0,
                5.0
              ],
              "uv": [
                63,
                16
              ],
              "inflate": 0
            },
            {
              "origin": [
                -5.0,
                27.0,
                -1.0
              ],
              "size": [
                10.0,
                7.0,
                5.0
              ],
              "uv": [
                20,
                30
              ],
              "inflate": 0
            },
            {
              "origin": [
                -5.0,
                20.75,
                -1.25
              ],
              "size": [
                10.0,
                14.0,
                0.0
              ],
              "uv": [
                56,
                48
              ],
              "inflate": 0
            },
            {
              "origin": [
                -5.0,
                5.0,
                5.0
              ],
              "size": [
                10.0,
                30.0,
                0.0
              ],
              "uv": [
                0,
                30
              ],
              "inflate": 0
            },
            {
              "origin": [
                -7.0,
                5.0,
                -2.0
              ],
              "size": [
                3.0,
                30.0,
                1.0
              ],
              "uv": [
                28,
                42
              ],
              "inflate": 0
            },
            {
              "origin": [
                4.0,
                5.0,
                -2.0
              ],
              "size": [
                3.0,
                30.0,
                1.0
              ],
              "uv": [
                20,
                42
              ],
              "inflate": 0
            },
            {
              "origin": [
                4.0,
                35.0,
                -2.0
              ],
              "size": [
                3.0,
                0.0,
                6.0
              ],
              "uv": [
                46,
                68
              ],
              "inflate": 0
            },
            {
              "origin": [
                -7.0,
                35.0,
                -2.0
              ],
              "size": [
                3.0,
                0.0,
                6.0
              ],
              "uv": [
                40,
                68
              ],
              "inflate": 0
            },
            {
              "origin": [
                -15.0,
                5.0,
                5.0
              ],
              "size": [
                10.0,
                30.0,
                0.0
              ],
              "pivot": [
                -5.0,
                17.0,
                5.0
              ],
              "rotation": [
                0.0,
                -15.0,
                0.0
              ],
              "uv": [
                20,
                0
              ],
              "inflate": 0
            },
            {
              "origin": [
                5.0,
                5.0,
                5.0
              ],
              "size": [
                10.0,
                30.0,
                0.0
              ],
              "pivot": [
                5.0,
                17.0,
                5.0
              ],
              "rotation": [
                0.0,
                15.0,
                0.0
              ],
              "uv": [
                0,
                0
              ],
              "inflate": 0
            },
            {
              "origin": [
                -4.5,
                33.25,
                -1.0
              ],
              "size": [
                9.0,
                1.0,
                5.0
              ],
              "uv": [
                36,
                62
              ],
              "inflate": 0
            },
            {
              "origin": [
                -4.0,
                33.75,
                -1.0
              ],
              "size": [
                8.0,
                1.0,
                5.0
              ],
              "uv": [
                68,
                23
              ],
              "inflate": 0
            },
            {
              "origin": [
                -4.5,
                23.0,
                -1.0
              ],
              "size": [
                9.0,
                4.0,
                5.0
              ],
              "uv": [
                56,
                39
              ],
              "inflate": 0
            }
          ],
          "parent": "Suryadev"
        },
        {
          "name": "Head",
          "pivot": [
            0,
            35,
            2
          ],
          "cubes": [
            {
              "origin": [
                -1.5,
                34.75,
                0.0
              ],
              "size": [
                3.0,
                2.0,
                3.0
              ],
              "uv": [
                84,
                41
              ],
              "inflate": 0
            },
            {
              "origin": [
                -3.0,
                36.0,
                -1.0
              ],
              "size": [
                6.0,
                6.0,
                5.0
              ],
              "uv": [
                59,
                63
              ],
              "inflate": 0
            },
            {
              "origin": [
                -3.0,
                42.0,
                -2.0
              ],
              "size": [
                6.0,
                2.0,
                6.0
              ],
              "uv": [
                0,
                67
              ],
              "inflate": 0
            },
            {
              "origin": [
                -3.0,
                38.0,
                4.0
              ],
              "size": [
                6.0,
                3.0,
                1.0
              ],
              "uv": [
                31,
                82
              ],
              "inflate": 0
            },
            {
              "origin": [
                -2.0,
                44.0,
                -2.0
              ],
              "size": [
                4.0,
                2.0,
                4.0
              ],
              "uv": [
                31,
                76
              ],
              "inflate": 0
            },
            {
              "origin": [
                -1.0,
                46.0,
                -1.0
              ],
              "size": [
                2.0,
                2.0,
                2.0
              ],
              "uv": [
                45,
                29
              ],
              "inflate": 0
            },
            {
              "origin": [
                -4.0,
                41.0,
                -1.0
              ],
              "size": [
                1.0,
                2.0,
                5.0
              ],
              "uv": [
                82,
                3
              ],
              "inflate": 0
            },
            {
              "origin": [
                3.0,
                41.0,
                -1.0
              ],
              "size": [
                1.0,
                2.0,
                5.0
              ],
              "uv": [
                81,
                78
              ],
              "inflate": 0
            },
            {
              "origin": [
                -4.0,
                40.0,
                -2.0
              ],
              "size": [
                2.0,
                2.0,
                2.0
              ],
              "uv": [
                55,
                0
              ],
              "inflate": 0
            },
            {
              "origin": [
                2.0,
                40.0,
                -2.0
              ],
              "size": [
                2.0,
                2.0,
                2.0
              ],
              "uv": [
                51,
                39
              ],
              "inflate": 0
            },
            {
              "origin": [
                -3.5,
                38.0,
                1.0
              ],
              "size": [
                1.0,
                2.0,
                1.0
              ],
              "uv": [
                75,
                89
              ],
              "inflate": 0
            },
            {
              "origin": [
                2.5,
                38.0,
                1.0
              ],
              "size": [
                1.0,
                2.0,
                1.0
              ],
              "uv": [
                78,
                29
              ],
              "inflate": 0
            },
            {
              "origin": [
                2.5,
                35.0,
                2.0
              ],
              "size": [
                2.0,
                6.0,
                2.0
              ],
              "uv": [
                12,
                86
              ],
              "inflate": 0
            },
            {
              "origin": [
                -4.5,
                35.0,
                2.0
              ],
              "size": [
                2.0,
                6.0,
                2.0
              ],
              "uv": [
                79,
                85
              ],
              "inflate": 0
            },
            {
              "origin": [
                -0.5,
                37.0,
                -1.75
              ],
              "size": [
                1.0,
                2.0,
                1.0
              ],
              "pivot": [
                0.5,
                37.0,
                -1.0
              ],
              "rotation": [
                -27.5,
                0.0,
                0.0
              ],
              "uv": [
                63,
                18
              ],
              "inflate": 0
            }
          ],
          "parent": "Body"
        },
        {
          "name": "Crown",
          "pivot": [
            0,
            42.5,
            4.5
          ],
          "cubes": [
            {
              "origin": [
                -0.5,
                48.0,
                4.0
              ],
              "size": [
                1.0,
                3.0,
                1.0
              ],
              "uv": [
                89,
                22
              ],
              "inflate": 0
            },
            {
              "origin": [
                -1.0,
                47.0,
                4.0
              ],
              "size": [
                2.0,
                1.0,
                1.0
              ],
              "uv": [
                89,
                26
              ],
              "inflate": 0
            }
          ],
          "parent": "Head"
        },
        {
          "name": "Crown2",
          "pivot": [
            0,
            42.5,
            4.5
          ],
          "cubes": [
            {
              "origin": [
                -0.5,
                48.0,
                4.0
              ],
              "size": [
                1.0,
                3.0,
                1.0
              ],
              "uv": [
                81,
                78
              ],
              "inflate": 0
            },
            {
              "origin": [
                -1.0,
                47.0,
                4.0
              ],
              "size": [
                2.0,
                1.0,
                1.0
              ],
              "uv": [
                89,
                20
              ],
              "inflate": 0
            }
          ],
          "parent": "Head",
          "rotation": [
            0,
            0,
            -20
          ]
        },
        {
          "name": "Crown3",
          "pivot": [
            0,
            42.5,
            4.5
          ],
          "cubes": [
            {
              "origin": [
                -0.5,
                48.0,
                4.0
              ],
              "size": [
                1.0,
                3.0,
                1.0
              ],
              "uv": [
                31,
                76
              ],
              "inflate": 0
            },
            {
              "origin": [
                -1.0,
                47.0,
                4.0
              ],
              "size": [
                2.0,
                1.0,
                1.0
              ],
              "uv": [
                89,
                5
              ],
              "inflate": 0
            }
          ],
          "parent": "Head",
          "rotation": [
            0,
            0,
            -40
          ]
        },
        {
          "name": "Crown4",
          "pivot": [
            0,
            42.5,
            4.5
          ],
          "cubes": [
            {
              "origin": [
                -0.5,
                48.0,
                4.0
              ],
              "size": [
                1.0,
                3.0,
                1.0
              ],
              "uv": [
                0,
                75
              ],
              "inflate": 0
            },
            {
              "origin": [
                -1.0,
                47.0,
                4.0
              ],
              "size": [
                2.0,
                1.0,
                1.0
              ],
              "uv": [
                89,
                3
              ],
              "inflate": 0
            }
          ],
          "parent": "Head",
          "rotation": [
            0,
            0,
            -57.5
          ]
        },
        {
          "name": "Crown5",
          "pivot": [
            0,
            42.5,
            4.5
          ],
          "cubes": [
            {
              "origin": [
                -0.5,
                48.0,
                4.0
              ],
              "size": [
                1.0,
                3.0,
                1.0
              ],
              "uv": [
                68,
                23
              ],
              "inflate": 0
            },
            {
              "origin": [
                -1.0,
                47.0,
                4.0
              ],
              "size": [
                2.0,
                1.0,
                1.0
              ],
              "uv": [
                88,
                81
              ],
              "inflate": 0
            }
          ],
          "parent": "Head",
          "rotation": [
            0,
            0,
            -77.5
          ]
        },
        {
          "name": "Crown6",
          "pivot": [
            0,
            42.5,
            4.5
          ],
          "cubes": [
            {
              "origin": [
                -0.5,
                48.0,
                4.0
              ],
              "size": [
                1.0,
                3.0,
                1.0
              ],
              "uv": [
                59,
                62
              ],
              "inflate": 0
            },
            {
              "origin": [
                -1.0,
                47.0,
                4.0
              ],
              "size": [
                2.0,
                1.0,
                1.0
              ],
              "uv": [
                88,
                79
              ],
              "inflate": 0
            }
          ],
          "parent": "Head",
          "rotation": [
            0,
            0,
            -97.5
          ]
        },
        {
          "name": "Crown7",
          "pivot": [
            0,
            42.5,
            4.5
          ],
          "cubes": [
            {
              "origin": [
                -0.5,
                48.0,
                4.0
              ],
              "size": [
                1.0,
                3.0,
                1.0
              ],
              "uv": [
                36,
                61
              ],
              "inflate": 0
            },
            {
              "origin": [
                -1.0,
                47.0,
                4.0
              ],
              "size": [
                2.0,
                1.0,
                1.0
              ],
              "uv": [
                88,
                77
              ],
              "inflate": 0
            }
          ],
          "parent": "Head",
          "rotation": [
            0,
            0,
            -117.5
          ]
        },
        {
          "name": "Crown8",
          "pivot": [
            0,
            42.5,
            4.5
          ],
          "cubes": [
            {
              "origin": [
                -0.5,
                48.0,
                4.0
              ],
              "size": [
                1.0,
                3.0,
                1.0
              ],
              "uv": [
                15,
                60
              ],
              "inflate": 0
            },
            {
              "origin": [
                -1.0,
                47.0,
                4.0
              ],
              "size": [
                2.0,
                1.0,
                1.0
              ],
              "uv": [
                88,
                52
              ],
              "inflate": 0
            }
          ],
          "parent": "Head",
          "rotation": [
            0,
            0,
            -137.5
          ]
        },
        {
          "name": "Crown9",
          "pivot": [
            0,
            42.5,
            4.5
          ],
          "cubes": [
            {
              "origin": [
                -0.5,
                48.0,
                4.0
              ],
              "size": [
                1.0,
                3.0,
                1.0
              ],
              "uv": [
                60,
                8
              ],
              "inflate": 0
            },
            {
              "origin": [
                -1.0,
                47.0,
                4.0
              ],
              "size": [
                2.0,
                1.0,
                1.0
              ],
              "uv": [
                6,
                88
              ],
              "inflate": 0
            }
          ],
          "parent": "Head",
          "rotation": [
            0,
            0,
            20
          ]
        },
        {
          "name": "Crown10",
          "pivot": [
            0,
            42.5,
            4.5
          ],
          "cubes": [
            {
              "origin": [
                -0.5,
                48.0,
                4.0
              ],
              "size": [
                1.0,
                3.0,
                1.0
              ],
              "uv": [
                0,
                60
              ],
              "inflate": 0
            },
            {
              "origin": [
                -1.0,
                47.0,
                4.0
              ],
              "size": [
                2.0,
                1.0,
                1.0
              ],
              "uv": [
                0,
                88
              ],
              "inflate": 0
            }
          ],
          "parent": "Head",
          "rotation": [
            0,
            0,
            40
          ]
        },
        {
          "name": "Crown11",
          "pivot": [
            0,
            42.5,
            4.5
          ],
          "cubes": [
            {
              "origin": [
                -0.5,
                48.0,
                4.0
              ],
              "size": [
                1.0,
                3.0,
                1.0
              ],
              "uv": [
                51,
                43
              ],
              "inflate": 0
            },
            {
              "origin": [
                -1.0,
                47.0,
                4.0
              ],
              "size": [
                2.0,
                1.0,
                1.0
              ],
              "uv": [
                87,
                87
              ],
              "inflate": 0
            }
          ],
          "parent": "Head",
          "rotation": [
            0,
            0,
            60
          ]
        },
        {
          "name": "Crown12",
          "pivot": [
            0,
            42.5,
            4.5
          ],
          "cubes": [
            {
              "origin": [
                -0.5,
                48.0,
                4.0
              ],
              "size": [
                1.0,
                3.0,
                1.0
              ],
              "uv": [
                36,
                42
              ],
              "inflate": 0
            },
            {
              "origin": [
                -1.0,
                47.0,
                4.0
              ],
              "size": [
                2.0,
                1.0,
                1.0
              ],
              "uv": [
                72,
                87
              ],
              "inflate": 0
            }
          ],
          "parent": "Head",
          "rotation": [
            0,
            0,
            80
          ]
        },
        {
          "name": "Crown13",
          "pivot": [
            0,
            42.5,
            4.5
          ],
          "cubes": [
            {
              "origin": [
                -0.5,
                48.0,
                4.0
              ],
              "size": [
                1.0,
                3.0,
                1.0
              ],
              "uv": [
                40,
                19
              ],
              "inflate": 0
            },
            {
              "origin": [
                -1.0,
                47.0,
                4.0
              ],
              "size": [
                2.0,
                1.0,
                1.0
              ],
              "uv": [
                64,
                87
              ],
              "inflate": 0
            }
          ],
          "parent": "Head",
          "rotation": [
            0,
            0,
            100
          ]
        },
        {
          "name": "Crown14",
          "pivot": [
            0,
            42.5,
            4.5
          ],
          "cubes": [
            {
              "origin": [
                -0.5,
                48.0,
                4.0
              ],
              "size": [
                1.0,
                3.0,
                1.0
              ],
              "uv": [
                40,
                0
              ],
              "inflate": 0
            },
            {
              "origin": [
                -1.0,
                47.0,
                4.0
              ],
              "size": [
                2.0,
                1.0,
                1.0
              ],
              "uv": [
                85,
                85
              ],
              "inflate": 0
            }
          ],
          "parent": "Head",
          "rotation": [
            0,
            0,
            140
          ]
        },
        {
          "name": "Crown15",
          "pivot": [
            0,
            42.5,
            4.5
          ],
          "cubes": [
            {
              "origin": [
                -0.5,
                48.0,
                4.0
              ],
              "size": [
                1.0,
                3.0,
                1.0
              ],
              "uv": [
                20,
                30
              ],
              "inflate": 0
            },
            {
              "origin": [
                -1.0,
                47.0,
                4.0
              ],
              "size": [
                2.0,
                1.0,
                1.0
              ],
              "uv": [
                43,
                78
              ],
              "inflate": 0
            }
          ],
          "parent": "Head",
          "rotation": [
            0,
            0,
            120
          ]
        },
        {
          "name": "Hand",
          "pivot": [
            5,
            34,
            1
          ],
          "cubes": [
            {
              "origin": [
                5.0,
                31.0,
                -1.0
              ],
              "size": [
                9.0,
                5.0,
                5.0
              ],
              "uv": [
                50,
                29
              ],
              "inflate": 0
            }
          ],
          "parent": "Body",
          "rotation": [
            0,
            -10,
            45
          ]
        },
        {
          "name": "Handm",
          "pivot": [
            13.75,
            34,
            0
          ],
          "cubes": [
            {
              "origin": [
                11.75,
                31.5,
                -0.5
              ],
              "size": [
                9.0,
                4.0,
                4.0
              ],
              "uv": [
                60,
                8
              ],
              "inflate": 0
            }
          ],
          "parent": "Hand",
          "rotation": [
            20,
            67.5,
            0
          ]
        },
        {
          "name": "Handfingers",
          "pivot": [
            20.25,
            33.5,
            1.5
          ],
          "cubes": [
            {
              "origin": [
                19.75,
                31.5,
                -0.5
              ],
              "size": [
                2.0,
                4.0,
                4.0
              ],
              "uv": [
                78,
                29
              ],
              "inflate": 0
            },
            {
              "origin": [
                21.75,
                31.5,
                -0.5
              ],
              "size": [
                1.0,
                4.0,
                4.0
              ],
              "uv": [
                84,
                12
              ],
              "inflate": 0
            },
            {
              "origin": [
                24.25,
                34.5,
                2.5
              ],
              "size": [
                3.0,
                1.0,
                1.0
              ],
              "pivot": [
                23.75,
                35.0,
                3.0
              ],
              "rotation": [
                0.0,
                60.0,
                0.0
              ],
              "uv": [
                84,
                46
              ],
              "inflate": 0
            },
            {
              "origin": [
                24.25,
                33.5,
                2.5
              ],
              "size": [
                4.0,
                1.0,
                1.0
              ],
              "pivot": [
                24.25,
                34.0,
                3.0
              ],
              "rotation": [
                0.0,
                70.0,
                0.0
              ],
              "uv": [
                82,
                10
              ],
              "inflate": 0
            },
            {
              "origin": [
                24.75,
                32.5,
                2.5
              ],
              "size": [
                3.0,
                1.0,
                1.0
              ],
              "pivot": [
                24.25,
                33.0,
                3.0
              ],
              "rotation": [
                0.0,
                62.5,
                0.0
              ],
              "uv": [
                79,
                41
              ],
              "inflate": 0
            },
            {
              "origin": [
                24.75,
                31.5,
                2.5
              ],
              "size": [
                2.0,
                1.0,
                1.0
              ],
              "pivot": [
                23.75,
                32.0,
                3.0
              ],
              "rotation": [
                0.0,
                72.5,
                0.0
              ],
              "uv": [
                87,
                89
              ],
              "inflate": 0
            },
            {
              "origin": [
                22.75,
                31.5,
                1.5
              ],
              "size": [
                2.0,
                4.0,
                2.0
              ],
              "uv": [
                86,
                55
              ],
              "inflate": 0
            },
            {
              "origin": [
                22.75,
                33.5,
                -0.5
              ],
              "size": [
                1.0,
                2.0,
                2.0
              ],
              "uv": [
                15,
                75
              ],
              "inflate": 0
            },
            {
              "origin": [
                23.75,
                34.5,
                -0.5
              ],
              "size": [
                2.0,
                1.0,
                1.0
              ],
              "uv": [
                89,
                74
              ],
              "inflate": 0
            },
            {
              "origin": [
                23.75,
                9.5,
                0.5
              ],
              "size": [
                1.0,
                44.0,
                1.0
              ],
              "uv": [
                124,
                83
              ],
              "inflate": 0
            },
            {
              "origin": [
                24.25,
                50.5,
                -6.5
              ],
              "size": [
                0.0,
                15.0,
                15.0
              ],
              "uv": [
                0,
                98
              ],
              "inflate": 0
            }
          ],
          "parent": "Handm",
          "rotation": [
            22.5,
            40,
            0
          ]
        },
        {
          "name": "Hand2",
          "pivot": [
            -5,
            34,
            2
          ],
          "cubes": [
            {
              "origin": [
                -5.0,
                31.0,
                0.0
              ],
              "size": [
                9.0,
                5.0,
                5.0
              ],
              "uv": [
                40,
                19
              ],
              "inflate": 0
            }
          ],
          "parent": "Body",
          "rotation": [
            180,
            -5,
            122.5
          ]
        },
        {
          "name": "Handm2",
          "pivot": [
            2.75,
            34,
            1
          ],
          "cubes": [
            {
              "origin": [
                1.75,
                31.5,
                0.5
              ],
              "size": [
                9.0,
                4.0,
                4.0
              ],
              "uv": [
                60,
                0
              ],
              "inflate": 0
            }
          ],
          "parent": "Hand2",
          "rotation": [
            -6.8817,
            -26.59293,
            23.97027
          ]
        },
        {
          "name": "Handfingers2",
          "pivot": [
            10.25,
            33.5,
            2.5
          ],
          "cubes": [
            {
              "origin": [
                9.75,
                31.5,
                0.5
              ],
              "size": [
                2.0,
                4.0,
                4.0
              ],
              "uv": [
                77,
                70
              ],
              "inflate": 0
            },
            {
              "origin": [
                11.75,
                31.5,
                0.5
              ],
              "size": [
                1.0,
                4.0,
                4.0
              ],
              "uv": [
                41,
                83
              ],
              "inflate": 0
            },
            {
              "origin": [
                14.25,
                33.5,
                3.5
              ],
              "size": [
                3.0,
                1.0,
                1.0
              ],
              "pivot": [
                14.75,
                35.0,
                4.0
              ],
              "rotation": [
                -180.0,
                75.0,
                180.0
              ],
              "uv": [
                28,
                73
              ],
              "inflate": 0
            },
            {
              "origin": [
                14.25,
                32.5,
                3.5
              ],
              "size": [
                4.0,
                1.0,
                1.0
              ],
              "pivot": [
                14.75,
                35.0,
                4.0
              ],
              "rotation": [
                -180.0,
                77.5,
                180.0
              ],
              "uv": [
                43,
                76
              ],
              "inflate": 0
            },
            {
              "origin": [
                14.75,
                31.5,
                3.5
              ],
              "size": [
                3.0,
                1.0,
                1.0
              ],
              "pivot": [
                14.75,
                35.0,
                4.0
              ],
              "rotation": [
                -180.0,
                70.0,
                180.0
              ],
              "uv": [
                60,
                16
              ],
              "inflate": 0
            },
            {
              "origin": [
                14.75,
                34.5,
                3.5
              ],
              "size": [
                2.0,
                1.0,
                1.0
              ],
              "pivot": [
                14.75,
                35.0,
                4.0
              ],
              "rotation": [
                -180.0,
                75.0,
                180.0
              ],
              "uv": [
                89,
                63
              ],
              "inflate": 0
            },
            {
              "origin": [
                12.75,
                31.5,
                2.5
              ],
              "size": [
                2.0,
                4.0,
                2.0
              ],
              "uv": [
                31,
                86
              ],
              "inflate": 0
            },
            {
              "origin": [
                12.75,
                31.5,
                0.5
              ],
              "size": [
                1.0,
                2.0,
                2.0
              ],
              "uv": [
                0,
                66
              ],
              "inflate": 0
            },
            {
              "origin": [
                13.75,
                31.5,
                0.5
              ],
              "size": [
                2.0,
                1.0,
                1.0
              ],
              "pivot": [
                13.75,
                32.0,
                1.0
              ],
              "rotation": [
                0.0,
                -67.5,
                0.0
              ],
              "uv": [
                89,
                48
              ],
              "inflate": 0
            }
          ],
          "parent": "Handm2",
          "rotation": [
            81.36923,
            -27.62935,
            18.20283
          ]
        }
      ]
    }
  ]
}