{
  "format_version": "1.10.0",
  "geometry.ms_sadra": {
    "texturewidth": 64,
    "textureheight": 64,
    "visible_bounds_width": 3,
    "visible_bounds_height": 3,
    "visible_bounds_offset": [
      0,
      1.5,
      0
    ],
    "bones": [
      {
        "name": "body",
        "pivot": [
          0,
          24,
          0
        ],
        "cubes": [
          {
            "origin": [
              -4.0,
              8.0,
              -2.0
            ],
            "size": [
              8.0,
              16.0,
              4.0
            ],
            "uv": [
              0,
              0
            ],
            "inflate": 0.6
          },
          {
            "origin": [
              -1.0,
              15.5,
              -3.0
            ],
            "size": [
              1.0,
              8.0,
              1.0
            ],
            "uv": [
              24,
              0
            ],
            "inflate": 0
          },
          {
            "origin": [
              0.0,
              22.0,
              -3.0
            ],
            "size": [
              1.0,
              1.0,
              1.0
            ],
            "uv": [
              20,
              0
            ],
            "inflate": 0
          },
          {
            "origin": [
              0.0,
              20.0,
              -3.0
            ],
            "size": [
              1.0,
              1.0,
              1.0
            ],
            "uv": [
              0,
              20
            ],
            "inflate": 0
          },
          {
            "origin": [
              0.0,
              18.0,
              -3.0
            ],
            "size": [
              1.0,
              1.0,
              1.0
            ],
            "uv": [
              0,
              2
            ],
            "inflate": 0
          },
          {
            "origin": [
              0.0,
              16.0,
              -3.0
            ],
            "size": [
              1.0,
              1.0,
              1.0
            ],
            "uv": [
              0,
              0
            ],
            "inflate": 0
          }
        ]
      },
      {
        "name": "rightArm",
        "pivot": [
          -5,
          22,
          0
        ],
        "cubes": [
          {
            "origin": [
              -8.0,
              12.0,
              -2.0
            ],
            "size": [
              4.0,
              12.0,
              4.0
            ],
            "uv": [
              16,
              20
            ],
            "inflate": 0.6
          }
        ]
      },
      {
        "name": "leftArm",
        "pivot": [
          5,
          22,
          0
        ],
        "cubes": [
          {
            "origin": [
              4.0,
              12.0,
              -2.0
            ],
            "size": [
              4.0,
              12.0,
              4.0
            ],
            "uv": [
              0,
              20
            ],
            "inflate": 0.6,
            "mirror": false
          }
        ],
        "mirror": true
      }
    ]
  }
}