{
  "format_version": "1.12.0",
  "minecraft:geometry": [
    {
      "description": {
        "identifier": "geometry.ms_sidhi",
        "texture_width": 128,
        "texture_height": 128,
        "visible_bounds_width": 5,
        "visible_bounds_height": 5,
        "visible_bounds_offset": [
          0,
          1.5,
          0
        ]
      },
      "bones": [
        {
          "name": "Man"
        },
        {
          "name": "Legs",
          "cubes": [
            {
              "origin": [
                -5.0,
                21.0,
                -2.0
              ],
              "size": [
                10.0,
                2.0,
                7.0
              ],
              "uv": [
                33,
                37
              ],
              "inflate": 0
            },
            {
              "origin": [
                -4.0,
                5.0,
                -1.5
              ],
              "size": [
                8.0,
                16.0,
                0.0
              ],
              "uv": [
                67,
                73
              ],
              "inflate": 0
            },
            {
              "origin": [
                -5.0,
                14.0,
                -2.0
              ],
              "size": [
                10.0,
                7.0,
                0.0
              ],
              "uv": [
                83,
                26
              ],
              "inflate": 0
            }
          ],
          "parent": "Man"
        },
        {
          "name": "Leg",
          "pivot": [
            3,
            21,
            2
          ],
          "parent": "Legs"
        },
        {
          "name": "Joinleg",
          "pivot": [
            2.5,
            21,
            1.5
          ],
          "cubes": [
            {
              "origin": [
                0.0,
                12.0,
                -1.0
              ],
              "size": [
                5.0,
                9.0,
                5.0
              ],
              "uv": [
                71,
                35
              ],
              "inflate": 0
            }
          ],
          "parent": "Leg",
          "rotation": [
            0,
            -15,
            -5
          ]
        },
        {
          "name": "Midleg",
          "pivot": [
            2.5,
            12,
            1.25
          ],
          "cubes": [
            {
              "origin": [
                -0.5,
                3.0,
                -0.75
              ],
              "size": [
                5.0,
                9.0,
                5.0
              ],
              "uv": [
                67,
                59
              ],
              "inflate": 0
            }
          ],
          "parent": "Joinleg",
          "rotation": [
            1.43899,
            7.36143,
            16.09257
          ]
        },
        {
          "name": "Paul",
          "pivot": [
            2.48864,
            3,
            1.29545
          ],
          "cubes": [
            {
              "origin": [
                0.0,
                0.0,
                2.0
              ],
              "size": [
                5.0,
                1.0,
                3.0
              ],
              "uv": [
                87,
                64
              ],
              "inflate": 0
            },
            {
              "origin": [
                0.0,
                0.0,
                -3.0
              ],
              "size": [
                5.0,
                1.0,
                3.0
              ],
              "uv": [
                22,
                87
              ],
              "inflate": 0
            },
            {
              "origin": [
                0.0,
                0.5,
                0.0
              ],
              "size": [
                5.0,
                1.0,
                2.0
              ],
              "uv": [
                77,
                91
              ],
              "inflate": 0
            },
            {
              "origin": [
                4.0,
                0.0,
                -5.0
              ],
              "size": [
                1.0,
                1.0,
                2.0
              ],
              "uv": [
                0,
                48
              ],
              "inflate": 0
            },
            {
              "origin": [
                3.0,
                0.0,
                -5.5
              ],
              "size": [
                1.0,
                1.0,
                3.0
              ],
              "uv": [
                92,
                50
              ],
              "inflate": 0
            },
            {
              "origin": [
                2.0,
                0.0,
                -5.75
              ],
              "size": [
                1.0,
                1.0,
                3.0
              ],
              "uv": [
                44,
                92
              ],
              "inflate": 0
            },
            {
              "origin": [
                1.0,
                0.0,
                -6.0
              ],
              "size": [
                1.0,
                1.0,
                3.0
              ],
              "uv": [
                92,
                5
              ],
              "inflate": 0
            },
            {
              "origin": [
                -0.25,
                0.0,
                -5.75
              ],
              "size": [
                1.25,
                1.0,
                3.0
              ],
              "uv": [
                9,
                85
              ],
              "inflate": 0
            },
            {
              "origin": [
                0.0,
                1.0,
                -2.25
              ],
              "size": [
                5.0,
                1.0,
                7.0
              ],
              "uv": [
                17,
                79
              ],
              "inflate": 0
            },
            {
              "origin": [
                0.0,
                2.0,
                -1.25
              ],
              "size": [
                5.0,
                1.0,
                5.0
              ],
              "uv": [
                83,
                15
              ],
              "inflate": 0
            },
            {
              "origin": [
                0.0,
                0.5,
                -4.25
              ],
              "size": [
                5.0,
                1.0,
                2.0
              ],
              "uv": [
                91,
                42
              ],
              "inflate": 0
            }
          ],
          "parent": "Midleg"
        },
        {
          "name": "Leg2",
          "pivot": [
            -2,
            21,
            2
          ],
          "parent": "Legs"
        },
        {
          "name": "Joinleg2",
          "pivot": [
            -2.5,
            21,
            1.5
          ],
          "cubes": [
            {
              "origin": [
                -5.0,
                12.0,
                -1.0
              ],
              "size": [
                5.0,
                9.0,
                5.0
              ],
              "uv": [
                20,
                65
              ],
              "inflate": 0
            }
          ],
          "parent": "Leg2",
          "rotation": [
            0,
            15,
            5
          ]
        },
        {
          "name": "Midleg2",
          "pivot": [
            -2.5,
            12,
            1.25
          ],
          "cubes": [
            {
              "origin": [
                -4.5,
                3.0,
                -0.75
              ],
              "size": [
                5.0,
                9.0,
                5.0
              ],
              "uv": [
                0,
                63
              ],
              "inflate": 0
            }
          ],
          "parent": "Joinleg2",
          "rotation": [
            3.33966,
            -4.4837,
            -15.23995
          ]
        },
        {
          "name": "Paul2",
          "pivot": [
            -2.51136,
            3,
            1.29545
          ],
          "cubes": [
            {
              "origin": [
                -5.0,
                0.0,
                2.0
              ],
              "size": [
                5.0,
                1.0,
                3.0
              ],
              "uv": [
                83,
                21
              ],
              "inflate": 0
            },
            {
              "origin": [
                -5.0,
                0.0,
                -3.0
              ],
              "size": [
                5.0,
                1.0,
                3.0
              ],
              "uv": [
                82,
                11
              ],
              "inflate": 0
            },
            {
              "origin": [
                -5.0,
                0.5,
                0.0
              ],
              "size": [
                5.0,
                1.0,
                2.0
              ],
              "uv": [
                91,
                39
              ],
              "inflate": 0
            },
            {
              "origin": [
                -5.0,
                0.0,
                -5.0
              ],
              "size": [
                1.0,
                1.0,
                2.0
              ],
              "uv": [
                40,
                16
              ],
              "inflate": 0
            },
            {
              "origin": [
                -4.0,
                0.0,
                -5.5
              ],
              "size": [
                1.0,
                1.0,
                3.0
              ],
              "uv": [
                35,
                65
              ],
              "inflate": 0
            },
            {
              "origin": [
                -3.0,
                0.0,
                -5.75
              ],
              "size": [
                1.0,
                1.0,
                3.0
              ],
              "uv": [
                65,
                0
              ],
              "inflate": 0
            },
            {
              "origin": [
                -2.0,
                0.0,
                -6.0
              ],
              "size": [
                1.0,
                1.0,
                3.0
              ],
              "uv": [
                15,
                63
              ],
              "inflate": 0
            },
            {
              "origin": [
                -1.25,
                0.0,
                -5.75
              ],
              "size": [
                1.25,
                1.0,
                3.0
              ],
              "uv": [
                40,
                56
              ],
              "inflate": 0
            },
            {
              "origin": [
                -5.0,
                1.0,
                -2.25
              ],
              "size": [
                5.0,
                1.0,
                7.0
              ],
              "uv": [
                0,
                77
              ],
              "inflate": 0
            },
            {
              "origin": [
                -5.0,
                2.0,
                -1.25
              ],
              "size": [
                5.0,
                1.0,
                5.0
              ],
              "uv": [
                40,
                31
              ],
              "inflate": 0
            },
            {
              "origin": [
                -5.0,
                0.5,
                -4.25
              ],
              "size": [
                5.0,
                1.0,
                2.0
              ],
              "uv": [
                89,
                47
              ],
              "inflate": 0
            }
          ],
          "parent": "Midleg2"
        },
        {
          "name": "Body",
          "pivot": [
            0,
            21,
            0
          ],
          "cubes": [
            {
              "origin": [
                -4.0,
                21.0,
                -1.0
              ],
              "size": [
                8.0,
                2.0,
                5.0
              ],
              "uv": [
                71,
                51
              ],
              "inflate": 0
            },
            {
              "origin": [
                2.0,
                23.0,
                -1.75
              ],
              "size": [
                3.0,
                12.0,
                7.0
              ],
              "uv": [
                0,
                44
              ],
              "inflate": 0
            },
            {
              "origin": [
                -5.0,
                23.0,
                -1.75
              ],
              "size": [
                3.0,
                12.0,
                7.0
              ],
              "uv": [
                40,
                12
              ],
              "inflate": 0
            },
            {
              "origin": [
                -5.0,
                27.0,
                -1.0
              ],
              "size": [
                10.0,
                7.0,
                5.0
              ],
              "uv": [
                40,
                0
              ],
              "inflate": 0
            },
            {
              "origin": [
                -5.0,
                24.0,
                -1.5
              ],
              "size": [
                10.0,
                11.0,
                1.0
              ],
              "uv": [
                45,
                64
              ],
              "inflate": 0
            },
            {
              "origin": [
                -4.5,
                33.25,
                -1.0
              ],
              "size": [
                9.0,
                1.0,
                5.0
              ],
              "uv": [
                60,
                20
              ],
              "inflate": 0
            },
            {
              "origin": [
                -4.0,
                33.75,
                -1.0
              ],
              "size": [
                8.0,
                1.0,
                5.0
              ],
              "uv": [
                35,
                76
              ],
              "inflate": 0
            },
            {
              "origin": [
                -4.5,
                23.0,
                -1.0
              ],
              "size": [
                9.0,
                4.0,
                5.0
              ],
              "uv": [
                55,
                26
              ],
              "inflate": 0
            }
          ],
          "parent": "Man"
        },
        {
          "name": "Head",
          "pivot": [
            0,
            35,
            2
          ],
          "cubes": [
            {
              "origin": [
                -1.5,
                34.75,
                0.0
              ],
              "size": [
                3.0,
                2.0,
                3.0
              ],
              "uv": [
                87,
                68
              ],
              "inflate": 0
            },
            {
              "origin": [
                -3.0,
                36.0,
                -1.0
              ],
              "size": [
                6.0,
                6.0,
                5.0
              ],
              "uv": [
                70,
                0
              ],
              "inflate": 0
            },
            {
              "origin": [
                3.0,
                35.0,
                -1.0
              ],
              "size": [
                0.0,
                7.0,
                5.0
              ],
              "pivot": [
                3.0,
                42.0,
                1.5
              ],
              "rotation": [
                0.0,
                0.0,
                -30.0
              ],
              "uv": [
                60,
                30
              ],
              "inflate": 0
            },
            {
              "origin": [
                -3.0,
                35.0,
                -1.0
              ],
              "size": [
                0.0,
                7.0,
                5.0
              ],
              "pivot": [
                -3.0,
                42.0,
                1.5
              ],
              "rotation": [
                0.0,
                0.0,
                30.0
              ],
              "uv": [
                13,
                39
              ],
              "inflate": 0
            },
            {
              "origin": [
                0.0,
                35.75,
                -1.2
              ],
              "size": [
                3.0,
                2.0,
                2.0
              ],
              "uv": [
                43,
                46
              ],
              "inflate": 0
            },
            {
              "origin": [
                -10.0,
                2.0,
                7.0
              ],
              "size": [
                20.0,
                44.0,
                0.0
              ],
              "uv": [
                0,
                0
              ],
              "inflate": 0
            },
            {
              "origin": [
                -3.5,
                42.0,
                -1.0
              ],
              "size": [
                7.0,
                3.0,
                6.0
              ],
              "uv": [
                20,
                56
              ],
              "inflate": 0
            },
            {
              "origin": [
                -4.5,
                42.0,
                0.0
              ],
              "size": [
                1.0,
                3.0,
                3.0
              ],
              "uv": [
                59,
                79
              ],
              "inflate": 0
            },
            {
              "origin": [
                -3.0,
                45.0,
                -0.5
              ],
              "size": [
                6.0,
                1.0,
                5.0
              ],
              "uv": [
                82,
                58
              ],
              "inflate": 0
            },
            {
              "origin": [
                -2.5,
                46.0,
                0.0
              ],
              "size": [
                5.0,
                1.0,
                4.0
              ],
              "uv": [
                87,
                0
              ],
              "inflate": 0
            },
            {
              "origin": [
                -4.5,
                45.0,
                4.0
              ],
              "size": [
                9.0,
                8.0,
                0.0
              ],
              "uv": [
                83,
                73
              ],
              "inflate": 0
            },
            {
              "origin": [
                -3.5,
                35.0,
                4.0
              ],
              "size": [
                7.0,
                8.0,
                2.0
              ],
              "uv": [
                41,
                82
              ],
              "inflate": 0
            },
            {
              "origin": [
                -3.5,
                38.0,
                2.0
              ],
              "size": [
                7.0,
                4.0,
                2.0
              ],
              "uv": [
                86,
                33
              ],
              "inflate": 0
            },
            {
              "origin": [
                2.5,
                38.0,
                1.0
              ],
              "size": [
                1.0,
                2.0,
                1.0
              ],
              "uv": [
                45,
                56
              ],
              "inflate": 0
            },
            {
              "origin": [
                -3.5,
                38.0,
                1.0
              ],
              "size": [
                1.0,
                2.0,
                1.0
              ],
              "uv": [
                40,
                31
              ],
              "inflate": 0
            },
            {
              "origin": [
                -4.5,
                36.0,
                1.5
              ],
              "size": [
                2.0,
                2.0,
                0.0
              ],
              "uv": [
                40,
                34
              ],
              "inflate": 0
            },
            {
              "origin": [
                2.5,
                36.0,
                1.5
              ],
              "size": [
                2.0,
                2.0,
                0.0
              ],
              "uv": [
                40,
                3
              ],
              "inflate": 0
            },
            {
              "origin": [
                -0.5,
                37.0,
                -1.75
              ],
              "size": [
                1.0,
                2.0,
                1.0
              ],
              "pivot": [
                -0.5,
                37.0,
                -1.0
              ],
              "rotation": [
                -27.5,
                0.0,
                0.0
              ],
              "uv": [
                40,
                0
              ],
              "inflate": 0
            }
          ],
          "parent": "Body"
        },
        {
          "name": "Hand",
          "pivot": [
            -5,
            34,
            1
          ],
          "cubes": [
            {
              "origin": [
                -14.0,
                31.0,
                -1.0
              ],
              "size": [
                9.0,
                5.0,
                5.0
              ],
              "uv": [
                48,
                46
              ],
              "inflate": 0
            }
          ],
          "parent": "Body",
          "rotation": [
            1.59683,
            0.31912,
            -67.60166
          ]
        },
        {
          "name": "Handm",
          "pivot": [
            -13.75,
            34,
            0
          ],
          "cubes": [
            {
              "origin": [
                -20.75,
                31.5,
                -0.5
              ],
              "size": [
                9.0,
                4.0,
                4.0
              ],
              "uv": [
                60,
                12
              ],
              "inflate": 0
            },
            {
              "origin": [
                -17.75,
                31.0,
                -1.0
              ],
              "size": [
                2.0,
                5.0,
                5.0
              ],
              "uv": [
                0,
                85
              ],
              "inflate": 0
            }
          ],
          "parent": "Hand",
          "rotation": [
            64.75168,
            -56.0287,
            -97.68164
          ]
        },
        {
          "name": "Handfingers",
          "pivot": [
            -20.58421,
            33.77778,
            1.47597
          ],
          "cubes": [
            {
              "origin": [
                -21.74714,
                31.5,
                -0.63086
              ],
              "size": [
                2.0,
                4.0,
                4.0
              ],
              "uv": [
                14,
                87
              ],
              "inflate": 0
            },
            {
              "origin": [
                -22.74714,
                31.5,
                -0.63086
              ],
              "size": [
                1.0,
                4.0,
                4.0
              ],
              "uv": [
                67,
                89
              ],
              "inflate": 0
            },
            {
              "origin": [
                -27.24714,
                34.5,
                2.36914
              ],
              "size": [
                3.0,
                1.0,
                1.0
              ],
              "pivot": [
                -24.24714,
                35.0,
                2.86914
              ],
              "rotation": [
                0.0,
                -12.5,
                0.0
              ],
              "uv": [
                56,
                76
              ],
              "inflate": 0
            },
            {
              "origin": [
                -28.24714,
                33.5,
                2.36914
              ],
              "size": [
                4.0,
                1.0,
                1.0
              ],
              "pivot": [
                -24.74714,
                34.0,
                2.86914
              ],
              "rotation": [
                0.0,
                -37.5,
                0.0
              ],
              "uv": [
                53,
                12
              ],
              "inflate": 0
            },
            {
              "origin": [
                -27.76222,
                32.5,
                2.28364
              ],
              "size": [
                3.0,
                1.0,
                1.0
              ],
              "pivot": [
                -24.74714,
                33.0,
                2.86914
              ],
              "rotation": [
                0.0,
                -42.5,
                0.0
              ],
              "uv": [
                71,
                49
              ],
              "inflate": 0
            },
            {
              "origin": [
                -26.74714,
                31.5,
                2.36914
              ],
              "size": [
                2.0,
                1.0,
                1.0
              ],
              "pivot": [
                -24.74714,
                32.0,
                2.86914
              ],
              "rotation": [
                0.0,
                10.0,
                0.0
              ],
              "uv": [
                20,
                60
              ],
              "inflate": 0
            },
            {
              "origin": [
                -24.74714,
                31.5,
                1.36914
              ],
              "size": [
                2.0,
                4.0,
                2.0
              ],
              "uv": [
                91,
                91
              ],
              "inflate": 0
            },
            {
              "origin": [
                -23.74714,
                33.5,
                -0.63086
              ],
              "size": [
                1.0,
                2.0,
                2.0
              ],
              "uv": [
                0,
                44
              ],
              "inflate": 0
            },
            {
              "origin": [
                -25.74714,
                34.5,
                -0.63086
              ],
              "size": [
                2.0,
                1.0,
                1.0
              ],
              "pivot": [
                -23.74714,
                35.0,
                -0.13086
              ],
              "rotation": [
                0.0,
                -32.5,
                0.0
              ],
              "uv": [
                20,
                58
              ],
              "inflate": 0
            }
          ],
          "parent": "Handm",
          "rotation": [
            112.17531,
            27.27297,
            -44.91754
          ]
        },
        {
          "name": "Hand2",
          "pivot": [
            5,
            34,
            2
          ],
          "cubes": [
            {
              "origin": [
                -4.0,
                31.0,
                0.0
              ],
              "size": [
                9.0,
                5.0,
                5.0
              ],
              "uv": [
                20,
                46
              ],
              "inflate": 0
            }
          ],
          "parent": "Body",
          "rotation": [
            -178.49299,
            4.76804,
            -117.43726
          ]
        },
        {
          "name": "Handm2",
          "pivot": [
            -3,
            33.5,
            2.5
          ],
          "cubes": [
            {
              "origin": [
                -10.75,
                31.5,
                0.5
              ],
              "size": [
                9.0,
                4.0,
                4.0
              ],
              "uv": [
                46,
                56
              ],
              "inflate": 0
            },
            {
              "origin": [
                -8.75,
                31.0,
                0.0
              ],
              "size": [
                2.0,
                5.0,
                5.0
              ],
              "uv": [
                83,
                81
              ],
              "inflate": 0
            }
          ],
          "parent": "Hand2",
          "rotation": [
            -48.93432,
            47.68667,
            -67.39476
          ]
        },
        {
          "name": "Handfingers2",
          "pivot": [
            -10.25,
            33.5,
            2.5
          ],
          "cubes": [
            {
              "origin": [
                -11.75,
                31.5,
                0.5
              ],
              "size": [
                2.0,
                4.0,
                4.0
              ],
              "uv": [
                59,
                85
              ],
              "inflate": 0
            },
            {
              "origin": [
                -12.75,
                31.5,
                0.5
              ],
              "size": [
                1.0,
                4.0,
                4.0
              ],
              "uv": [
                34,
                88
              ],
              "inflate": 0
            },
            {
              "origin": [
                -17.25,
                33.5,
                3.5
              ],
              "size": [
                3.0,
                1.0,
                1.0
              ],
              "pivot": [
                -14.75,
                35.0,
                4.0
              ],
              "rotation": [
                0.0,
                -42.5,
                0.0
              ],
              "uv": [
                60,
                42
              ],
              "inflate": 0
            },
            {
              "origin": [
                -18.25,
                32.5,
                3.5
              ],
              "size": [
                4.0,
                1.0,
                1.0
              ],
              "pivot": [
                -14.75,
                35.0,
                4.0
              ],
              "rotation": [
                0.0,
                -35.0,
                0.0
              ],
              "uv": [
                23,
                44
              ],
              "inflate": 0
            },
            {
              "origin": [
                -17.75,
                31.5,
                3.5
              ],
              "size": [
                3.0,
                1.0,
                1.0
              ],
              "pivot": [
                -14.75,
                35.0,
                4.0
              ],
              "rotation": [
                0.0,
                -62.5,
                0.0
              ],
              "uv": [
                53,
                14
              ],
              "inflate": 0
            },
            {
              "origin": [
                -16.75,
                34.5,
                3.5
              ],
              "size": [
                2.0,
                1.0,
                1.0
              ],
              "pivot": [
                -14.75,
                35.0,
                4.0
              ],
              "rotation": [
                0.0,
                -77.5,
                0.0
              ],
              "uv": [
                20,
                56
              ],
              "inflate": 0
            },
            {
              "origin": [
                -14.75,
                31.5,
                2.5
              ],
              "size": [
                2.0,
                4.0,
                2.0
              ],
              "uv": [
                26,
                91
              ],
              "inflate": 0
            },
            {
              "origin": [
                -13.75,
                31.5,
                0.5
              ],
              "size": [
                1.0,
                2.0,
                2.0
              ],
              "uv": [
                40,
                12
              ],
              "inflate": 0
            },
            {
              "origin": [
                -15.75,
                31.5,
                0.5
              ],
              "size": [
                2.0,
                1.0,
                1.0
              ],
              "pivot": [
                -13.75,
                32.0,
                1.0
              ],
              "rotation": [
                0.0,
                47.5,
                0.0
              ],
              "uv": [
                53,
                16
              ],
              "inflate": 0
            }
          ],
          "parent": "Handm2",
          "rotation": [
            86.5845,
            14.32244,
            -29.83684
          ]
        }
      ]
    }
  ]
}