{
  "format_version": "1.12.0",
  "minecraft:geometry": [
    {
      "description": {
        "identifier": "geometry.ms_shodashi",
        "texture_width": 256,
        "texture_height": 256,
        "visible_bounds_width": 9,
        "visible_bounds_height": 7,
        "visible_bounds_offset": [
          0,
          2.5,
          0
        ]
      },
      "bones": [
        {
          "name": "Matangi",
          "pivot": [
            0,
            32,
            0
          ]
        },
        {
          "name": "Legssss",
          "pivot": [
            0,
            41,
            2
          ],
          "cubes": [
            {
              "origin": [
                -5.0,
                39.0,
                0.0
              ],
              "size": [
                10.0,
                2.0,
                5.0
              ],
              "uv": [
                48,
                31
              ],
              "inflate": 0
            },
            {
              "origin": [
                -2.0,
                39.0,
                -1.0
              ],
              "size": [
                4.0,
                2.0,
                1.0
              ],
              "uv": [
                57,
                13
              ],
              "inflate": 0
            },
            {
              "origin": [
                -6.0,
                34.0,
                -1.0
              ],
              "size": [
                7.0,
                22.0,
                8.0
              ],
              "pivot": [
                0.5,
                36.5,
                2.5
              ],
              "rotation": [
                0.0,
                0.0,
                30.0
              ],
              "uv": [
                0,
                79
              ],
              "inflate": 0
            },
            {
              "origin": [
                2.95577,
                27.29904,
                7.0
              ],
              "size": [
                7.0,
                27.0,
                0.0
              ],
              "pivot": [
                8.15192,
                52.36122,
                7.0
              ],
              "rotation": [
                16.52504,
                -9.57658,
                -25.90052
              ],
              "uv": [
                88,
                104
              ],
              "inflate": 0
            },
            {
              "origin": [
                -6.0,
                30.0,
                0.0
              ],
              "size": [
                12.0,
                9.0,
                6.0
              ],
              "uv": [
                78,
                24
              ],
              "inflate": 0
            },
            {
              "origin": [
                -1.0,
                41.0,
                2.0
              ],
              "size": [
                1.0,
                1.0,
                1.0
              ],
              "uv": [
                21,
                23
              ],
              "inflate": 0
            }
          ],
          "parent": "Matangi"
        },
        {
          "name": "Legs2",
          "pivot": [
            4,
            33,
            2.5
          ],
          "cubes": [
            {
              "origin": [
                1.0,
                21.0,
                0.0
              ],
              "size": [
                6.0,
                13.0,
                5.0
              ],
              "uv": [
                0,
                109
              ],
              "inflate": 0
            }
          ],
          "parent": "Legssss",
          "rotation": [
            -144.0076,
            -7.16909,
            75.66641
          ]
        },
        {
          "name": "L3",
          "pivot": [
            4,
            22,
            3
          ],
          "cubes": [
            {
              "origin": [
                2.0,
                14.0,
                1.0
              ],
              "size": [
                4.0,
                9.0,
                4.0
              ],
              "uv": [
                57,
                0
              ],
              "inflate": 0
            },
            {
              "origin": [
                1.0,
                14.0,
                0.0
              ],
              "size": [
                6.0,
                10.0,
                5.0
              ],
              "uv": [
                102,
                112
              ],
              "inflate": 0
            }
          ],
          "parent": "Legs2",
          "rotation": [
            148.4564,
            18.05016,
            -16.33792
          ]
        },
        {
          "name": "Paul2",
          "pivot": [
            4,
            13,
            1.90297
          ],
          "cubes": [
            {
              "origin": [
                2.0,
                9.0,
                -5.0
              ],
              "size": [
                4.0,
                1.0,
                5.0
              ],
              "uv": [
                37,
                113
              ],
              "inflate": 0
            },
            {
              "origin": [
                2.0,
                9.0,
                1.0
              ],
              "size": [
                4.0,
                1.0,
                4.0
              ],
              "uv": [
                130,
                47
              ],
              "inflate": 0
            },
            {
              "origin": [
                2.0,
                10.0,
                -5.0
              ],
              "size": [
                4.0,
                1.0,
                10.0
              ],
              "uv": [
                112,
                51
              ],
              "inflate": 0
            },
            {
              "origin": [
                2.0,
                11.0,
                -3.0
              ],
              "size": [
                4.0,
                1.0,
                8.0
              ],
              "uv": [
                38,
                125
              ],
              "inflate": 0
            },
            {
              "origin": [
                2.0,
                12.0,
                -2.0
              ],
              "size": [
                4.0,
                1.0,
                7.0
              ],
              "uv": [
                127,
                93
              ],
              "inflate": 0
            },
            {
              "origin": [
                1.0,
                11.0,
                0.0
              ],
              "size": [
                6.0,
                3.0,
                6.0
              ],
              "uv": [
                96,
                127
              ],
              "inflate": 0
            }
          ],
          "parent": "L3",
          "rotation": [
            62.5,
            0,
            0
          ]
        },
        {
          "name": "Legs",
          "pivot": [
            -4,
            33,
            2.5
          ],
          "cubes": [
            {
              "origin": [
                -7.0,
                21.0,
                0.0
              ],
              "size": [
                6.0,
                13.0,
                5.0
              ],
              "uv": [
                0,
                0
              ],
              "inflate": 0
            }
          ],
          "parent": "Legssss",
          "rotation": [
            -103.32626,
            30.78519,
            -2.50207
          ]
        },
        {
          "name": "L2",
          "pivot": [
            -4,
            22,
            3
          ],
          "cubes": [
            {
              "origin": [
                -6.0,
                14.0,
                1.0
              ],
              "size": [
                4.0,
                9.0,
                4.0
              ],
              "uv": [
                0,
                55
              ],
              "inflate": 0
            },
            {
              "origin": [
                -7.0,
                14.0,
                0.0
              ],
              "size": [
                6.0,
                11.0,
                5.0
              ],
              "uv": [
                57,
                112
              ],
              "inflate": 0
            }
          ],
          "parent": "Legs",
          "rotation": [
            108.39128,
            84.41125,
            -26.49955
          ]
        },
        {
          "name": "Paul",
          "pivot": [
            -4,
            13,
            1.90297
          ],
          "cubes": [
            {
              "origin": [
                -6.0,
                9.0,
                -5.0
              ],
              "size": [
                4.0,
                1.0,
                5.0
              ],
              "uv": [
                4,
                18
              ],
              "inflate": 0
            },
            {
              "origin": [
                -6.0,
                9.0,
                1.0
              ],
              "size": [
                4.0,
                1.0,
                4.0
              ],
              "uv": [
                129,
                39
              ],
              "inflate": 0
            },
            {
              "origin": [
                -6.0,
                10.0,
                -5.0
              ],
              "size": [
                4.0,
                1.0,
                10.0
              ],
              "uv": [
                111,
                16
              ],
              "inflate": 0
            },
            {
              "origin": [
                -6.0,
                11.0,
                -3.0
              ],
              "size": [
                4.0,
                1.0,
                8.0
              ],
              "uv": [
                71,
                123
              ],
              "inflate": 0
            },
            {
              "origin": [
                -6.0,
                12.0,
                -2.0
              ],
              "size": [
                4.0,
                1.0,
                7.0
              ],
              "uv": [
                127,
                70
              ],
              "inflate": 0
            },
            {
              "origin": [
                -7.0,
                11.0,
                0.0
              ],
              "size": [
                6.0,
                3.0,
                6.0
              ],
              "uv": [
                0,
                127
              ],
              "inflate": 0
            }
          ],
          "parent": "L2",
          "rotation": [
            62.5,
            0,
            0
          ]
        },
        {
          "name": "Body",
          "pivot": [
            0,
            40,
            4
          ],
          "cubes": [
            {
              "origin": [
                -5.0,
                41.0,
                0.0
              ],
              "size": [
                10.0,
                6.0,
                5.0
              ],
              "uv": [
                100,
                73
              ],
              "inflate": 0
            },
            {
              "origin": [
                -7.0,
                47.0,
                0.0
              ],
              "size": [
                14.0,
                7.0,
                5.0
              ],
              "uv": [
                96,
                39
              ],
              "inflate": 0
            },
            {
              "origin": [
                -7.0,
                39.0,
                -0.75
              ],
              "size": [
                14.0,
                15.0,
                3.0
              ],
              "uv": [
                30,
                79
              ],
              "inflate": 0
            }
          ],
          "parent": "Matangi"
        },
        {
          "name": "Hand1",
          "pivot": [
            7,
            52,
            3
          ],
          "cubes": [
            {
              "origin": [
                5.0,
                50.0,
                1.0
              ],
              "size": [
                12.0,
                4.0,
                4.0
              ],
              "uv": [
                106,
                84
              ],
              "inflate": 0
            }
          ],
          "parent": "Body",
          "rotation": [
            -4.21251,
            17.63576,
            30.94087
          ]
        },
        {
          "name": "bone",
          "pivot": [
            16,
            52,
            3
          ],
          "cubes": [
            {
              "origin": [
                15.0,
                50.0,
                1.0
              ],
              "size": [
                10.0,
                4.0,
                4.0
              ],
              "uv": [
                18,
                125
              ],
              "inflate": 0
            }
          ],
          "parent": "Hand1",
          "rotation": [
            -107.06978,
            53.48218,
            -68.31611
          ]
        },
        {
          "name": "bone2",
          "pivot": [
            24,
            52,
            3
          ],
          "cubes": [
            {
              "origin": [
                24.0,
                50.0,
                1.0
              ],
              "size": [
                2.0,
                4.0,
                4.0
              ],
              "uv": [
                132,
                131
              ],
              "inflate": 0
            },
            {
              "origin": [
                5.0,
                52.0,
                -1.0
              ],
              "size": [
                36.0,
                0.0,
                6.0
              ],
              "pivot": [
                26.0,
                52.0,
                1.0
              ],
              "rotation": [
                0.0,
                82.5,
                0.0
              ],
              "uv": [
                0,
                25
              ],
              "inflate": 0
            },
            {
              "origin": [
                26.0,
                53.0,
                1.0
              ],
              "size": [
                1.0,
                1.0,
                4.0
              ],
              "uv": [
                112,
                56
              ],
              "inflate": 0
            },
            {
              "origin": [
                27.0,
                53.0,
                1.0
              ],
              "size": [
                2.0,
                1.0,
                1.0
              ],
              "pivot": [
                27.0,
                53.5,
                1.5
              ],
              "rotation": [
                0.0,
                0.0,
                42.5
              ],
              "uv": [
                108,
                53
              ],
              "inflate": 0
            },
            {
              "origin": [
                27.0,
                53.0,
                2.0
              ],
              "size": [
                3.0,
                1.0,
                1.0
              ],
              "pivot": [
                27.0,
                53.5,
                1.5
              ],
              "rotation": [
                0.0,
                0.0,
                52.5
              ],
              "uv": [
                96,
                63
              ],
              "inflate": 0
            },
            {
              "origin": [
                27.0,
                53.0,
                3.0
              ],
              "size": [
                3.0,
                1.0,
                1.0
              ],
              "pivot": [
                27.0,
                53.5,
                1.5
              ],
              "rotation": [
                0.0,
                0.0,
                60.0
              ],
              "uv": [
                96,
                53
              ],
              "inflate": 0
            },
            {
              "origin": [
                27.0,
                53.0,
                4.0
              ],
              "size": [
                2.0,
                1.0,
                1.0
              ],
              "pivot": [
                27.0,
                53.5,
                1.5
              ],
              "rotation": [
                0.0,
                0.0,
                75.0
              ],
              "uv": [
                108,
                51
              ],
              "inflate": 0
            },
            {
              "origin": [
                26.0,
                50.0,
                1.0
              ],
              "size": [
                2.0,
                1.0,
                1.0
              ],
              "pivot": [
                26.0,
                50.5,
                1.5
              ],
              "rotation": [
                0.0,
                0.0,
                -25.0
              ],
              "uv": [
                108,
                27
              ],
              "inflate": 0
            }
          ],
          "parent": "bone",
          "rotation": [
            -16.90781,
            -20.61288,
            -3.41692
          ]
        },
        {
          "name": "Hand8",
          "pivot": [
            7,
            52,
            3
          ],
          "cubes": [
            {
              "origin": [
                5.0,
                50.0,
                1.0
              ],
              "size": [
                12.0,
                4.0,
                4.0
              ],
              "uv": [
                105,
                8
              ],
              "inflate": 0
            }
          ],
          "parent": "Body",
          "rotation": [
            -88.79273,
            -31.89695,
            13.11188
          ]
        },
        {
          "name": "bone17",
          "pivot": [
            16,
            52,
            3
          ],
          "cubes": [
            {
              "origin": [
                15.0,
                50.0,
                1.0
              ],
              "size": [
                10.0,
                4.0,
                4.0
              ],
              "uv": [
                124,
                112
              ],
              "inflate": 0
            }
          ],
          "parent": "Hand8",
          "rotation": [
            117.88543,
            70.37747,
            43.26828
          ]
        },
        {
          "name": "bone18",
          "pivot": [
            23.91596,
            52.78554,
            2.63345
          ],
          "cubes": [
            {
              "origin": [
                23.84655,
                50.697,
                1.34364
              ],
              "size": [
                2.0,
                4.0,
                4.0
              ],
              "uv": [
                84,
                132
              ],
              "inflate": 0
            },
            {
              "origin": [
                25.84655,
                52.697,
                -10.65636
              ],
              "size": [
                12.0,
                0.0,
                13.0
              ],
              "uv": [
                51,
                63
              ],
              "inflate": 0
            },
            {
              "origin": [
                25.84655,
                53.697,
                1.34364
              ],
              "size": [
                1.0,
                1.0,
                4.0
              ],
              "uv": [
                112,
                51
              ],
              "inflate": 0
            },
            {
              "origin": [
                26.84655,
                53.697,
                1.34364
              ],
              "size": [
                2.0,
                1.0,
                1.0
              ],
              "pivot": [
                26.84655,
                54.197,
                1.84364
              ],
              "rotation": [
                0.0,
                0.0,
                52.5
              ],
              "uv": [
                108,
                24
              ],
              "inflate": 0
            },
            {
              "origin": [
                26.84655,
                53.697,
                2.34364
              ],
              "size": [
                3.0,
                1.0,
                1.0
              ],
              "pivot": [
                26.84655,
                54.197,
                1.84364
              ],
              "rotation": [
                0.0,
                0.0,
                52.5
              ],
              "uv": [
                96,
                51
              ],
              "inflate": 0
            },
            {
              "origin": [
                26.84655,
                53.697,
                3.34364
              ],
              "size": [
                3.0,
                1.0,
                1.0
              ],
              "pivot": [
                26.84655,
                54.197,
                1.84364
              ],
              "rotation": [
                0.0,
                0.0,
                60.0
              ],
              "uv": [
                22,
                84
              ],
              "inflate": 0
            },
            {
              "origin": [
                26.84655,
                53.697,
                4.34364
              ],
              "size": [
                2.0,
                1.0,
                1.0
              ],
              "pivot": [
                26.84655,
                54.197,
                1.84364
              ],
              "rotation": [
                0.0,
                0.0,
                62.5
              ],
              "uv": [
                104,
                84
              ],
              "inflate": 0
            },
            {
              "origin": [
                25.84655,
                50.697,
                1.34364
              ],
              "size": [
                2.0,
                1.0,
                1.0
              ],
              "pivot": [
                25.84655,
                51.197,
                1.84364
              ],
              "rotation": [
                0.0,
                0.0,
                -15.0
              ],
              "uv": [
                103,
                52
              ],
              "inflate": 0
            }
          ],
          "parent": "bone17",
          "rotation": [
            -94.74043,
            -16.1937,
            23.67257
          ]
        },
        {
          "name": "Hand2",
          "pivot": [
            -7,
            52,
            3
          ],
          "cubes": [
            {
              "origin": [
                -9.0,
                50.0,
                1.0
              ],
              "size": [
                12.0,
                4.0,
                4.0
              ],
              "uv": [
                105,
                0
              ],
              "inflate": 0
            }
          ],
          "parent": "Body",
          "rotation": [
            -154.47174,
            26.09728,
            145.1621
          ]
        },
        {
          "name": "bone5",
          "pivot": [
            2,
            52,
            3
          ],
          "cubes": [
            {
              "origin": [
                1.0,
                50.0,
                1.0
              ],
              "size": [
                10.0,
                4.0,
                4.0
              ],
              "uv": [
                120,
                123
              ],
              "inflate": 0
            }
          ],
          "parent": "Hand2",
          "rotation": [
            -68.71483,
            -61.98885,
            -28.74754
          ]
        },
        {
          "name": "bone6",
          "pivot": [
            11,
            51.75,
            3
          ],
          "cubes": [
            {
              "origin": [
                11.0,
                49.75,
                1.0
              ],
              "size": [
                2.0,
                4.0,
                4.0
              ],
              "uv": [
                72,
                132
              ],
              "inflate": 0
            },
            {
              "origin": [
                13.0,
                49.75,
                2.0
              ],
              "size": [
                1.0,
                4.0,
                2.0
              ],
              "uv": [
                78,
                24
              ],
              "inflate": 0
            },
            {
              "origin": [
                14.0,
                49.75,
                2.0
              ],
              "size": [
                1.0,
                1.0,
                2.0
              ],
              "pivot": [
                14.5,
                50.25,
                2.0
              ],
              "rotation": [
                0.0,
                57.5,
                0.0
              ],
              "uv": [
                100,
                84
              ],
              "inflate": 0
            },
            {
              "origin": [
                14.0,
                49.75,
                1.0
              ],
              "size": [
                1.0,
                2.0,
                1.0
              ],
              "uv": [
                4,
                18
              ],
              "inflate": 0
            },
            {
              "origin": [
                13.0,
                49.75,
                1.0
              ],
              "size": [
                1.0,
                3.0,
                1.0
              ],
              "uv": [
                0,
                0
              ],
              "inflate": 0
            },
            {
              "origin": [
                13.0,
                36.75,
                2.0
              ],
              "size": [
                1.0,
                28.0,
                1.0
              ],
              "uv": [
                0,
                18
              ],
              "inflate": 0
            },
            {
              "origin": [
                13.0,
                62.75,
                1.0
              ],
              "size": [
                1.0,
                4.0,
                3.0
              ],
              "uv": [
                0,
                79
              ],
              "inflate": 0
            },
            {
              "origin": [
                13.0,
                33.75,
                0.0
              ],
              "size": [
                1.0,
                5.0,
                5.0
              ],
              "pivot": [
                13.5,
                36.25,
                2.5
              ],
              "rotation": [
                -45.0,
                0.0,
                0.0
              ],
              "uv": [
                129,
                16
              ],
              "inflate": 0
            },
            {
              "origin": [
                13.0,
                52.75,
                4.0
              ],
              "size": [
                1.0,
                1.0,
                2.0
              ],
              "pivot": [
                13.5,
                53.25,
                4.0
              ],
              "rotation": [
                -180.0,
                52.5,
                180.0
              ],
              "uv": [
                100,
                65
              ],
              "inflate": 0
            },
            {
              "origin": [
                13.0,
                51.75,
                4.0
              ],
              "size": [
                1.0,
                1.0,
                3.0
              ],
              "pivot": [
                13.5,
                53.25,
                4.0
              ],
              "rotation": [
                -180.0,
                55.0,
                180.0
              ],
              "uv": [
                17,
                18
              ],
              "inflate": 0
            },
            {
              "origin": [
                13.0,
                50.75,
                4.0
              ],
              "size": [
                1.0,
                1.0,
                3.0
              ],
              "pivot": [
                13.5,
                53.25,
                4.0
              ],
              "rotation": [
                -180.0,
                75.0,
                180.0
              ],
              "uv": [
                17,
                0
              ],
              "inflate": 0
            },
            {
              "origin": [
                13.0,
                49.75,
                4.0
              ],
              "size": [
                1.0,
                1.0,
                2.0
              ],
              "pivot": [
                13.5,
                53.25,
                4.0
              ],
              "rotation": [
                -180.0,
                87.5,
                180.0
              ],
              "uv": [
                67,
                13
              ],
              "inflate": 0
            }
          ],
          "parent": "bone5",
          "rotation": [
            -94.06564,
            -22.2552,
            -21.54531
          ]
        },
        {
          "name": "Hand9",
          "pivot": [
            -7,
            52,
            3
          ],
          "cubes": [
            {
              "origin": [
                -9.0,
                50.0,
                1.0
              ],
              "size": [
                12.0,
                4.0,
                4.0
              ],
              "uv": [
                102,
                104
              ],
              "inflate": 0
            }
          ],
          "parent": "Body",
          "rotation": [
            -85.84097,
            -18.83771,
            174.98755
          ]
        },
        {
          "name": "bone19",
          "pivot": [
            2,
            52,
            3
          ],
          "cubes": [
            {
              "origin": [
                1.0,
                50.0,
                1.0
              ],
              "size": [
                10.0,
                4.0,
                4.0
              ],
              "uv": [
                106,
                92
              ],
              "inflate": 0
            }
          ],
          "parent": "Hand9",
          "rotation": [
            -23.74563,
            -41.03811,
            37.25058
          ]
        },
        {
          "name": "bone20",
          "pivot": [
            10,
            52,
            3
          ],
          "cubes": [
            {
              "origin": [
                10.0,
                50.0,
                1.0
              ],
              "size": [
                2.0,
                4.0,
                4.0
              ],
              "uv": [
                120,
                131
              ],
              "inflate": 0
            },
            {
              "origin": [
                12.0,
                53.0,
                1.0
              ],
              "size": [
                1.0,
                1.0,
                4.0
              ],
              "uv": [
                17,
                109
              ],
              "inflate": 0
            },
            {
              "origin": [
                12.0,
                51.0,
                0.0
              ],
              "size": [
                2.0,
                2.0,
                5.0
              ],
              "uv": [
                48,
                63
              ],
              "inflate": 0
            },
            {
              "origin": [
                11.75,
                50.0,
                5.0
              ],
              "size": [
                3.0,
                3.0,
                12.0
              ],
              "uv": [
                88,
                89
              ],
              "inflate": 0
            },
            {
              "origin": [
                13.0,
                53.0,
                4.0
              ],
              "size": [
                2.0,
                1.0,
                1.0
              ],
              "pivot": [
                13.0,
                53.5,
                1.5
              ],
              "rotation": [
                0.0,
                0.0,
                45.0
              ],
              "uv": [
                100,
                87
              ],
              "inflate": 0
            },
            {
              "origin": [
                13.0,
                53.0,
                3.0
              ],
              "size": [
                3.0,
                1.0,
                1.0
              ],
              "pivot": [
                13.0,
                53.5,
                1.5
              ],
              "rotation": [
                0.0,
                0.0,
                47.5
              ],
              "uv": [
                8,
                68
              ],
              "inflate": 0
            },
            {
              "origin": [
                13.0,
                53.0,
                2.0
              ],
              "size": [
                3.0,
                1.0,
                1.0
              ],
              "pivot": [
                13.0,
                53.5,
                1.5
              ],
              "rotation": [
                0.0,
                0.0,
                42.5
              ],
              "uv": [
                0,
                68
              ],
              "inflate": 0
            },
            {
              "origin": [
                13.0,
                53.0,
                1.0
              ],
              "size": [
                2.0,
                1.0,
                1.0
              ],
              "pivot": [
                13.0,
                53.5,
                1.5
              ],
              "rotation": [
                0.0,
                0.0,
                57.5
              ],
              "uv": [
                100,
                68
              ],
              "inflate": 0
            },
            {
              "origin": [
                12.0,
                50.0,
                4.0
              ],
              "size": [
                2.0,
                1.0,
                1.0
              ],
              "pivot": [
                12.0,
                50.5,
                4.5
              ],
              "rotation": [
                0.0,
                0.0,
                -20.0
              ],
              "uv": [
                96,
                65
              ],
              "inflate": 0
            }
          ],
          "parent": "bone19",
          "rotation": [
            11.49833,
            30.0335,
            4.42303
          ]
        },
        {
          "name": "Face",
          "pivot": [
            0,
            54,
            3
          ],
          "cubes": [
            {
              "origin": [
                -2.0,
                54.0,
                1.0
              ],
              "size": [
                4.0,
                3.0,
                3.0
              ],
              "uv": [
                130,
                52
              ],
              "inflate": 0
            },
            {
              "origin": [
                3.0,
                58.0,
                1.0
              ],
              "size": [
                1.0,
                3.0,
                2.0
              ],
              "uv": [
                22,
                79
              ],
              "inflate": 0
            },
            {
              "origin": [
                3.0,
                30.0,
                3.0
              ],
              "size": [
                2.0,
                34.0,
                4.0
              ],
              "pivot": [
                4.0,
                64.0,
                3.5
              ],
              "rotation": [
                0.0,
                0.0,
                -7.5
              ],
              "uv": [
                88,
                63
              ],
              "inflate": 0
            },
            {
              "origin": [
                -5.0,
                54.0,
                3.0
              ],
              "size": [
                2.0,
                10.0,
                4.0
              ],
              "pivot": [
                -4.0,
                64.0,
                3.5
              ],
              "rotation": [
                0.0,
                0.0,
                7.5
              ],
              "uv": [
                4,
                31
              ],
              "inflate": 0
            },
            {
              "origin": [
                -6.0,
                54.0,
                -2.0
              ],
              "size": [
                3.0,
                3.0,
                9.0
              ],
              "pivot": [
                -4.0,
                64.0,
                3.5
              ],
              "rotation": [
                0.0,
                0.0,
                7.5
              ],
              "uv": [
                22,
                113
              ],
              "inflate": 0
            },
            {
              "origin": [
                -7.1052,
                39.13798,
                -4.0
              ],
              "size": [
                3.0,
                18.0,
                2.0
              ],
              "uv": [
                62,
                130
              ],
              "inflate": 0
            },
            {
              "origin": [
                -4.0,
                58.0,
                1.0
              ],
              "size": [
                1.0,
                3.0,
                2.0
              ],
              "uv": [
                57,
                63
              ],
              "inflate": 0
            },
            {
              "origin": [
                -5.0,
                57.0,
                2.0
              ],
              "size": [
                2.0,
                2.0,
                0.0
              ],
              "uv": [
                4,
                31
              ],
              "inflate": 0
            },
            {
              "origin": [
                3.0,
                57.0,
                2.0
              ],
              "size": [
                2.0,
                2.0,
                0.0
              ],
              "uv": [
                4,
                21
              ],
              "inflate": 0
            },
            {
              "origin": [
                -3.5,
                56.0,
                0.0
              ],
              "size": [
                7.0,
                7.0,
                5.0
              ],
              "uv": [
                114,
                27
              ],
              "inflate": 0
            },
            {
              "origin": [
                -5.0,
                63.0,
                0.0
              ],
              "size": [
                10.0,
                3.0,
                7.0
              ],
              "uv": [
                100,
                63
              ],
              "inflate": 0
            },
            {
              "origin": [
                -3.0,
                66.0,
                2.0
              ],
              "size": [
                6.0,
                3.0,
                5.0
              ],
              "uv": [
                127,
                62
              ],
              "inflate": 0
            },
            {
              "origin": [
                -8.0,
                63.0,
                8.0
              ],
              "size": [
                16.0,
                16.0,
                0.0
              ],
              "uv": [
                30,
                97
              ],
              "inflate": 0
            },
            {
              "origin": [
                -2.0,
                69.0,
                2.0
              ],
              "size": [
                4.0,
                3.0,
                4.0
              ],
              "uv": [
                48,
                38
              ],
              "inflate": 0
            },
            {
              "origin": [
                -3.0,
                66.0,
                1.0
              ],
              "size": [
                6.0,
                1.0,
                1.0
              ],
              "uv": [
                48,
                45
              ],
              "inflate": 0
            },
            {
              "origin": [
                -2.0,
                67.0,
                1.0
              ],
              "size": [
                4.0,
                1.0,
                1.0
              ],
              "uv": [
                4,
                45
              ],
              "inflate": 0
            },
            {
              "origin": [
                -1.0,
                68.0,
                1.0
              ],
              "size": [
                2.0,
                1.0,
                1.0
              ],
              "uv": [
                26,
                79
              ],
              "inflate": 0
            },
            {
              "origin": [
                -5.0,
                30.0,
                5.0
              ],
              "size": [
                10.0,
                34.0,
                2.0
              ],
              "uv": [
                64,
                76
              ],
              "inflate": 0
            }
          ],
          "parent": "Body"
        },
        {
          "name": "bone3",
          "pivot": [
            0,
            56.5,
            0.75
          ],
          "parent": "Face",
          "rotation": [
            -7.5,
            0,
            0
          ]
        },
        {
          "name": "Baselaotus",
          "pivot": [
            0,
            23,
            5
          ],
          "cubes": [
            {
              "origin": [
                -8.0,
                23.0,
                -3.0
              ],
              "size": [
                16.0,
                8.0,
                16.0
              ],
              "uv": [
                57,
                0
              ],
              "inflate": 0
            },
            {
              "origin": [
                -8.0,
                25.0,
                -28.0
              ],
              "size": [
                16.0,
                0.0,
                25.0
              ],
              "uv": [
                0,
                0
              ],
              "inflate": 0
            },
            {
              "origin": [
                -8.0,
                25.0,
                -28.0
              ],
              "size": [
                16.0,
                0.0,
                25.0
              ],
              "pivot": [
                0.0,
                23.0,
                5.0
              ],
              "rotation": [
                0.0,
                -55.0,
                0.0
              ],
              "uv": [
                0,
                0
              ],
              "inflate": 0
            },
            {
              "origin": [
                -8.0,
                25.0,
                -28.0
              ],
              "size": [
                16.0,
                0.0,
                25.0
              ],
              "pivot": [
                0.0,
                23.0,
                5.0
              ],
              "rotation": [
                -180.0,
                -62.5,
                180.0
              ],
              "uv": [
                0,
                0
              ],
              "inflate": 0
            },
            {
              "origin": [
                -8.0,
                25.0,
                -28.0
              ],
              "size": [
                16.0,
                0.0,
                25.0
              ],
              "pivot": [
                0.0,
                23.0,
                5.0
              ],
              "rotation": [
                -180.0,
                -12.5,
                180.0
              ],
              "uv": [
                0,
                0
              ],
              "inflate": 0
            },
            {
              "origin": [
                -8.0,
                25.0,
                -28.0
              ],
              "size": [
                16.0,
                0.0,
                25.0
              ],
              "pivot": [
                0.0,
                23.0,
                5.0
              ],
              "rotation": [
                -180.0,
                35.0,
                180.0
              ],
              "uv": [
                0,
                0
              ],
              "inflate": 0
            },
            {
              "origin": [
                -8.0,
                25.0,
                -28.0
              ],
              "size": [
                16.0,
                0.0,
                25.0
              ],
              "pivot": [
                0.0,
                23.0,
                5.0
              ],
              "rotation": [
                -180.0,
                75.0,
                180.0
              ],
              "uv": [
                0,
                0
              ],
              "inflate": 0
            },
            {
              "origin": [
                -8.0,
                25.0,
                -28.0
              ],
              "size": [
                16.0,
                0.0,
                25.0
              ],
              "pivot": [
                0.0,
                23.0,
                5.0
              ],
              "rotation": [
                0.0,
                55.0,
                0.0
              ],
              "uv": [
                0,
                0
              ],
              "inflate": 0
            },
            {
              "origin": [
                -8.0,
                23.0,
                -3.0
              ],
              "size": [
                16.0,
                8.0,
                16.0
              ],
              "pivot": [
                0.0,
                27.0,
                5.0
              ],
              "rotation": [
                0.0,
                -40.0,
                0.0
              ],
              "uv": [
                0,
                55
              ],
              "inflate": 0
            },
            {
              "origin": [
                -8.0,
                23.0,
                -3.0
              ],
              "size": [
                16.0,
                8.0,
                16.0
              ],
              "pivot": [
                0.0,
                27.0,
                5.0
              ],
              "rotation": [
                0.0,
                -65.0,
                0.0
              ],
              "uv": [
                48,
                39
              ],
              "inflate": 0
            },
            {
              "origin": [
                -8.0,
                23.0,
                -3.0
              ],
              "size": [
                16.0,
                8.0,
                16.0
              ],
              "pivot": [
                0.0,
                27.0,
                5.0
              ],
              "rotation": [
                -180.0,
                -70.0,
                180.0
              ],
              "uv": [
                0,
                31
              ],
              "inflate": 0
            }
          ],
          "parent": "Matangi",
          "rotation": [
            22.5,
            0,
            0
          ]
        }
      ]
    }
  ]
}