{
  "format_version": "1.12.0",
  "minecraft:geometry": [
    {
      "description": {
        "identifier": "geometry.ms_sai_baba",
        "texture_width": 128,
        "texture_height": 128,
        "visible_bounds_width": 8,
        "visible_bounds_height": 5,
        "visible_bounds_offset": [
          0,
          1.5,
          0
        ]
      },
      "bones": [
        {
          "name": "Ravan"
        },
        {
          "name": "Body",
          "pivot": [
            0,
            18,
            0
          ],
          "cubes": [
            {
              "origin": [
                -4.0,
                18.0,
                -2.0
              ],
              "size": [
                8.0,
                9.0,
                6.0
              ],
              "uv": [
                30,
                70
              ],
              "inflate": 0
            },
            {
              "origin": [
                -5.0,
                18.0,
                -3.0
              ],
              "size": [
                10.0,
                3.0,
                8.0
              ],
              "uv": [
                0,
                65
              ],
              "inflate": 0
            },
            {
              "origin": [
                -7.0,
                12.0,
                5.0
              ],
              "size": [
                17.0,
                21.0,
                0.0
              ],
              "uv": [
                0,
                44
              ],
              "inflate": 0
            },
            {
              "origin": [
                -6.0,
                27.0,
                -2.0
              ],
              "size": [
                12.0,
                6.0,
                6.0
              ],
              "uv": [
                60,
                22
              ],
              "inflate": 0
            },
            {
              "origin": [
                4.0,
                19.0,
                -2.0
              ],
              "size": [
                2.0,
                8.0,
                0.0
              ],
              "uv": [
                90,
                51
              ],
              "inflate": 0
            },
            {
              "origin": [
                5.0,
                19.0,
                -2.0
              ],
              "size": [
                2.0,
                14.0,
                0.0
              ],
              "uv": [
                67,
                88
              ],
              "inflate": 0
            },
            {
              "origin": [
                3.0,
                19.0,
                -2.0
              ],
              "size": [
                3.0,
                5.0,
                0.0
              ],
              "pivot": [
                6.0,
                23.0,
                -2.0
              ],
              "rotation": [
                -180.0,
                -65.0,
                180.0
              ],
              "uv": [
                60,
                34
              ],
              "inflate": 0
            },
            {
              "origin": [
                3.0,
                24.0,
                -2.0
              ],
              "size": [
                3.0,
                9.0,
                0.0
              ],
              "pivot": [
                6.0,
                24.0,
                -2.0
              ],
              "rotation": [
                -172.5,
                -65.0,
                -180.0
              ],
              "uv": [
                58,
                103
              ],
              "inflate": 0
            },
            {
              "origin": [
                10.0,
                25.0,
                -4.0
              ],
              "size": [
                0.0,
                8.0,
                9.0
              ],
              "uv": [
                0,
                0
              ],
              "inflate": 0
            },
            {
              "origin": [
                10.0,
                17.0,
                -4.0
              ],
              "size": [
                0.0,
                8.0,
                9.0
              ],
              "pivot": [
                10.0,
                25.0,
                0.5
              ],
              "rotation": [
                0.0,
                0.0,
                -15.0
              ],
              "uv": [
                70,
                48
              ],
              "inflate": 0
            },
            {
              "origin": [
                -10.0,
                33.0,
                0.0
              ],
              "size": [
                4.0,
                0.0,
                5.0
              ],
              "uv": [
                39,
                44
              ],
              "inflate": 0
            },
            {
              "origin": [
                6.0,
                33.0,
                -2.0
              ],
              "size": [
                4.0,
                0.0,
                7.0
              ],
              "uv": [
                0,
                0
              ],
              "inflate": 0
            },
            {
              "origin": [
                8.0,
                33.0,
                -4.0
              ],
              "size": [
                2.0,
                0.0,
                2.0
              ],
              "uv": [
                0,
                0
              ],
              "inflate": 0
            },
            {
              "origin": [
                8.0,
                24.0,
                -4.0
              ],
              "size": [
                2.0,
                9.0,
                0.0
              ],
              "uv": [
                15,
                0
              ],
              "inflate": 0
            },
            {
              "origin": [
                7.5,
                24.0,
                -4.0
              ],
              "size": [
                1.0,
                4.0,
                0.0
              ],
              "uv": [
                18,
                9
              ],
              "inflate": 0
            },
            {
              "origin": [
                7.0,
                33.0,
                -3.0
              ],
              "size": [
                1.0,
                0.0,
                1.0
              ],
              "uv": [
                2,
                2
              ],
              "inflate": 0
            },
            {
              "origin": [
                -4.0,
                22.0,
                -3.0
              ],
              "size": [
                1.0,
                12.0,
                7.0
              ],
              "uv": [
                51,
                84
              ],
              "inflate": 0
            },
            {
              "origin": [
                3.0,
                22.0,
                -3.0
              ],
              "size": [
                1.0,
                12.0,
                7.0
              ],
              "uv": [
                84,
                0
              ],
              "inflate": 0
            },
            {
              "origin": [
                -3.0,
                21.0,
                -3.0
              ],
              "size": [
                6.0,
                1.0,
                7.0
              ],
              "uv": [
                81,
                43
              ],
              "inflate": 0
            }
          ],
          "parent": "Ravan",
          "rotation": [
            5,
            0,
            0
          ]
        },
        {
          "name": "Hand1",
          "pivot": [
            -7,
            32.16667,
            0.83333
          ],
          "cubes": [
            {
              "origin": [
                -8.91299,
                24.06626,
                -0.96122
              ],
              "size": [
                3.0,
                8.0,
                4.0
              ],
              "uv": [
                36,
                97
              ],
              "inflate": 0
            },
            {
              "origin": [
                -9.91299,
                14.06626,
                -0.96122
              ],
              "size": [
                1.0,
                18.0,
                6.0
              ],
              "pivot": [
                -8.91299,
                32.06626,
                -0.96122
              ],
              "rotation": [
                0.0,
                -35.0,
                0.0
              ],
              "uv": [
                80,
                78
              ],
              "inflate": 0
            },
            {
              "origin": [
                -9.91299,
                14.06626,
                -0.96122
              ],
              "size": [
                1.0,
                18.0,
                6.0
              ],
              "pivot": [
                -8.91299,
                32.06626,
                -0.96122
              ],
              "rotation": [
                18.41508,
                3.14506,
                17.99272
              ],
              "uv": [
                22,
                79
              ],
              "inflate": 0
            },
            {
              "origin": [
                -9.91299,
                14.06626,
                -0.96122
              ],
              "size": [
                1.0,
                18.0,
                6.0
              ],
              "pivot": [
                -8.91299,
                32.06626,
                -0.96122
              ],
              "rotation": [
                44.65159,
                37.96647,
                45.68802
              ],
              "uv": [
                22,
                79
              ],
              "inflate": 0
            },
            {
              "origin": [
                -5.91299,
                24.06626,
                -0.96122
              ],
              "size": [
                5.0,
                8.0,
                0.0
              ],
              "pivot": [
                -6.0,
                28.06626,
                -0.96122
              ],
              "rotation": [
                0.0,
                -32.5,
                0.0
              ],
              "uv": [
                0,
                76
              ],
              "inflate": 0
            }
          ],
          "parent": "Body",
          "rotation": [
            -27.50627,
            21.50763,
            0.51038
          ]
        },
        {
          "name": "bone4",
          "pivot": [
            -7.41299,
            24.06626,
            1.53878
          ],
          "cubes": [
            {
              "origin": [
                -8.91299,
                16.06626,
                -0.96122
              ],
              "size": [
                3.0,
                9.0,
                3.0
              ],
              "pivot": [
                -7.41299,
                24.06626,
                1.53878
              ],
              "rotation": [
                -55.49731,
                21.63471,
                -28.20867
              ],
              "uv": [
                16,
                103
              ],
              "inflate": 0
            },
            {
              "origin": [
                -6.31845,
                18.24588,
                -11.34946
              ],
              "size": [
                1.0,
                9.0,
                10.0
              ],
              "pivot": [
                -6.75784,
                22.10309,
                -2.22195
              ],
              "rotation": [
                -50.24222,
                4.81281,
                -5.7589
              ],
              "uv": [
                0,
                76
              ],
              "inflate": 0
            },
            {
              "origin": [
                -12.09907,
                17.53209,
                -1.79977
              ],
              "size": [
                4.0,
                9.0,
                0.0
              ],
              "pivot": [
                -9.0,
                19.9649,
                -2.0
              ],
              "rotation": [
                -50.97496,
                -9.57658,
                11.59948
              ],
              "uv": [
                71,
                88
              ],
              "inflate": 0
            }
          ],
          "parent": "Hand1",
          "rotation": [
            -36.6655,
            35.71071,
            -163.12817
          ]
        },
        {
          "name": "bone",
          "pivot": [
            -6.91299,
            20.48293,
            -5.29456
          ],
          "cubes": [
            {
              "origin": [
                -8.41299,
                12.81626,
                -1.46122
              ],
              "size": [
                1.0,
                3.0,
                3.0
              ],
              "pivot": [
                -6.91299,
                25.81626,
                0.03878
              ],
              "rotation": [
                -50.0,
                0.0,
                0.0
              ],
              "uv": [
                0,
                65
              ],
              "inflate": 0
            },
            {
              "origin": [
                -8.41299,
                15.81626,
                -1.46122
              ],
              "size": [
                3.0,
                2.0,
                3.0
              ],
              "pivot": [
                -6.91299,
                25.81626,
                0.03878
              ],
              "rotation": [
                -50.0,
                0.0,
                0.0
              ],
              "uv": [
                86,
                35
              ],
              "inflate": 0
            },
            {
              "origin": [
                -6.41299,
                18.10281,
                -8.40724
              ],
              "size": [
                1.0,
                2.0,
                1.0
              ],
              "pivot": [
                -5.91299,
                20.51164,
                -8.0305
              ],
              "rotation": [
                -64.02777,
                16.4218,
                5.93711
              ],
              "uv": [
                8,
                17
              ],
              "inflate": 0
            }
          ],
          "parent": "bone4",
          "rotation": [
            -113.00043,
            65.63821,
            174.00779
          ]
        },
        {
          "name": "Hand2",
          "pivot": [
            6,
            30.16667,
            0.83333
          ],
          "cubes": [
            {
              "origin": [
                6.0,
                24.0,
                -1.0
              ],
              "size": [
                3.0,
                8.0,
                4.0
              ],
              "uv": [
                36,
                85
              ],
              "inflate": 0
            }
          ],
          "parent": "Body",
          "rotation": [
            -15.93688,
            -9.72648,
            -7.51477
          ]
        },
        {
          "name": "bone5",
          "pivot": [
            7.5,
            24,
            1.5
          ],
          "cubes": [
            {
              "origin": [
                6.0,
                16.0,
                0.0
              ],
              "size": [
                3.0,
                9.0,
                3.0
              ],
              "pivot": [
                7.5,
                24.0,
                1.5
              ],
              "rotation": [
                -52.21619,
                -14.24,
                17.60455
              ],
              "uv": [
                100,
                35
              ],
              "inflate": 0
            }
          ],
          "parent": "Hand2",
          "rotation": [
            -8.90293,
            26.18177,
            -25.62669
          ]
        },
        {
          "name": "bone2",
          "pivot": [
            7.5,
            18.66667,
            -3.83333
          ],
          "cubes": [
            {
              "origin": [
                8.0,
                12.0,
                0.0
              ],
              "size": [
                1.0,
                2.0,
                3.0
              ],
              "pivot": [
                7.5,
                24.0,
                1.5
              ],
              "rotation": [
                -50.0,
                0.0,
                0.0
              ],
              "uv": [
                28,
                67
              ],
              "inflate": 0
            },
            {
              "origin": [
                6.0,
                14.0,
                0.0
              ],
              "size": [
                3.0,
                2.0,
                3.0
              ],
              "pivot": [
                7.5,
                24.0,
                1.5
              ],
              "rotation": [
                -50.0,
                0.0,
                0.0
              ],
              "uv": [
                52,
                70
              ],
              "inflate": 0
            },
            {
              "origin": [
                6.0,
                15.92934,
                -7.71206
              ],
              "size": [
                1.0,
                2.0,
                1.0
              ],
              "pivot": [
                6.5,
                17.69538,
                -6.56928
              ],
              "rotation": [
                -46.58994,
                -20.71501,
                -18.50097
              ],
              "uv": [
                0,
                2
              ],
              "inflate": 0
            }
          ],
          "parent": "bone5",
          "rotation": [
            -0.75305,
            36.49425,
            64.44461
          ]
        },
        {
          "name": "Face",
          "pivot": [
            0,
            33,
            1
          ],
          "parent": "Body"
        },
        {
          "name": "Face1",
          "cubes": [
            {
              "origin": [
                -4.0,
                35.0,
                -2.0
              ],
              "size": [
                8.0,
                8.0,
                6.0
              ],
              "uv": [
                58,
                70
              ],
              "inflate": 0
            },
            {
              "origin": [
                -4.0,
                35.0,
                -2.5
              ],
              "size": [
                8.0,
                2.0,
                2.0
              ],
              "uv": [
                60,
                84
              ],
              "inflate": 0
            },
            {
              "origin": [
                4.0,
                36.0,
                -1.5
              ],
              "size": [
                1.0,
                2.0,
                4.0
              ],
              "uv": [
                100,
                9
              ],
              "inflate": 0
            },
            {
              "origin": [
                -5.0,
                36.0,
                -1.5
              ],
              "size": [
                1.0,
                2.0,
                4.0
              ],
              "uv": [
                0,
                3
              ],
              "inflate": 0
            },
            {
              "origin": [
                -2.0,
                36.0,
                -2.75
              ],
              "size": [
                1.0,
                3.0,
                2.0
              ],
              "uv": [
                20,
                76
              ],
              "inflate": 0
            },
            {
              "origin": [
                1.0,
                36.0,
                -2.75
              ],
              "size": [
                1.0,
                3.0,
                2.0
              ],
              "uv": [
                12,
                76
              ],
              "inflate": 0
            },
            {
              "origin": [
                -1.0,
                38.0,
                -2.75
              ],
              "size": [
                2.0,
                1.0,
                2.0
              ],
              "uv": [
                0,
                17
              ],
              "inflate": 0
            },
            {
              "origin": [
                -2.0,
                36.0,
                6.0
              ],
              "size": [
                4.0,
                8.0,
                1.0
              ],
              "uv": [
                0,
                22
              ],
              "inflate": 0
            },
            {
              "origin": [
                -4.0,
                36.0,
                4.0
              ],
              "size": [
                8.0,
                10.0,
                2.0
              ],
              "uv": [
                88,
                72
              ],
              "inflate": 0
            },
            {
              "origin": [
                -2.0,
                37.0,
                7.0
              ],
              "size": [
                4.0,
                5.0,
                1.0
              ],
              "uv": [
                102,
                60
              ],
              "inflate": 0
            },
            {
              "origin": [
                -3.0,
                35.0,
                8.0
              ],
              "size": [
                6.0,
                6.0,
                3.0
              ],
              "uv": [
                100,
                0
              ],
              "inflate": 0
            },
            {
              "origin": [
                -1.0,
                23.0,
                8.0
              ],
              "size": [
                2.0,
                13.0,
                2.0
              ],
              "pivot": [
                0.0,
                35.0,
                9.0
              ],
              "rotation": [
                12.39638,
                1.61888,
                -7.32417
              ],
              "uv": [
                50,
                103
              ],
              "inflate": 0
            },
            {
              "origin": [
                -1.0,
                23.0,
                8.0
              ],
              "size": [
                2.0,
                13.0,
                2.0
              ],
              "pivot": [
                0.0,
                35.0,
                9.0
              ],
              "rotation": [
                11.12501,
                5.73576,
                -26.94093
              ],
              "uv": [
                83,
                102
              ],
              "inflate": 0
            },
            {
              "origin": [
                -1.0,
                23.0,
                8.0
              ],
              "size": [
                2.0,
                13.0,
                2.0
              ],
              "pivot": [
                0.0,
                35.0,
                9.0
              ],
              "rotation": [
                11.93845,
                3.73171,
                -17.10967
              ],
              "uv": [
                28,
                103
              ],
              "inflate": 0
            },
            {
              "origin": [
                -5.0,
                43.0,
                -2.0
              ],
              "size": [
                10.0,
                3.0,
                6.0
              ],
              "uv": [
                60,
                34
              ],
              "inflate": 0
            },
            {
              "origin": [
                4.0,
                41.0,
                -2.0
              ],
              "size": [
                1.0,
                2.0,
                6.0
              ],
              "uv": [
                98,
                16
              ],
              "inflate": 0
            },
            {
              "origin": [
                -5.0,
                41.0,
                -2.0
              ],
              "size": [
                1.0,
                2.0,
                6.0
              ],
              "uv": [
                12,
                76
              ],
              "inflate": 0
            },
            {
              "origin": [
                -6.0,
                39.0,
                0.0
              ],
              "size": [
                2.0,
                3.0,
                1.0
              ],
              "uv": [
                50,
                28
              ],
              "inflate": 0
            },
            {
              "origin": [
                4.0,
                39.0,
                0.0
              ],
              "size": [
                2.0,
                3.0,
                1.0
              ],
              "uv": [
                44,
                49
              ],
              "inflate": 0
            },
            {
              "origin": [
                -4.0,
                46.0,
                -2.0
              ],
              "size": [
                8.0,
                1.0,
                6.0
              ],
              "uv": [
                80,
                65
              ],
              "inflate": 0
            },
            {
              "origin": [
                -2.0,
                33.0,
                -1.0
              ],
              "size": [
                4.0,
                2.0,
                4.0
              ],
              "uv": [
                50,
                22
              ],
              "inflate": 0
            }
          ],
          "parent": "Face"
        },
        {
          "name": "Legs",
          "pivot": [
            0,
            19,
            0
          ],
          "cubes": [
            {
              "origin": [
                -7.0,
                14.0,
                -5.0
              ],
              "size": [
                13.0,
                4.0,
                9.0
              ],
              "pivot": [
                0.0,
                19.0,
                0.0
              ],
              "rotation": [
                40.0,
                0.0,
                0.0
              ],
              "uv": [
                35,
                57
              ],
              "inflate": 0
            },
            {
              "origin": [
                -7.0,
                5.0,
                -5.0
              ],
              "size": [
                8.0,
                9.0,
                2.0
              ],
              "pivot": [
                0.0,
                19.0,
                0.0
              ],
              "rotation": [
                40.0,
                0.0,
                0.0
              ],
              "uv": [
                0,
                117
              ],
              "inflate": 0
            }
          ],
          "parent": "Ravan",
          "rotation": [
            -45,
            0,
            0
          ]
        },
        {
          "name": "Leg1",
          "pivot": [
            -7.5,
            15.25,
            -0.5
          ],
          "cubes": [
            {
              "origin": [
                -10.0,
                7.0,
                -2.0
              ],
              "size": [
                4.0,
                8.0,
                4.0
              ],
              "pivot": [
                -8.0,
                15.0,
                0.0
              ],
              "rotation": [
                0.0,
                0.0,
                -5.0
              ],
              "uv": [
                67,
                98
              ],
              "inflate": 0
            }
          ],
          "parent": "Legs",
          "rotation": [
            -47.31995,
            25.06553,
            -97.03044
          ]
        },
        {
          "name": "bone8",
          "pivot": [
            -6,
            9,
            -0.75
          ],
          "cubes": [
            {
              "origin": [
                -7.80966,
                -0.24742,
                -6.649
              ],
              "size": [
                4.0,
                1.0,
                8.0
              ],
              "pivot": [
                -5.9857,
                1.30809,
                -1.24688
              ],
              "rotation": [
                44.04912,
                -50.00835,
                63.13093
              ],
              "uv": [
                88,
                51
              ],
              "inflate": 0
            },
            {
              "origin": [
                -8.30275,
                0.04566,
                -2.75
              ],
              "size": [
                4.0,
                9.0,
                4.0
              ],
              "pivot": [
                1.0,
                0.0,
                -0.75
              ],
              "rotation": [
                0.0,
                0.0,
                -5.0
              ],
              "uv": [
                94,
                84
              ],
              "inflate": 0
            }
          ],
          "parent": "Leg1",
          "rotation": [
            42.73421,
            -15.69986,
            16.32495
          ]
        },
        {
          "name": "Leg2",
          "pivot": [
            3.5,
            15.25,
            -0.5
          ],
          "cubes": [
            {
              "origin": [
                2.0,
                7.0,
                -2.0
              ],
              "size": [
                4.0,
                8.0,
                4.0
              ],
              "pivot": [
                4.0,
                15.0,
                0.0
              ],
              "rotation": [
                0.0,
                0.0,
                5.0
              ],
              "uv": [
                94,
                97
              ],
              "inflate": 0
            }
          ],
          "parent": "Legs",
          "rotation": [
            -22.5,
            0,
            0
          ]
        },
        {
          "name": "bone9",
          "pivot": [
            3.23853,
            8.77664,
            -0.5
          ],
          "cubes": [
            {
              "origin": [
                1.0,
                0.0,
                -5.0
              ],
              "size": [
                4.0,
                1.0,
                8.0
              ],
              "uv": [
                88,
                26
              ],
              "inflate": 0
            },
            {
              "origin": [
                1.47707,
                1.05327,
                -2.0
              ],
              "size": [
                4.0,
                8.0,
                4.0
              ],
              "pivot": [
                3.12844,
                9.03805,
                0.0
              ],
              "rotation": [
                0.0,
                0.0,
                5.0
              ],
              "uv": [
                0,
                95
              ],
              "inflate": 0
            }
          ],
          "parent": "Leg2",
          "rotation": [
            65,
            0,
            0
          ]
        },
        {
          "name": "Base",
          "cubes": [
            {
              "origin": [
                -10.0,
                2.0,
                -4.0
              ],
              "size": [
                20.0,
                12.0,
                10.0
              ],
              "uv": [
                0,
                22
              ],
              "inflate": 0
            },
            {
              "origin": [
                -16.0,
                0.0,
                -12.0
              ],
              "size": [
                32.0,
                2.0,
                20.0
              ],
              "uv": [
                0,
                0
              ],
              "inflate": 0
            },
            {
              "origin": [
                -7.0,
                2.0,
                -12.0
              ],
              "size": [
                14.0,
                4.0,
                9.0
              ],
              "uv": [
                44,
                44
              ],
              "inflate": 0
            }
          ],
          "parent": "Ravan"
        }
      ]
    }
  ]
}