{
  "format_version": "1.12.0",
  "minecraft:geometry": [
    {
      "description": {
        "identifier": "geometry.ms_ta1",
        "texture_width": 128,
        "texture_height": 128,
        "visible_bounds_width": 2,
        "visible_bounds_height": 2.5,
        "visible_bounds_offset": [
          0,
          0.75,
          0
        ]
      },
      "bones": [
        {
          "name": "bb_main",
          "cubes": [
            {
              "origin": [
                -8.0,
                0.0,
                -7.0
              ],
              "size": [
                16.0,
                1.0,
                15.0
              ],
              "uv": [
                0,
                0
              ],
              "inflate": 0
            },
            {
              "origin": [
                -8.0,
                0.25,
                5.75
              ],
              "size": [
                16.0,
                1.0,
                2.0
              ],
              "uv": [
                36,
                63
              ],
              "inflate": 0
            },
            {
              "origin": [
                -8.0,
                0.5,
                5.5
              ],
              "size": [
                16.0,
                1.0,
                2.0
              ],
              "uv": [
                0,
                63
              ],
              "inflate": 0
            },
            {
              "origin": [
                -8.0,
                0.75,
                5.25
              ],
              "size": [
                16.0,
                1.0,
                2.0
              ],
              "uv": [
                62,
                13
              ],
              "inflate": 0
            },
            {
              "origin": [
                -8.0,
                1.75,
                5.0
              ],
              "size": [
                16.0,
                1.0,
                2.0
              ],
              "uv": [
                47,
                7
              ],
              "inflate": 0
            },
            {
              "origin": [
                -8.0,
                2.75,
                4.75
              ],
              "size": [
                16.0,
                1.0,
                2.0
              ],
              "uv": [
                47,
                4
              ],
              "inflate": 0
            },
            {
              "origin": [
                -8.0,
                11.0,
                -7.0
              ],
              "size": [
                16.0,
                2.0,
                2.0
              ],
              "uv": [
                47,
                0
              ],
              "inflate": 0
            },
            {
              "origin": [
                -8.0,
                9.0,
                -7.5
              ],
              "size": [
                16.0,
                2.0,
                3.0
              ],
              "uv": [
                45,
                22
              ],
              "inflate": 0
            },
            {
              "origin": [
                -8.0,
                7.0,
                -7.5
              ],
              "size": [
                16.0,
                2.0,
                4.0
              ],
              "uv": [
                45,
                16
              ],
              "inflate": 0
            },
            {
              "origin": [
                -8.0,
                5.0,
                -7.5
              ],
              "size": [
                16.0,
                2.0,
                5.0
              ],
              "uv": [
                34,
                41
              ],
              "inflate": 0
            },
            {
              "origin": [
                -8.0,
                3.0,
                -7.5
              ],
              "size": [
                16.0,
                2.0,
                7.0
              ],
              "uv": [
                0,
                31
              ],
              "inflate": 0
            },
            {
              "origin": [
                -8.0,
                4.75,
                -2.75
              ],
              "size": [
                16.0,
                1.0,
                1.0
              ],
              "uv": [
                68,
                48
              ],
              "inflate": 0
            },
            {
              "origin": [
                -8.0,
                3.25,
                -0.5
              ],
              "size": [
                16.0,
                1.0,
                1.0
              ],
              "uv": [
                45,
                27
              ],
              "inflate": 0
            },
            {
              "origin": [
                -8.0,
                2.75,
                -2.75
              ],
              "size": [
                16.0,
                1.0,
                7.0
              ],
              "uv": [
                39,
                33
              ],
              "inflate": 0
            },
            {
              "origin": [
                -8.0,
                1.0,
                -7.5
              ],
              "size": [
                16.0,
                2.0,
                13.0
              ],
              "uv": [
                0,
                16
              ],
              "inflate": 0
            },
            {
              "origin": [
                -8.0,
                12.25,
                -7.25
              ],
              "size": [
                16.0,
                1.0,
                1.0
              ],
              "uv": [
                68,
                51
              ],
              "inflate": 0
            },
            {
              "origin": [
                -8.0,
                0.0,
                -8.0
              ],
              "size": [
                16.0,
                16.0,
                1.0
              ],
              "uv": [
                0,
                40
              ],
              "inflate": 0
            },
            {
              "origin": [
                -8.0,
                13.75,
                -7.75
              ],
              "size": [
                16.0,
                2.0,
                1.0
              ],
              "uv": [
                34,
                69
              ],
              "inflate": 0
            },
            {
              "origin": [
                -8.0,
                13.5,
                -7.5
              ],
              "size": [
                16.0,
                2.0,
                1.0
              ],
              "uv": [
                0,
                69
              ],
              "inflate": 0
            },
            {
              "origin": [
                -8.0,
                13.25,
                -7.25
              ],
              "size": [
                16.0,
                2.0,
                1.0
              ],
              "uv": [
                68,
                66
              ],
              "inflate": 0
            },
            {
              "origin": [
                -8.0,
                13.0,
                -6.25
              ],
              "size": [
                16.0,
                2.0,
                1.0
              ],
              "uv": [
                34,
                66
              ],
              "inflate": 0
            },
            {
              "origin": [
                -8.0,
                12.75,
                -5.25
              ],
              "size": [
                16.0,
                2.0,
                1.0
              ],
              "uv": [
                0,
                66
              ],
              "inflate": 0
            }
          ]
        },
        {
          "name": "bone",
          "pivot": [
            0,
            12,
            4
          ],
          "cubes": [
            {
              "origin": [
                -8.0,
                3.0,
                3.0
              ],
              "size": [
                16.0,
                1.0,
                2.0
              ],
              "uv": [
                36,
                60
              ],
              "inflate": 0
            }
          ],
          "rotation": [
            -90,
            0,
            0
          ]
        },
        {
          "name": "bone2",
          "pivot": [
            0,
            12,
            4
          ],
          "cubes": [
            {
              "origin": [
                -8.0,
                3.0,
                3.0
              ],
              "size": [
                16.0,
                1.0,
                2.0
              ],
              "uv": [
                0,
                60
              ],
              "inflate": 0
            }
          ],
          "rotation": [
            -77.5,
            0,
            0
          ]
        },
        {
          "name": "bone3",
          "pivot": [
            0,
            12,
            4
          ],
          "cubes": [
            {
              "origin": [
                -8.0,
                3.0,
                3.0
              ],
              "size": [
                16.0,
                1.0,
                2.0
              ],
              "uv": [
                36,
                57
              ],
              "inflate": 0
            }
          ],
          "rotation": [
            -65,
            0,
            0
          ]
        },
        {
          "name": "bone4",
          "pivot": [
            0,
            12,
            4
          ],
          "cubes": [
            {
              "origin": [
                -8.0,
                3.0,
                3.0
              ],
              "size": [
                16.0,
                1.0,
                2.0
              ],
              "uv": [
                0,
                57
              ],
              "inflate": 0
            }
          ],
          "rotation": [
            -52.5,
            0,
            0
          ]
        },
        {
          "name": "bone5",
          "pivot": [
            0,
            12,
            4
          ],
          "cubes": [
            {
              "origin": [
                -8.0,
                3.0,
                3.0
              ],
              "size": [
                16.0,
                1.0,
                2.0
              ],
              "uv": [
                56,
                29
              ],
              "inflate": 0
            }
          ],
          "rotation": [
            -40,
            0,
            0
          ]
        },
        {
          "name": "bone6",
          "pivot": [
            0,
            12,
            4
          ],
          "cubes": [
            {
              "origin": [
                -8.0,
                3.0,
                3.0
              ],
              "size": [
                16.0,
                1.0,
                2.0
              ],
              "uv": [
                34,
                54
              ],
              "inflate": 0
            }
          ],
          "rotation": [
            -27.5,
            0,
            0
          ]
        },
        {
          "name": "bone7",
          "pivot": [
            0,
            12,
            4
          ],
          "cubes": [
            {
              "origin": [
                -8.0,
                3.0,
                3.0
              ],
              "size": [
                16.0,
                1.0,
                2.0
              ],
              "uv": [
                34,
                51
              ],
              "inflate": 0
            }
          ],
          "rotation": [
            -15,
            0,
            0
          ]
        },
        {
          "name": "bone8",
          "pivot": [
            0,
            12,
            4
          ],
          "cubes": [
            {
              "origin": [
                -8.0,
                3.0,
                3.0
              ],
              "size": [
                16.0,
                1.0,
                2.0
              ],
              "uv": [
                34,
                48
              ],
              "inflate": 0
            }
          ],
          "rotation": [
            -2.5,
            0,
            0
          ]
        },
        {
          "name": "bone9",
          "pivot": [
            0,
            12,
            4
          ],
          "cubes": [
            {
              "origin": [
                -8.0,
                3.0,
                3.0
              ],
              "size": [
                16.0,
                1.0,
                2.0
              ],
              "uv": [
                47,
                10
              ],
              "inflate": 0
            }
          ],
          "rotation": [
            10,
            0,
            0
          ]
        }
      ]
    }
  ]
}