{
  "format_version": "1.12.0",
  "minecraft:geometry": [
    {
      "description": {
        "identifier": "geometry.ms_ta_corner2",
        "texture_width": 128,
        "texture_height": 128,
        "visible_bounds_width": 3,
        "visible_bounds_height": 2.5,
        "visible_bounds_offset": [
          0,
          0.75,
          0
        ]
      },
      "bones": [
        {
          "name": "bone19",
          "pivot": [
            0,
            16,
            0
          ],
          "rotation": [
            0,
            0,
            180
          ]
        },
        {
          "name": "Delete",
          "pivot": [
            0,
            16,
            0
          ],
          "parent": "bone19"
        },
        {
          "name": "bb_main",
          "pivot": [
            0,
            16,
            0
          ],
          "cubes": [
            {
              "origin": [
                -8.0,
                16.0,
                -7.0
              ],
              "size": [
                16.0,
                1.0,
                15.0
              ],
              "uv": [
                0,
                0
              ],
              "inflate": 0
            },
            {
              "origin": [
                -8.0,
                16.25,
                5.75
              ],
              "size": [
                16.0,
                1.0,
                2.0
              ],
              "uv": [
                36,
                63
              ],
              "inflate": 0
            },
            {
              "origin": [
                -8.0,
                16.5,
                5.5
              ],
              "size": [
                16.0,
                1.0,
                2.0
              ],
              "uv": [
                0,
                63
              ],
              "inflate": 0
            },
            {
              "origin": [
                -8.0,
                16.75,
                5.25
              ],
              "size": [
                16.0,
                1.0,
                2.0
              ],
              "uv": [
                62,
                13
              ],
              "inflate": 0
            },
            {
              "origin": [
                -8.0,
                17.75,
                5.0
              ],
              "size": [
                16.0,
                1.0,
                2.0
              ],
              "uv": [
                47,
                7
              ],
              "inflate": 0
            },
            {
              "origin": [
                -8.0,
                18.75,
                4.75
              ],
              "size": [
                16.0,
                1.0,
                2.0
              ],
              "uv": [
                47,
                4
              ],
              "inflate": 0
            },
            {
              "origin": [
                -8.0,
                27.0,
                -7.0
              ],
              "size": [
                16.0,
                2.0,
                2.0
              ],
              "uv": [
                47,
                0
              ],
              "inflate": 0
            },
            {
              "origin": [
                -8.0,
                25.0,
                -7.5
              ],
              "size": [
                16.0,
                2.0,
                3.0
              ],
              "uv": [
                45,
                22
              ],
              "inflate": 0
            },
            {
              "origin": [
                -8.0,
                23.0,
                -7.5
              ],
              "size": [
                16.0,
                2.0,
                4.0
              ],
              "uv": [
                45,
                16
              ],
              "inflate": 0
            },
            {
              "origin": [
                -8.0,
                21.0,
                -7.5
              ],
              "size": [
                16.0,
                2.0,
                5.0
              ],
              "uv": [
                34,
                41
              ],
              "inflate": 0
            },
            {
              "origin": [
                -8.0,
                19.0,
                -7.5
              ],
              "size": [
                16.0,
                2.0,
                7.0
              ],
              "uv": [
                0,
                31
              ],
              "inflate": 0
            },
            {
              "origin": [
                -8.0,
                20.75,
                -2.75
              ],
              "size": [
                16.0,
                1.0,
                1.0
              ],
              "uv": [
                68,
                48
              ],
              "inflate": 0
            },
            {
              "origin": [
                -8.0,
                19.25,
                -0.5
              ],
              "size": [
                16.0,
                1.0,
                1.0
              ],
              "uv": [
                45,
                27
              ],
              "inflate": 0
            },
            {
              "origin": [
                -8.0,
                18.75,
                -2.75
              ],
              "size": [
                16.0,
                1.0,
                7.0
              ],
              "uv": [
                39,
                33
              ],
              "inflate": 0
            },
            {
              "origin": [
                -8.0,
                17.0,
                -7.5
              ],
              "size": [
                16.0,
                2.0,
                13.0
              ],
              "uv": [
                0,
                16
              ],
              "inflate": 0
            },
            {
              "origin": [
                -8.0,
                28.25,
                -7.25
              ],
              "size": [
                16.0,
                1.0,
                1.0
              ],
              "uv": [
                68,
                51
              ],
              "inflate": 0
            },
            {
              "origin": [
                -8.0,
                16.0,
                -8.0
              ],
              "size": [
                16.0,
                16.0,
                1.0
              ],
              "uv": [
                0,
                40
              ],
              "inflate": 0
            },
            {
              "origin": [
                -8.0,
                29.75,
                -7.75
              ],
              "size": [
                16.0,
                2.0,
                1.0
              ],
              "uv": [
                34,
                69
              ],
              "inflate": 0
            },
            {
              "origin": [
                -8.0,
                29.5,
                -7.5
              ],
              "size": [
                16.0,
                2.0,
                1.0
              ],
              "uv": [
                0,
                69
              ],
              "inflate": 0
            },
            {
              "origin": [
                -8.0,
                29.25,
                -7.25
              ],
              "size": [
                16.0,
                2.0,
                1.0
              ],
              "uv": [
                68,
                66
              ],
              "inflate": 0
            },
            {
              "origin": [
                -8.0,
                29.0,
                -6.25
              ],
              "size": [
                16.0,
                2.0,
                1.0
              ],
              "uv": [
                34,
                66
              ],
              "inflate": 0
            },
            {
              "origin": [
                -8.0,
                28.75,
                -5.25
              ],
              "size": [
                16.0,
                2.0,
                1.0
              ],
              "uv": [
                0,
                66
              ],
              "inflate": 0
            },
            {
              "origin": [
                -1.0,
                16.0,
                0.0
              ],
              "size": [
                1.0,
                1.0,
                1.0
              ],
              "uv": [
                0,
                0
              ],
              "inflate": 0
            }
          ],
          "parent": "Delete"
        },
        {
          "name": "bone",
          "pivot": [
            0,
            28,
            4
          ],
          "cubes": [
            {
              "origin": [
                -8.0,
                19.0,
                3.0
              ],
              "size": [
                16.0,
                1.0,
                2.0
              ],
              "uv": [
                36,
                60
              ],
              "inflate": 0
            }
          ],
          "parent": "Delete",
          "rotation": [
            -90,
            0,
            0
          ]
        },
        {
          "name": "bone2",
          "pivot": [
            0,
            28,
            4
          ],
          "cubes": [
            {
              "origin": [
                -8.0,
                19.0,
                3.0
              ],
              "size": [
                16.0,
                1.0,
                2.0
              ],
              "uv": [
                0,
                60
              ],
              "inflate": 0
            }
          ],
          "parent": "Delete",
          "rotation": [
            -77.5,
            0,
            0
          ]
        },
        {
          "name": "bone3",
          "pivot": [
            0,
            28,
            4
          ],
          "cubes": [
            {
              "origin": [
                -8.0,
                19.0,
                3.0
              ],
              "size": [
                16.0,
                1.0,
                2.0
              ],
              "uv": [
                36,
                57
              ],
              "inflate": 0
            }
          ],
          "parent": "Delete",
          "rotation": [
            -65,
            0,
            0
          ]
        },
        {
          "name": "bone4",
          "pivot": [
            0,
            28,
            4
          ],
          "cubes": [
            {
              "origin": [
                -8.0,
                19.0,
                3.0
              ],
              "size": [
                16.0,
                1.0,
                2.0
              ],
              "uv": [
                0,
                57
              ],
              "inflate": 0
            }
          ],
          "parent": "Delete",
          "rotation": [
            -52.5,
            0,
            0
          ]
        },
        {
          "name": "bone5",
          "pivot": [
            0,
            28,
            4
          ],
          "cubes": [
            {
              "origin": [
                -8.0,
                19.0,
                3.0
              ],
              "size": [
                16.0,
                1.0,
                2.0
              ],
              "uv": [
                56,
                29
              ],
              "inflate": 0
            }
          ],
          "parent": "Delete",
          "rotation": [
            -40,
            0,
            0
          ]
        },
        {
          "name": "bone6",
          "pivot": [
            0,
            28,
            4
          ],
          "cubes": [
            {
              "origin": [
                -8.0,
                19.0,
                3.0
              ],
              "size": [
                16.0,
                1.0,
                2.0
              ],
              "uv": [
                34,
                54
              ],
              "inflate": 0
            }
          ],
          "parent": "Delete",
          "rotation": [
            -27.5,
            0,
            0
          ]
        },
        {
          "name": "bone7",
          "pivot": [
            0,
            28,
            4
          ],
          "cubes": [
            {
              "origin": [
                -8.0,
                19.0,
                3.0
              ],
              "size": [
                16.0,
                1.0,
                2.0
              ],
              "uv": [
                34,
                51
              ],
              "inflate": 0
            }
          ],
          "parent": "Delete",
          "rotation": [
            -15,
            0,
            0
          ]
        },
        {
          "name": "bone9",
          "pivot": [
            0,
            28,
            4
          ],
          "cubes": [
            {
              "origin": [
                -8.0,
                19.0,
                3.0
              ],
              "size": [
                16.0,
                1.0,
                2.0
              ],
              "uv": [
                47,
                10
              ],
              "inflate": 0
            }
          ],
          "parent": "Delete",
          "rotation": [
            10,
            0,
            0
          ]
        },
        {
          "name": "bone8",
          "pivot": [
            0,
            28,
            4
          ],
          "cubes": [
            {
              "origin": [
                -8.0,
                19.0,
                3.0
              ],
              "size": [
                16.0,
                1.0,
                2.0
              ],
              "uv": [
                34,
                48
              ],
              "inflate": 0
            }
          ],
          "parent": "Delete",
          "rotation": [
            -2.5,
            0,
            0
          ]
        },
        {
          "name": "Delete2",
          "pivot": [
            0,
            16,
            0
          ],
          "parent": "bone19",
          "rotation": [
            0,
            90,
            0
          ]
        },
        {
          "name": "bb_main2",
          "pivot": [
            0,
            16,
            0
          ],
          "cubes": [
            {
              "origin": [
                -8.0,
                16.0,
                -7.0
              ],
              "size": [
                16.0,
                1.0,
                15.0
              ],
              "uv": [
                0,
                0
              ],
              "inflate": 0
            },
            {
              "origin": [
                -8.0,
                16.25,
                5.75
              ],
              "size": [
                16.0,
                1.0,
                2.0
              ],
              "uv": [
                36,
                63
              ],
              "inflate": 0
            },
            {
              "origin": [
                -8.0,
                16.5,
                5.5
              ],
              "size": [
                16.0,
                1.0,
                2.0
              ],
              "uv": [
                0,
                63
              ],
              "inflate": 0
            },
            {
              "origin": [
                -8.0,
                16.75,
                5.25
              ],
              "size": [
                16.0,
                1.0,
                2.0
              ],
              "uv": [
                62,
                13
              ],
              "inflate": 0
            },
            {
              "origin": [
                -8.0,
                17.75,
                5.0
              ],
              "size": [
                16.0,
                1.0,
                2.0
              ],
              "uv": [
                47,
                7
              ],
              "inflate": 0
            },
            {
              "origin": [
                -8.0,
                18.75,
                4.75
              ],
              "size": [
                16.0,
                1.0,
                2.0
              ],
              "uv": [
                47,
                4
              ],
              "inflate": 0
            },
            {
              "origin": [
                -8.0,
                27.0,
                -7.0
              ],
              "size": [
                16.0,
                2.0,
                2.0
              ],
              "uv": [
                47,
                0
              ],
              "inflate": 0
            },
            {
              "origin": [
                -8.0,
                25.0,
                -7.5
              ],
              "size": [
                16.0,
                2.0,
                3.0
              ],
              "uv": [
                45,
                22
              ],
              "inflate": 0
            },
            {
              "origin": [
                -8.0,
                23.0,
                -7.5
              ],
              "size": [
                16.0,
                2.0,
                4.0
              ],
              "uv": [
                45,
                16
              ],
              "inflate": 0
            },
            {
              "origin": [
                -8.0,
                21.0,
                -7.5
              ],
              "size": [
                16.0,
                2.0,
                5.0
              ],
              "uv": [
                34,
                41
              ],
              "inflate": 0
            },
            {
              "origin": [
                -8.0,
                19.0,
                -7.5
              ],
              "size": [
                16.0,
                2.0,
                7.0
              ],
              "uv": [
                0,
                31
              ],
              "inflate": 0
            },
            {
              "origin": [
                -8.0,
                20.75,
                -2.75
              ],
              "size": [
                16.0,
                1.0,
                1.0
              ],
              "uv": [
                68,
                48
              ],
              "inflate": 0
            },
            {
              "origin": [
                -8.0,
                19.25,
                -0.5
              ],
              "size": [
                16.0,
                1.0,
                1.0
              ],
              "uv": [
                45,
                27
              ],
              "inflate": 0
            },
            {
              "origin": [
                -8.0,
                18.75,
                -2.75
              ],
              "size": [
                16.0,
                1.0,
                7.0
              ],
              "uv": [
                39,
                33
              ],
              "inflate": 0
            },
            {
              "origin": [
                -8.0,
                17.0,
                -7.5
              ],
              "size": [
                16.0,
                2.0,
                13.0
              ],
              "uv": [
                0,
                16
              ],
              "inflate": 0
            },
            {
              "origin": [
                -8.0,
                28.25,
                -7.25
              ],
              "size": [
                16.0,
                1.0,
                1.0
              ],
              "uv": [
                68,
                51
              ],
              "inflate": 0
            },
            {
              "origin": [
                -8.0,
                16.0,
                -8.0
              ],
              "size": [
                16.0,
                16.0,
                1.0
              ],
              "uv": [
                0,
                40
              ],
              "inflate": 0
            },
            {
              "origin": [
                -8.0,
                29.75,
                -7.75
              ],
              "size": [
                16.0,
                2.0,
                1.0
              ],
              "uv": [
                34,
                69
              ],
              "inflate": 0
            },
            {
              "origin": [
                -8.0,
                29.5,
                -7.5
              ],
              "size": [
                16.0,
                2.0,
                1.0
              ],
              "uv": [
                0,
                69
              ],
              "inflate": 0
            },
            {
              "origin": [
                -8.0,
                29.25,
                -7.25
              ],
              "size": [
                16.0,
                2.0,
                1.0
              ],
              "uv": [
                68,
                66
              ],
              "inflate": 0
            },
            {
              "origin": [
                -8.0,
                29.0,
                -6.25
              ],
              "size": [
                16.0,
                2.0,
                1.0
              ],
              "uv": [
                34,
                66
              ],
              "inflate": 0
            },
            {
              "origin": [
                -8.0,
                28.75,
                -5.25
              ],
              "size": [
                16.0,
                2.0,
                1.0
              ],
              "uv": [
                0,
                66
              ],
              "inflate": 0
            }
          ],
          "parent": "Delete2"
        },
        {
          "name": "bone10",
          "pivot": [
            0,
            28,
            4
          ],
          "cubes": [
            {
              "origin": [
                -8.0,
                19.0,
                3.0
              ],
              "size": [
                16.0,
                1.0,
                2.0
              ],
              "uv": [
                36,
                60
              ],
              "inflate": 0
            }
          ],
          "parent": "Delete2",
          "rotation": [
            -90,
            0,
            0
          ]
        },
        {
          "name": "bone11",
          "pivot": [
            0,
            28,
            4
          ],
          "cubes": [
            {
              "origin": [
                -8.0,
                19.0,
                3.0
              ],
              "size": [
                16.0,
                1.0,
                2.0
              ],
              "uv": [
                0,
                60
              ],
              "inflate": 0
            }
          ],
          "parent": "Delete2",
          "rotation": [
            -77.5,
            0,
            0
          ]
        },
        {
          "name": "bone12",
          "pivot": [
            0,
            28,
            4
          ],
          "cubes": [
            {
              "origin": [
                -8.0,
                19.0,
                3.0
              ],
              "size": [
                16.0,
                1.0,
                2.0
              ],
              "uv": [
                36,
                57
              ],
              "inflate": 0
            }
          ],
          "parent": "Delete2",
          "rotation": [
            -65,
            0,
            0
          ]
        },
        {
          "name": "bone13",
          "pivot": [
            0,
            28,
            4
          ],
          "cubes": [
            {
              "origin": [
                -8.0,
                19.0,
                3.0
              ],
              "size": [
                16.0,
                1.0,
                2.0
              ],
              "uv": [
                0,
                57
              ],
              "inflate": 0
            }
          ],
          "parent": "Delete2",
          "rotation": [
            -52.5,
            0,
            0
          ]
        },
        {
          "name": "bone14",
          "pivot": [
            0,
            28,
            4
          ],
          "cubes": [
            {
              "origin": [
                -8.0,
                19.0,
                3.0
              ],
              "size": [
                16.0,
                1.0,
                2.0
              ],
              "uv": [
                56,
                29
              ],
              "inflate": 0
            }
          ],
          "parent": "Delete2",
          "rotation": [
            -40,
            0,
            0
          ]
        },
        {
          "name": "bone15",
          "pivot": [
            0,
            28,
            4
          ],
          "cubes": [
            {
              "origin": [
                -8.0,
                19.0,
                3.0
              ],
              "size": [
                16.0,
                1.0,
                2.0
              ],
              "uv": [
                34,
                54
              ],
              "inflate": 0
            }
          ],
          "parent": "Delete2",
          "rotation": [
            -27.5,
            0,
            0
          ]
        },
        {
          "name": "bone16",
          "pivot": [
            0,
            28,
            4
          ],
          "cubes": [
            {
              "origin": [
                -8.0,
                19.0,
                3.0
              ],
              "size": [
                16.0,
                1.0,
                2.0
              ],
              "uv": [
                34,
                51
              ],
              "inflate": 0
            }
          ],
          "parent": "Delete2",
          "rotation": [
            -15,
            0,
            0
          ]
        },
        {
          "name": "bone17",
          "pivot": [
            0,
            28,
            4
          ],
          "cubes": [
            {
              "origin": [
                -8.0,
                19.0,
                3.0
              ],
              "size": [
                16.0,
                1.0,
                2.0
              ],
              "uv": [
                47,
                10
              ],
              "inflate": 0
            }
          ],
          "parent": "Delete2",
          "rotation": [
            10,
            0,
            0
          ]
        },
        {
          "name": "bone18",
          "pivot": [
            0,
            28,
            4
          ],
          "cubes": [
            {
              "origin": [
                -8.0,
                19.0,
                3.0
              ],
              "size": [
                16.0,
                1.0,
                2.0
              ],
              "uv": [
                34,
                48
              ],
              "inflate": 0
            }
          ],
          "parent": "Delete2",
          "rotation": [
            -2.5,
            0,
            0
          ]
        }
      ]
    }
  ]
}