{
  "format_version": "1.12.0",
  "minecraft:geometry": [
    {
      "description": {
        "identifier": "geometry.ms_tirupati",
        "texture_width": 256,
        "texture_height": 256,
        "visible_bounds_width": 8,
        "visible_bounds_height": 6.5,
        "visible_bounds_offset": [
          0,
          2.75,
          0
        ]
      },
      "bones": [
        {
          "name": "Ravan"
        },
        {
          "name": "Body",
          "pivot": [
            0,
            18,
            0
          ],
          "cubes": [
            {
              "origin": [
                -4.0,
                18.0,
                -2.0
              ],
              "size": [
                8.0,
                9.0,
                6.0
              ],
              "uv": [
                106,
                109
              ],
              "inflate": 0
            },
            {
              "origin": [
                -5.0,
                19.0,
                -3.0
              ],
              "size": [
                10.0,
                2.0,
                8.0
              ],
              "uv": [
                96,
                61
              ],
              "inflate": 0
            },
            {
              "origin": [
                -6.0,
                27.0,
                -2.0
              ],
              "size": [
                12.0,
                6.0,
                6.0
              ],
              "uv": [
                68,
                33
              ],
              "inflate": 0
            },
            {
              "origin": [
                -4.0,
                23.0,
                -3.0
              ],
              "size": [
                2.0,
                11.0,
                2.0
              ],
              "uv": [
                72,
                130
              ],
              "inflate": 0
            },
            {
              "origin": [
                -9.0,
                1.0,
                -3.0
              ],
              "size": [
                4.0,
                32.0,
                1.0
              ],
              "uv": [
                96,
                109
              ],
              "inflate": 0
            },
            {
              "origin": [
                2.0,
                23.0,
                -3.0
              ],
              "size": [
                2.0,
                11.0,
                2.0
              ],
              "uv": [
                46,
                114
              ],
              "inflate": 0
            },
            {
              "origin": [
                4.0,
                16.0,
                -4.0
              ],
              "size": [
                2.0,
                18.0,
                2.0
              ],
              "uv": [
                106,
                124
              ],
              "inflate": 0
            },
            {
              "origin": [
                -4.0,
                15.0,
                -4.0
              ],
              "size": [
                8.0,
                2.0,
                2.0
              ],
              "uv": [
                0,
                18
              ],
              "inflate": 0
            },
            {
              "origin": [
                -3.0,
                13.0,
                -4.0
              ],
              "size": [
                6.0,
                2.0,
                2.0
              ],
              "uv": [
                88,
                61
              ],
              "inflate": 0
            },
            {
              "origin": [
                -2.0,
                11.0,
                -4.0
              ],
              "size": [
                4.0,
                2.0,
                2.0
              ],
              "uv": [
                99,
                48
              ],
              "inflate": 0
            },
            {
              "origin": [
                -4.0,
                17.0,
                -4.0
              ],
              "size": [
                2.0,
                2.0,
                2.0
              ],
              "uv": [
                0,
                57
              ],
              "inflate": 0
            },
            {
              "origin": [
                2.0,
                17.0,
                -4.0
              ],
              "size": [
                2.0,
                2.0,
                2.0
              ],
              "uv": [
                0,
                53
              ],
              "inflate": 0
            },
            {
              "origin": [
                -6.0,
                16.0,
                -4.0
              ],
              "size": [
                2.0,
                18.0,
                2.0
              ],
              "uv": [
                80,
                89
              ],
              "inflate": 0
            },
            {
              "origin": [
                3.0,
                25.0,
                4.0
              ],
              "size": [
                2.0,
                9.0,
                1.0
              ],
              "uv": [
                142,
                25
              ],
              "inflate": 0
            },
            {
              "origin": [
                -3.0,
                24.0,
                4.0
              ],
              "size": [
                6.0,
                2.0,
                1.0
              ],
              "uv": [
                88,
                65
              ],
              "inflate": 0
            },
            {
              "origin": [
                -5.0,
                25.0,
                4.0
              ],
              "size": [
                2.0,
                9.0,
                1.0
              ],
              "uv": [
                142,
                9
              ],
              "inflate": 0
            },
            {
              "origin": [
                5.0,
                4.0,
                -3.0
              ],
              "size": [
                4.0,
                29.0,
                1.0
              ],
              "uv": [
                0,
                114
              ],
              "inflate": 0
            },
            {
              "origin": [
                5.0,
                33.0,
                -3.0
              ],
              "size": [
                4.0,
                1.0,
                8.0
              ],
              "uv": [
                46,
                122
              ],
              "inflate": 0
            },
            {
              "origin": [
                9.0,
                32.0,
                0.0
              ],
              "size": [
                4.0,
                5.0,
                1.0
              ],
              "uv": [
                134,
                49
              ],
              "inflate": 0
            },
            {
              "origin": [
                13.0,
                3.0,
                0.0
              ],
              "size": [
                4.0,
                36.0,
                4.0
              ],
              "uv": [
                80,
                109
              ],
              "inflate": 0
            },
            {
              "origin": [
                -17.0,
                3.0,
                0.0
              ],
              "size": [
                4.0,
                36.0,
                4.0
              ],
              "uv": [
                64,
                89
              ],
              "inflate": 0
            },
            {
              "origin": [
                -13.0,
                5.0,
                2.0
              ],
              "size": [
                2.0,
                27.0,
                2.0
              ],
              "uv": [
                18,
                114
              ],
              "inflate": 0
            },
            {
              "origin": [
                11.0,
                5.0,
                2.0
              ],
              "size": [
                2.0,
                27.0,
                2.0
              ],
              "uv": [
                10,
                114
              ],
              "inflate": 0
            },
            {
              "origin": [
                -13.0,
                32.0,
                0.0
              ],
              "size": [
                4.0,
                5.0,
                1.0
              ],
              "uv": [
                54,
                114
              ],
              "inflate": 0
            },
            {
              "origin": [
                -9.0,
                33.0,
                -3.0
              ],
              "size": [
                5.0,
                1.0,
                8.0
              ],
              "uv": [
                120,
                0
              ],
              "inflate": 0
            },
            {
              "origin": [
                -3.0,
                22.0,
                -3.0
              ],
              "size": [
                6.0,
                1.0,
                1.0
              ],
              "uv": [
                0,
                22
              ],
              "inflate": 0
            },
            {
              "origin": [
                -2.0,
                21.0,
                -3.0
              ],
              "size": [
                4.0,
                1.0,
                1.0
              ],
              "uv": [
                14,
                22
              ],
              "inflate": 0
            }
          ],
          "parent": "Ravan"
        },
        {
          "name": "Hand1",
          "pivot": [
            -7,
            32.16667,
            0.83333
          ],
          "cubes": [
            {
              "origin": [
                -8.91299,
                24.06626,
                -0.96122
              ],
              "size": [
                3.0,
                8.0,
                4.0
              ],
              "uv": [
                134,
                68
              ],
              "inflate": 0
            },
            {
              "origin": [
                -8.91299,
                27.06626,
                -0.96122
              ],
              "size": [
                3.0,
                5.0,
                4.0
              ],
              "pivot": [
                -7.41299,
                32.06626,
                1.03878
              ],
              "rotation": [
                -17.53303,
                -8.51627,
                72.96776
              ],
              "uv": [
                138,
                137
              ],
              "inflate": 0
            }
          ],
          "parent": "Body",
          "rotation": [
            -12.38379,
            28.35953,
            24.19827
          ]
        },
        {
          "name": "bone4",
          "pivot": [
            -7.41299,
            24.06626,
            1.53878
          ],
          "cubes": [
            {
              "origin": [
                -8.91299,
                16.06626,
                0.03878
              ],
              "size": [
                3.0,
                9.0,
                3.0
              ],
              "pivot": [
                -7.41299,
                24.06626,
                1.53878
              ],
              "rotation": [
                -50.0,
                0.0,
                0.0
              ],
              "uv": [
                126,
                137
              ],
              "inflate": 0
            }
          ],
          "parent": "Hand1",
          "rotation": [
            -58.98996,
            -26.32776,
            -14.92735
          ]
        },
        {
          "name": "bone",
          "pivot": [
            -7.41299,
            18.73293,
            -3.79456
          ],
          "cubes": [
            {
              "origin": [
                -8.91299,
                14.58676,
                -7.26445
              ],
              "size": [
                1.0,
                3.0,
                3.0
              ],
              "pivot": [
                -8.41299,
                17.9956,
                -5.88771
              ],
              "rotation": [
                -47.75318,
                17.04679,
                14.9092
              ],
              "uv": [
                15,
                0
              ],
              "inflate": 0
            },
            {
              "origin": [
                -8.91299,
                14.06626,
                0.0
              ],
              "size": [
                3.0,
                2.0,
                3.0
              ],
              "pivot": [
                -7.41299,
                24.06626,
                1.53878
              ],
              "rotation": [
                -50.0,
                0.0,
                0.0
              ],
              "uv": [
                114,
                25
              ],
              "inflate": 0
            },
            {
              "origin": [
                -6.91299,
                16.35281,
                -6.90724
              ],
              "size": [
                1.0,
                2.0,
                1.0
              ],
              "pivot": [
                -6.41299,
                18.76164,
                -6.5305
              ],
              "rotation": [
                -62.81953,
                23.13163,
                9.50088
              ],
              "uv": [
                20,
                0
              ],
              "inflate": 0
            }
          ],
          "parent": "bone4",
          "rotation": [
            -32.1038,
            -18.08726,
            76.86455
          ]
        },
        {
          "name": "Hand2",
          "pivot": [
            6,
            30.16667,
            0.83333
          ],
          "cubes": [
            {
              "origin": [
                6.0,
                24.0,
                -1.0
              ],
              "size": [
                3.0,
                8.0,
                4.0
              ],
              "uv": [
                132,
                37
              ],
              "inflate": 0
            },
            {
              "origin": [
                6.0,
                26.0,
                -1.0
              ],
              "size": [
                3.0,
                6.0,
                4.0
              ],
              "pivot": [
                7.5,
                32.0,
                1.0
              ],
              "rotation": [
                -27.14233,
                4.59902,
                -68.61073
              ],
              "uv": [
                96,
                71
              ],
              "inflate": 0
            }
          ],
          "parent": "Body",
          "rotation": [
            2.62173,
            -28.36326,
            -30.0879
          ]
        },
        {
          "name": "bone5",
          "pivot": [
            7.5,
            24,
            1.5
          ],
          "cubes": [
            {
              "origin": [
                6.0,
                16.0,
                0.0
              ],
              "size": [
                3.0,
                9.0,
                3.0
              ],
              "pivot": [
                7.5,
                24.0,
                1.5
              ],
              "rotation": [
                -50.0,
                0.0,
                0.0
              ],
              "uv": [
                114,
                136
              ],
              "inflate": 0
            }
          ],
          "parent": "Hand2",
          "rotation": [
            4.30856,
            13.47157,
            35.3335
          ]
        },
        {
          "name": "bone2",
          "pivot": [
            7.5,
            18.66667,
            -3.83333
          ],
          "cubes": [
            {
              "origin": [
                8.0,
                12.0,
                0.0
              ],
              "size": [
                1.0,
                2.0,
                3.0
              ],
              "pivot": [
                7.5,
                24.0,
                1.5
              ],
              "rotation": [
                -50.0,
                0.0,
                0.0
              ],
              "uv": [
                0,
                25
              ],
              "inflate": 0
            },
            {
              "origin": [
                6.0,
                14.0,
                0.0
              ],
              "size": [
                3.0,
                2.0,
                3.0
              ],
              "pivot": [
                7.5,
                24.0,
                1.5
              ],
              "rotation": [
                -50.0,
                0.0,
                0.0
              ],
              "uv": [
                98,
                33
              ],
              "inflate": 0
            },
            {
              "origin": [
                6.0,
                12.0,
                0.0
              ],
              "size": [
                1.0,
                2.0,
                1.0
              ],
              "pivot": [
                7.5,
                24.0,
                1.5
              ],
              "rotation": [
                -50.0,
                0.0,
                0.0
              ],
              "uv": [
                0,
                4
              ],
              "inflate": 0
            }
          ],
          "parent": "bone5",
          "rotation": [
            -6.57867,
            -36.57331,
            91.24754
          ]
        },
        {
          "name": "Face",
          "pivot": [
            0,
            33,
            1
          ],
          "parent": "Body"
        },
        {
          "name": "Face1",
          "cubes": [
            {
              "origin": [
                -1.0,
                33.0,
                0.0
              ],
              "size": [
                2.0,
                1.0,
                2.0
              ],
              "uv": [
                0,
                30
              ],
              "inflate": 0
            },
            {
              "origin": [
                -4.0,
                34.0,
                -2.0
              ],
              "size": [
                8.0,
                9.0,
                6.0
              ],
              "uv": [
                104,
                33
              ],
              "inflate": 0
            },
            {
              "origin": [
                -5.0,
                33.0,
                4.0
              ],
              "size": [
                10.0,
                10.0,
                1.0
              ],
              "uv": [
                124,
                57
              ],
              "inflate": 0
            },
            {
              "origin": [
                4.0,
                39.0,
                1.0
              ],
              "size": [
                4.0,
                4.0,
                1.0
              ],
              "uv": [
                138,
                0
              ],
              "inflate": 0
            },
            {
              "origin": [
                -8.0,
                39.0,
                1.0
              ],
              "size": [
                4.0,
                4.0,
                1.0
              ],
              "uv": [
                136,
                98
              ],
              "inflate": 0
            },
            {
              "origin": [
                -7.0,
                35.0,
                1.0
              ],
              "size": [
                3.0,
                3.0,
                1.0
              ],
              "uv": [
                64,
                65
              ],
              "inflate": 0
            },
            {
              "origin": [
                4.0,
                35.0,
                1.0
              ],
              "size": [
                3.0,
                3.0,
                1.0
              ],
              "uv": [
                64,
                61
              ],
              "inflate": 0
            },
            {
              "origin": [
                -4.0,
                43.0,
                -2.0
              ],
              "size": [
                8.0,
                3.0,
                6.0
              ],
              "uv": [
                106,
                48
              ],
              "inflate": 0
            },
            {
              "origin": [
                -3.0,
                46.0,
                -1.0
              ],
              "size": [
                6.0,
                7.0,
                5.0
              ],
              "uv": [
                120,
                9
              ],
              "inflate": 0
            },
            {
              "origin": [
                -1.0,
                46.0,
                -2.0
              ],
              "size": [
                2.0,
                3.0,
                1.0
              ],
              "uv": [
                0,
                0
              ],
              "inflate": 0
            },
            {
              "origin": [
                -2.0,
                53.0,
                0.0
              ],
              "size": [
                4.0,
                4.0,
                4.0
              ],
              "uv": [
                24,
                53
              ],
              "inflate": 0
            },
            {
              "origin": [
                2.0,
                55.0,
                0.0
              ],
              "size": [
                23.0,
                4.0,
                4.0
              ],
              "pivot": [
                2.0,
                57.0,
                2.0
              ],
              "rotation": [
                0.0,
                0.0,
                55.0
              ],
              "uv": [
                60,
                25
              ],
              "inflate": 0
            },
            {
              "origin": [
                -25.0,
                55.0,
                0.0
              ],
              "size": [
                23.0,
                4.0,
                4.0
              ],
              "pivot": [
                -2.0,
                57.0,
                2.0
              ],
              "rotation": [
                0.0,
                0.0,
                -55.0
              ],
              "uv": [
                56,
                53
              ],
              "inflate": 0
            },
            {
              "origin": [
                -1.0,
                57.0,
                1.0
              ],
              "size": [
                2.0,
                2.0,
                2.0
              ],
              "uv": [
                106,
                71
              ],
              "inflate": 0
            }
          ],
          "parent": "Face"
        },
        {
          "name": "Legs",
          "pivot": [
            0,
            19,
            0
          ],
          "parent": "Ravan"
        },
        {
          "name": "bone3",
          "pivot": [
            -4,
            8.5,
            2.71429
          ],
          "cubes": [
            {
              "origin": [
                -6.0,
                7.0,
                -3.0
              ],
              "size": [
                4.0,
                11.0,
                7.0
              ],
              "uv": [
                112,
                71
              ],
              "inflate": 0
            },
            {
              "origin": [
                2.0,
                7.0,
                -3.0
              ],
              "size": [
                4.0,
                11.0,
                7.0
              ],
              "uv": [
                0,
                0
              ],
              "inflate": 0
            },
            {
              "origin": [
                -6.0,
                18.0,
                -3.0
              ],
              "size": [
                12.0,
                1.0,
                7.0
              ],
              "uv": [
                68,
                45
              ],
              "inflate": 0
            },
            {
              "origin": [
                -1.0,
                7.0,
                4.0
              ],
              "size": [
                2.0,
                11.0,
                3.0
              ],
              "pivot": [
                0.0,
                17.5,
                3.5
              ],
              "rotation": [
                -17.5,
                0.0,
                0.0
              ],
              "uv": [
                136,
                80
              ],
              "inflate": 0
            },
            {
              "origin": [
                -1.0,
                7.0,
                4.0
              ],
              "size": [
                2.0,
                11.0,
                3.0
              ],
              "pivot": [
                0.0,
                17.5,
                3.5
              ],
              "rotation": [
                2.5,
                0.0,
                0.0
              ],
              "uv": [
                134,
                107
              ],
              "inflate": 0
            },
            {
              "origin": [
                -2.0,
                7.0,
                -2.0
              ],
              "size": [
                4.0,
                11.0,
                6.0
              ],
              "uv": [
                26,
                114
              ],
              "inflate": 0
            }
          ],
          "parent": "Legs"
        },
        {
          "name": "bone6",
          "pivot": [
            0,
            17.5,
            3.5
          ],
          "parent": "bone3",
          "rotation": [
            -0.92684,
            -39.00657,
            -38.42684
          ]
        },
        {
          "name": "Leg1",
          "pivot": [
            -3.5,
            15.25,
            -0.5
          ],
          "cubes": [
            {
              "origin": [
                -6.0,
                7.0,
                -2.0
              ],
              "size": [
                4.0,
                8.0,
                4.0
              ],
              "pivot": [
                -4.0,
                15.0,
                0.0
              ],
              "rotation": [
                0.0,
                0.0,
                -5.0
              ],
              "uv": [
                126,
                25
              ],
              "inflate": 0
            }
          ],
          "parent": "Legs"
        },
        {
          "name": "bone8",
          "pivot": [
            -3,
            9,
            0
          ],
          "cubes": [
            {
              "origin": [
                -5.0,
                1.0,
                -5.0
              ],
              "size": [
                4.0,
                1.0,
                8.0
              ],
              "uv": [
                120,
                98
              ],
              "inflate": 0
            },
            {
              "origin": [
                -5.30275,
                2.04566,
                -2.0
              ],
              "size": [
                4.0,
                7.0,
                4.0
              ],
              "pivot": [
                -3.12844,
                7.03805,
                0.0
              ],
              "rotation": [
                0.0,
                0.0,
                -5.0
              ],
              "uv": [
                56,
                131
              ],
              "inflate": 0
            }
          ],
          "parent": "Leg1"
        },
        {
          "name": "Leg2",
          "pivot": [
            3.5,
            15.25,
            -0.5
          ],
          "cubes": [
            {
              "origin": [
                2.0,
                7.0,
                -2.0
              ],
              "size": [
                4.0,
                8.0,
                4.0
              ],
              "pivot": [
                4.0,
                15.0,
                0.0
              ],
              "rotation": [
                0.0,
                0.0,
                5.0
              ],
              "uv": [
                114,
                124
              ],
              "inflate": 0
            }
          ],
          "parent": "Legs"
        },
        {
          "name": "bone9",
          "pivot": [
            3.23853,
            8.77664,
            -0.5
          ],
          "cubes": [
            {
              "origin": [
                1.0,
                1.0,
                -5.0
              ],
              "size": [
                4.0,
                1.0,
                8.0
              ],
              "uv": [
                120,
                89
              ],
              "inflate": 0
            },
            {
              "origin": [
                1.47707,
                2.05327,
                -2.0
              ],
              "size": [
                4.0,
                7.0,
                4.0
              ],
              "pivot": [
                3.12844,
                9.03805,
                0.0
              ],
              "rotation": [
                0.0,
                0.0,
                5.0
              ],
              "uv": [
                40,
                131
              ],
              "inflate": 0
            }
          ],
          "parent": "Leg2"
        },
        {
          "name": "Base",
          "cubes": [
            {
              "origin": [
                -24.0,
                0.0,
                -8.0
              ],
              "size": [
                48.0,
                1.0,
                24.0
              ],
              "uv": [
                0,
                0
              ],
              "inflate": 0
            },
            {
              "origin": [
                16.0,
                0.0,
                8.0
              ],
              "size": [
                8.0,
                53.0,
                8.0
              ],
              "uv": [
                32,
                53
              ],
              "inflate": 0
            },
            {
              "origin": [
                16.0,
                53.0,
                8.0
              ],
              "size": [
                8.0,
                20.0,
                8.0
              ],
              "pivot": [
                24.0,
                53.0,
                12.0
              ],
              "rotation": [
                0.0,
                0.0,
                -30.0
              ],
              "uv": [
                88,
                81
              ],
              "inflate": 0
            },
            {
              "origin": [
                -24.0,
                53.0,
                8.0
              ],
              "size": [
                8.0,
                20.0,
                8.0
              ],
              "pivot": [
                -24.0,
                53.0,
                12.0
              ],
              "rotation": [
                -3.36581,
                2.86398,
                29.59608
              ],
              "uv": [
                64,
                61
              ],
              "inflate": 0
            },
            {
              "origin": [
                -24.0,
                0.0,
                8.0
              ],
              "size": [
                8.0,
                53.0,
                8.0
              ],
              "uv": [
                0,
                53
              ],
              "inflate": 0
            },
            {
              "origin": [
                -13.0,
                56.0,
                8.0
              ],
              "size": [
                26.0,
                20.0,
                8.0
              ],
              "uv": [
                0,
                25
              ],
              "inflate": 0
            },
            {
              "origin": [
                -12.0,
                76.0,
                14.0
              ],
              "size": [
                5.0,
                11.0,
                2.0
              ],
              "uv": [
                26,
                131
              ],
              "inflate": 0
            },
            {
              "origin": [
                7.0,
                76.0,
                14.0
              ],
              "size": [
                5.0,
                11.0,
                2.0
              ],
              "uv": [
                130,
                124
              ],
              "inflate": 0
            }
          ],
          "parent": "Ravan"
        }
      ]
    }
  ]
}