{
  "format_version": "1.12.0",
  "minecraft:geometry": [
    {
      "description": {
        "identifier": "geometry.ms_ta_turn2",
        "texture_width": 128,
        "texture_height": 128,
        "visible_bounds_width": 3,
        "visible_bounds_height": 2.5,
        "visible_bounds_offset": [
          0,
          0.75,
          0
        ]
      },
      "bones": [
        {
          "name": "Fullturn",
          "pivot": [
            0,
            16,
            0
          ],
          "cubes": [
            {
              "origin": [
                -8.0,
                16.0,
                6.0
              ],
              "size": [
                2.0,
                2.0,
                2.0
              ],
              "uv": [
                25,
                50
              ],
              "inflate": 0
            },
            {
              "origin": [
                -8.5,
                18.0,
                6.5
              ],
              "size": [
                2.0,
                1.0,
                2.0
              ],
              "uv": [
                16,
                56
              ],
              "inflate": 0
            },
            {
              "origin": [
                -7.5,
                19.0,
                6.5
              ],
              "size": [
                1.0,
                1.0,
                1.0
              ],
              "uv": [
                0,
                0
              ],
              "inflate": 0
            }
          ],
          "rotation": [
            0,
            90,
            -180
          ]
        },
        {
          "name": "Turns2",
          "pivot": [
            8,
            16,
            -15
          ],
          "parent": "Fullturn",
          "rotation": [
            0,
            -90,
            0
          ]
        },
        {
          "name": "bb_main2",
          "pivot": [
            8,
            16,
            -7
          ],
          "cubes": [
            {
              "origin": [
                15.0,
                16.0,
                -14.0
              ],
              "size": [
                14.0,
                1.0,
                15.0
              ],
              "uv": [
                0,
                0
              ],
              "inflate": 0
            },
            {
              "origin": [
                15.0,
                16.25,
                -1.25
              ],
              "size": [
                14.0,
                1.0,
                2.0
              ],
              "uv": [
                43,
                19
              ],
              "inflate": 0
            },
            {
              "origin": [
                15.0,
                16.5,
                -1.5
              ],
              "size": [
                14.0,
                1.0,
                2.0
              ],
              "uv": [
                43,
                16
              ],
              "inflate": 0
            },
            {
              "origin": [
                15.0,
                16.75,
                -1.75
              ],
              "size": [
                14.0,
                1.0,
                2.0
              ],
              "uv": [
                43,
                12
              ],
              "inflate": 0
            },
            {
              "origin": [
                15.0,
                17.75,
                -2.0
              ],
              "size": [
                14.0,
                1.0,
                2.0
              ],
              "uv": [
                43,
                9
              ],
              "inflate": 0
            },
            {
              "origin": [
                15.0,
                18.75,
                -2.25
              ],
              "size": [
                14.0,
                1.0,
                2.0
              ],
              "uv": [
                43,
                6
              ],
              "inflate": 0
            },
            {
              "origin": [
                15.0,
                27.0,
                -14.0
              ],
              "size": [
                1.0,
                2.0,
                2.0
              ],
              "uv": [
                6,
                32
              ],
              "inflate": 0
            },
            {
              "origin": [
                15.0,
                25.0,
                -14.5
              ],
              "size": [
                1.0,
                2.0,
                3.0
              ],
              "uv": [
                7,
                0
              ],
              "inflate": 0
            },
            {
              "origin": [
                15.0,
                23.0,
                -14.5
              ],
              "size": [
                1.0,
                2.0,
                4.0
              ],
              "uv": [
                0,
                32
              ],
              "inflate": 0
            },
            {
              "origin": [
                15.0,
                21.0,
                -14.5
              ],
              "size": [
                1.0,
                2.0,
                5.0
              ],
              "uv": [
                0,
                0
              ],
              "inflate": 0
            },
            {
              "origin": [
                15.0,
                19.0,
                -14.5
              ],
              "size": [
                1.0,
                2.0,
                7.0
              ],
              "uv": [
                0,
                47
              ],
              "inflate": 0
            },
            {
              "origin": [
                15.0,
                20.75,
                -9.75
              ],
              "size": [
                1.0,
                1.0,
                1.0
              ],
              "uv": [
                0,
                9
              ],
              "inflate": 0
            },
            {
              "origin": [
                15.0,
                19.25,
                -7.5
              ],
              "size": [
                1.0,
                1.0,
                1.0
              ],
              "uv": [
                0,
                7
              ],
              "inflate": 0
            },
            {
              "origin": [
                15.0,
                18.75,
                -9.75
              ],
              "size": [
                1.0,
                1.0,
                7.0
              ],
              "uv": [
                32,
                47
              ],
              "inflate": 0
            },
            {
              "origin": [
                15.0,
                17.0,
                -14.5
              ],
              "size": [
                1.0,
                2.0,
                13.0
              ],
              "uv": [
                0,
                32
              ],
              "inflate": 0
            },
            {
              "origin": [
                15.0,
                28.25,
                -14.25
              ],
              "size": [
                1.0,
                1.0,
                1.0
              ],
              "uv": [
                0,
                2
              ],
              "inflate": 0
            },
            {
              "origin": [
                15.0,
                16.0,
                -15.0
              ],
              "size": [
                1.0,
                16.0,
                1.0
              ],
              "uv": [
                31,
                55
              ],
              "inflate": 0
            },
            {
              "origin": [
                15.0,
                29.75,
                -14.75
              ],
              "size": [
                2.0,
                2.0,
                1.0
              ],
              "uv": [
                0,
                50
              ],
              "inflate": 0
            },
            {
              "origin": [
                15.0,
                29.5,
                -14.5
              ],
              "size": [
                2.0,
                2.0,
                1.0
              ],
              "uv": [
                41,
                47
              ],
              "inflate": 0
            },
            {
              "origin": [
                15.0,
                29.25,
                -14.25
              ],
              "size": [
                2.0,
                2.0,
                1.0
              ],
              "uv": [
                0,
                47
              ],
              "inflate": 0
            },
            {
              "origin": [
                15.0,
                29.0,
                -13.25
              ],
              "size": [
                3.0,
                2.0,
                1.0
              ],
              "uv": [
                39,
                56
              ],
              "inflate": 0
            },
            {
              "origin": [
                15.0,
                28.75,
                -12.25
              ],
              "size": [
                4.0,
                2.0,
                1.0
              ],
              "uv": [
                25,
                47
              ],
              "inflate": 0
            }
          ],
          "parent": "Turns2"
        },
        {
          "name": "bone10",
          "pivot": [
            8,
            28,
            -3
          ],
          "cubes": [
            {
              "origin": [
                15.0,
                19.0,
                -4.0
              ],
              "size": [
                5.0,
                1.0,
                2.0
              ],
              "uv": [
                0,
                22
              ],
              "inflate": 0
            }
          ],
          "parent": "Turns2",
          "rotation": [
            -90,
            0,
            0
          ]
        },
        {
          "name": "bone11",
          "pivot": [
            8,
            28,
            -3
          ],
          "cubes": [
            {
              "origin": [
                15.0,
                19.0,
                -4.0
              ],
              "size": [
                5.0,
                1.0,
                2.0
              ],
              "uv": [
                0,
                19
              ],
              "inflate": 0
            }
          ],
          "parent": "Turns2",
          "rotation": [
            -77.5,
            0,
            0
          ]
        },
        {
          "name": "bone12",
          "pivot": [
            8,
            28,
            -3
          ],
          "cubes": [
            {
              "origin": [
                15.0,
                19.0,
                -4.0
              ],
              "size": [
                5.0,
                1.0,
                2.0
              ],
              "uv": [
                0,
                16
              ],
              "inflate": 0
            }
          ],
          "parent": "Turns2",
          "rotation": [
            -65,
            0,
            0
          ]
        },
        {
          "name": "bone13",
          "pivot": [
            8,
            28,
            -3
          ],
          "cubes": [
            {
              "origin": [
                15.0,
                19.0,
                -4.0
              ],
              "size": [
                6.0,
                1.0,
                2.0
              ],
              "uv": [
                55,
                54
              ],
              "inflate": 0
            }
          ],
          "parent": "Turns2",
          "rotation": [
            -52.5,
            0,
            0
          ]
        },
        {
          "name": "bone14",
          "pivot": [
            8,
            28,
            -3
          ],
          "cubes": [
            {
              "origin": [
                15.0,
                19.0,
                -4.0
              ],
              "size": [
                8.0,
                1.0,
                2.0
              ],
              "uv": [
                50,
                47
              ],
              "inflate": 0
            }
          ],
          "parent": "Turns2",
          "rotation": [
            -40,
            0,
            0
          ]
        },
        {
          "name": "bone15",
          "pivot": [
            8,
            28,
            -3
          ],
          "cubes": [
            {
              "origin": [
                15.0,
                19.0,
                -4.0
              ],
              "size": [
                9.0,
                1.0,
                2.0
              ],
              "uv": [
                15,
                38
              ],
              "inflate": 0
            }
          ],
          "parent": "Turns2",
          "rotation": [
            -27.5,
            0,
            0
          ]
        },
        {
          "name": "bone16",
          "pivot": [
            8,
            28,
            -3
          ],
          "cubes": [
            {
              "origin": [
                15.0,
                19.0,
                -4.0
              ],
              "size": [
                11.0,
                1.0,
                2.0
              ],
              "uv": [
                15,
                32
              ],
              "inflate": 0
            }
          ],
          "parent": "Turns2",
          "rotation": [
            -15,
            0,
            0
          ]
        },
        {
          "name": "bone17",
          "pivot": [
            8,
            28,
            -3
          ],
          "cubes": [
            {
              "origin": [
                15.0,
                19.0,
                -4.0
              ],
              "size": [
                13.0,
                1.0,
                2.0
              ],
              "uv": [
                43,
                38
              ],
              "inflate": 0
            }
          ],
          "parent": "Turns2",
          "rotation": [
            -2.5,
            0,
            0
          ]
        },
        {
          "name": "bone18",
          "pivot": [
            8,
            28,
            -3
          ],
          "cubes": [
            {
              "origin": [
                15.0,
                19.0,
                -4.0
              ],
              "size": [
                15.0,
                1.0,
                2.0
              ],
              "uv": [
                43,
                0
              ],
              "inflate": 0
            }
          ],
          "parent": "Turns2",
          "rotation": [
            10,
            0,
            0
          ]
        },
        {
          "name": "Turns",
          "pivot": [
            7,
            16,
            -8
          ],
          "parent": "Fullturn"
        },
        {
          "name": "bb_main",
          "pivot": [
            7,
            16,
            0
          ],
          "cubes": [
            {
              "origin": [
                -6.0,
                16.0,
                -7.0
              ],
              "size": [
                14.0,
                1.0,
                15.0
              ],
              "uv": [
                0,
                16
              ],
              "inflate": 0
            },
            {
              "origin": [
                -6.0,
                16.25,
                5.75
              ],
              "size": [
                14.0,
                1.0,
                2.0
              ],
              "uv": [
                43,
                35
              ],
              "inflate": 0
            },
            {
              "origin": [
                -6.0,
                16.5,
                5.5
              ],
              "size": [
                14.0,
                1.0,
                2.0
              ],
              "uv": [
                43,
                32
              ],
              "inflate": 0
            },
            {
              "origin": [
                -6.0,
                16.75,
                5.25
              ],
              "size": [
                14.0,
                1.0,
                2.0
              ],
              "uv": [
                43,
                28
              ],
              "inflate": 0
            },
            {
              "origin": [
                -6.0,
                17.75,
                5.0
              ],
              "size": [
                14.0,
                1.0,
                2.0
              ],
              "uv": [
                43,
                25
              ],
              "inflate": 0
            },
            {
              "origin": [
                -6.0,
                18.75,
                4.75
              ],
              "size": [
                14.0,
                1.0,
                2.0
              ],
              "uv": [
                43,
                22
              ],
              "inflate": 0
            },
            {
              "origin": [
                7.0,
                27.0,
                -7.0
              ],
              "size": [
                1.0,
                2.0,
                2.0
              ],
              "uv": [
                6,
                38
              ],
              "inflate": 0
            },
            {
              "origin": [
                7.0,
                25.0,
                -7.5
              ],
              "size": [
                1.0,
                2.0,
                3.0
              ],
              "uv": [
                7,
                7
              ],
              "inflate": 0
            },
            {
              "origin": [
                7.0,
                23.0,
                -7.5
              ],
              "size": [
                1.0,
                2.0,
                4.0
              ],
              "uv": [
                0,
                38
              ],
              "inflate": 0
            },
            {
              "origin": [
                7.0,
                21.0,
                -7.5
              ],
              "size": [
                1.0,
                2.0,
                5.0
              ],
              "uv": [
                0,
                7
              ],
              "inflate": 0
            },
            {
              "origin": [
                7.0,
                19.0,
                -7.5
              ],
              "size": [
                1.0,
                2.0,
                7.0
              ],
              "uv": [
                16,
                47
              ],
              "inflate": 0
            },
            {
              "origin": [
                7.0,
                20.75,
                -2.75
              ],
              "size": [
                1.0,
                1.0,
                1.0
              ],
              "uv": [
                0,
                34
              ],
              "inflate": 0
            },
            {
              "origin": [
                7.0,
                19.25,
                -0.5
              ],
              "size": [
                1.0,
                1.0,
                1.0
              ],
              "uv": [
                0,
                32
              ],
              "inflate": 0
            },
            {
              "origin": [
                7.0,
                18.75,
                -2.75
              ],
              "size": [
                1.0,
                1.0,
                7.0
              ],
              "uv": [
                41,
                48
              ],
              "inflate": 0
            },
            {
              "origin": [
                7.0,
                17.0,
                -7.5
              ],
              "size": [
                1.0,
                2.0,
                13.0
              ],
              "uv": [
                28,
                32
              ],
              "inflate": 0
            },
            {
              "origin": [
                7.0,
                28.25,
                -7.25
              ],
              "size": [
                1.0,
                1.0,
                1.0
              ],
              "uv": [
                11,
                13
              ],
              "inflate": 0
            },
            {
              "origin": [
                7.0,
                16.0,
                -8.0
              ],
              "size": [
                1.0,
                16.0,
                1.0
              ],
              "uv": [
                35,
                55
              ],
              "inflate": 0
            },
            {
              "origin": [
                6.0,
                29.75,
                -7.75
              ],
              "size": [
                2.0,
                2.0,
                1.0
              ],
              "uv": [
                24,
                56
              ],
              "inflate": 0
            },
            {
              "origin": [
                6.0,
                29.5,
                -7.5
              ],
              "size": [
                2.0,
                2.0,
                1.0
              ],
              "uv": [
                41,
                50
              ],
              "inflate": 0
            },
            {
              "origin": [
                6.0,
                29.25,
                -7.25
              ],
              "size": [
                2.0,
                2.0,
                1.0
              ],
              "uv": [
                33,
                50
              ],
              "inflate": 0
            },
            {
              "origin": [
                5.0,
                29.0,
                -6.25
              ],
              "size": [
                3.0,
                2.0,
                1.0
              ],
              "uv": [
                56,
                44
              ],
              "inflate": 0
            },
            {
              "origin": [
                4.0,
                28.75,
                -5.25
              ],
              "size": [
                4.0,
                2.0,
                1.0
              ],
              "uv": [
                9,
                50
              ],
              "inflate": 0
            }
          ],
          "parent": "Turns"
        },
        {
          "name": "bone",
          "pivot": [
            7,
            28,
            4
          ],
          "cubes": [
            {
              "origin": [
                3.0,
                19.0,
                3.0
              ],
              "size": [
                5.0,
                1.0,
                2.0
              ],
              "uv": [
                9,
                47
              ],
              "inflate": 0
            }
          ],
          "parent": "Turns",
          "rotation": [
            -90,
            0,
            0
          ]
        },
        {
          "name": "bone2",
          "pivot": [
            7,
            28,
            4
          ],
          "cubes": [
            {
              "origin": [
                3.0,
                19.0,
                3.0
              ],
              "size": [
                5.0,
                1.0,
                2.0
              ],
              "uv": [
                0,
                28
              ],
              "inflate": 0
            }
          ],
          "parent": "Turns",
          "rotation": [
            -77.5,
            0,
            0
          ]
        },
        {
          "name": "bone3",
          "pivot": [
            7,
            28,
            4
          ],
          "cubes": [
            {
              "origin": [
                3.0,
                19.0,
                3.0
              ],
              "size": [
                5.0,
                1.0,
                2.0
              ],
              "uv": [
                0,
                25
              ],
              "inflate": 0
            }
          ],
          "parent": "Turns",
          "rotation": [
            -65,
            0,
            0
          ]
        },
        {
          "name": "bone4",
          "pivot": [
            7,
            28,
            4
          ],
          "cubes": [
            {
              "origin": [
                2.0,
                19.0,
                3.0
              ],
              "size": [
                6.0,
                1.0,
                2.0
              ],
              "uv": [
                0,
                56
              ],
              "inflate": 0
            }
          ],
          "parent": "Turns",
          "rotation": [
            -52.5,
            0,
            0
          ]
        },
        {
          "name": "bone5",
          "pivot": [
            7,
            28,
            4
          ],
          "cubes": [
            {
              "origin": [
                0.0,
                19.0,
                3.0
              ],
              "size": [
                8.0,
                1.0,
                2.0
              ],
              "uv": [
                50,
                50
              ],
              "inflate": 0
            }
          ],
          "parent": "Turns",
          "rotation": [
            -40,
            0,
            0
          ]
        },
        {
          "name": "bone6",
          "pivot": [
            7,
            28,
            4
          ],
          "cubes": [
            {
              "origin": [
                -1.0,
                19.0,
                3.0
              ],
              "size": [
                9.0,
                1.0,
                2.0
              ],
              "uv": [
                15,
                41
              ],
              "inflate": 0
            }
          ],
          "parent": "Turns",
          "rotation": [
            -27.5,
            0,
            0
          ]
        },
        {
          "name": "bone7",
          "pivot": [
            7,
            28,
            4
          ],
          "cubes": [
            {
              "origin": [
                -3.0,
                19.0,
                3.0
              ],
              "size": [
                11.0,
                1.0,
                2.0
              ],
              "uv": [
                15,
                35
              ],
              "inflate": 0
            }
          ],
          "parent": "Turns",
          "rotation": [
            -15,
            0,
            0
          ]
        },
        {
          "name": "bone8",
          "pivot": [
            7,
            28,
            4
          ],
          "cubes": [
            {
              "origin": [
                -5.0,
                19.0,
                3.0
              ],
              "size": [
                13.0,
                1.0,
                2.0
              ],
              "uv": [
                43,
                41
              ],
              "inflate": 0
            }
          ],
          "parent": "Turns",
          "rotation": [
            -2.5,
            0,
            0
          ]
        },
        {
          "name": "bone9",
          "pivot": [
            7,
            28,
            4
          ],
          "cubes": [
            {
              "origin": [
                -7.0,
                19.0,
                3.0
              ],
              "size": [
                15.0,
                1.0,
                2.0
              ],
              "uv": [
                43,
                3
              ],
              "inflate": 0
            }
          ],
          "parent": "Turns",
          "rotation": [
            10,
            0,
            0
          ]
        }
      ]
    }
  ]
}