{
  "format_version": "1.12.0",
  "minecraft:geometry": [
    {
      "description": {
        "identifier": "geometry.ms_vinayak",
        "texture_width": 128,
        "texture_height": 128,
        "visible_bounds_width": 5,
        "visible_bounds_height": 5,
        "visible_bounds_offset": [
          0,
          1.5,
          0
        ]
      },
      "bones": [
        {
          "name": "Agnidev"
        },
        {
          "name": "Legs",
          "cubes": [
            {
              "origin": [
                -4.5,
                21.0,
                -1.5
              ],
              "size": [
                9.0,
                1.0,
                6.0
              ],
              "uv": [
                48,
                9
              ],
              "inflate": 0
            },
            {
              "origin": [
                -1.0,
                3.0,
                -2.0
              ],
              "size": [
                2.0,
                18.0,
                6.0
              ],
              "uv": [
                0,
                32
              ],
              "inflate": 0
            },
            {
              "origin": [
                -4.0,
                5.0,
                -2.25
              ],
              "size": [
                8.0,
                16.0,
                0.0
              ],
              "uv": [
                63,
                66
              ],
              "inflate": 0
            }
          ],
          "parent": "Agnidev"
        },
        {
          "name": "Leg",
          "pivot": [
            -3,
            21,
            2
          ],
          "parent": "Legs"
        },
        {
          "name": "Joinleg",
          "pivot": [
            -2.5,
            21,
            1.5
          ],
          "cubes": [
            {
              "origin": [
                -5.0,
                11.0,
                -1.0
              ],
              "size": [
                5.0,
                10.0,
                5.0
              ],
              "uv": [
                21,
                54
              ],
              "inflate": 0
            }
          ],
          "parent": "Leg",
          "rotation": [
            0,
            15,
            5
          ]
        },
        {
          "name": "Midleg",
          "pivot": [
            -2.5,
            12,
            1.25
          ],
          "cubes": [
            {
              "origin": [
                -4.5,
                3.0,
                -0.75
              ],
              "size": [
                4.0,
                9.0,
                4.0
              ],
              "uv": [
                75,
                31
              ],
              "inflate": 0
            }
          ],
          "parent": "Joinleg",
          "rotation": [
            0,
            0,
            -5
          ]
        },
        {
          "name": "Paul",
          "pivot": [
            -2.48864,
            3,
            1.29545
          ],
          "cubes": [
            {
              "origin": [
                -5.0,
                0.0,
                2.0
              ],
              "size": [
                5.0,
                1.0,
                3.0
              ],
              "uv": [
                76,
                44
              ],
              "inflate": 0
            },
            {
              "origin": [
                -5.0,
                0.0,
                -3.0
              ],
              "size": [
                5.0,
                1.0,
                3.0
              ],
              "uv": [
                69,
                54
              ],
              "inflate": 0
            },
            {
              "origin": [
                -5.0,
                0.5,
                0.0
              ],
              "size": [
                5.0,
                1.0,
                2.0
              ],
              "uv": [
                85,
                60
              ],
              "inflate": 0
            },
            {
              "origin": [
                -5.0,
                0.0,
                -5.0
              ],
              "size": [
                1.0,
                1.0,
                2.0
              ],
              "uv": [
                48,
                12
              ],
              "inflate": 0
            },
            {
              "origin": [
                -4.0,
                0.0,
                -5.5
              ],
              "size": [
                1.0,
                1.0,
                3.0
              ],
              "uv": [
                89,
                25
              ],
              "inflate": 0
            },
            {
              "origin": [
                -3.0,
                0.0,
                -5.75
              ],
              "size": [
                1.0,
                1.0,
                3.0
              ],
              "uv": [
                89,
                2
              ],
              "inflate": 0
            },
            {
              "origin": [
                -2.0,
                0.0,
                -6.0
              ],
              "size": [
                1.0,
                1.0,
                3.0
              ],
              "uv": [
                47,
                88
              ],
              "inflate": 0
            },
            {
              "origin": [
                -1.0,
                0.0,
                -5.75
              ],
              "size": [
                1.25,
                1.0,
                3.0
              ],
              "uv": [
                39,
                88
              ],
              "inflate": 0
            },
            {
              "origin": [
                -5.0,
                1.0,
                -2.25
              ],
              "size": [
                5.0,
                1.0,
                7.0
              ],
              "uv": [
                72,
                2
              ],
              "inflate": 0
            },
            {
              "origin": [
                -5.0,
                2.0,
                -1.25
              ],
              "size": [
                5.0,
                1.0,
                5.0
              ],
              "uv": [
                74,
                25
              ],
              "inflate": 0
            },
            {
              "origin": [
                -5.0,
                0.5,
                -4.25
              ],
              "size": [
                5.0,
                1.0,
                2.0
              ],
              "uv": [
                85,
                57
              ],
              "inflate": 0
            }
          ],
          "parent": "Midleg"
        },
        {
          "name": "Leg2",
          "pivot": [
            2,
            21,
            2
          ],
          "parent": "Legs"
        },
        {
          "name": "Joinleg2",
          "pivot": [
            2.5,
            21,
            1.5
          ],
          "cubes": [
            {
              "origin": [
                0.0,
                11.0,
                -1.0
              ],
              "size": [
                5.0,
                10.0,
                5.0
              ],
              "uv": [
                49,
                49
              ],
              "inflate": 0
            }
          ],
          "parent": "Leg2",
          "rotation": [
            0,
            -15,
            -5
          ]
        },
        {
          "name": "Midleg2",
          "pivot": [
            2.5,
            12,
            1.25
          ],
          "cubes": [
            {
              "origin": [
                0.5,
                3.0,
                -0.75
              ],
              "size": [
                4.0,
                9.0,
                4.0
              ],
              "uv": [
                0,
                75
              ],
              "inflate": 0
            }
          ],
          "parent": "Joinleg2",
          "rotation": [
            0,
            0,
            5
          ]
        },
        {
          "name": "Paul2",
          "pivot": [
            2.51136,
            3,
            1.29545
          ],
          "cubes": [
            {
              "origin": [
                0.0,
                0.0,
                2.0
              ],
              "size": [
                5.0,
                1.0,
                3.0
              ],
              "uv": [
                56,
                24
              ],
              "inflate": 0
            },
            {
              "origin": [
                0.0,
                0.0,
                -3.0
              ],
              "size": [
                5.0,
                1.0,
                3.0
              ],
              "uv": [
                49,
                35
              ],
              "inflate": 0
            },
            {
              "origin": [
                0.0,
                0.5,
                0.0
              ],
              "size": [
                5.0,
                1.0,
                2.0
              ],
              "uv": [
                85,
                48
              ],
              "inflate": 0
            },
            {
              "origin": [
                4.0,
                0.0,
                -5.0
              ],
              "size": [
                1.0,
                1.0,
                2.0
              ],
              "uv": [
                48,
                9
              ],
              "inflate": 0
            },
            {
              "origin": [
                3.0,
                0.0,
                -5.5
              ],
              "size": [
                1.0,
                1.0,
                3.0
              ],
              "uv": [
                88,
                10
              ],
              "inflate": 0
            },
            {
              "origin": [
                2.0,
                0.0,
                -5.75
              ],
              "size": [
                1.0,
                1.0,
                3.0
              ],
              "uv": [
                8,
                88
              ],
              "inflate": 0
            },
            {
              "origin": [
                1.0,
                0.0,
                -6.0
              ],
              "size": [
                1.0,
                1.0,
                3.0
              ],
              "uv": [
                34,
                85
              ],
              "inflate": 0
            },
            {
              "origin": [
                0.0,
                0.0,
                -5.75
              ],
              "size": [
                1.25,
                1.0,
                3.0
              ],
              "uv": [
                79,
                72
              ],
              "inflate": 0
            },
            {
              "origin": [
                0.0,
                1.0,
                -2.25
              ],
              "size": [
                5.0,
                1.0,
                7.0
              ],
              "uv": [
                70,
                17
              ],
              "inflate": 0
            },
            {
              "origin": [
                0.0,
                2.0,
                -1.25
              ],
              "size": [
                5.0,
                1.0,
                5.0
              ],
              "uv": [
                73,
                11
              ],
              "inflate": 0
            },
            {
              "origin": [
                0.0,
                0.5,
                -4.25
              ],
              "size": [
                5.0,
                1.0,
                2.0
              ],
              "uv": [
                82,
                54
              ],
              "inflate": 0
            }
          ],
          "parent": "Midleg2"
        },
        {
          "name": "Body",
          "pivot": [
            0,
            21,
            0
          ],
          "cubes": [
            {
              "origin": [
                -4.0,
                21.0,
                -1.0
              ],
              "size": [
                8.0,
                2.0,
                5.0
              ],
              "uv": [
                64,
                59
              ],
              "inflate": 0
            },
            {
              "origin": [
                -5.0,
                27.0,
                -1.0
              ],
              "size": [
                10.0,
                7.0,
                5.0
              ],
              "uv": [
                26,
                22
              ],
              "inflate": 0
            },
            {
              "origin": [
                -5.0,
                24.0,
                -1.5
              ],
              "size": [
                10.0,
                11.0,
                1.0
              ],
              "uv": [
                41,
                64
              ],
              "inflate": 0
            },
            {
              "origin": [
                -8.0,
                10.0,
                -2.0
              ],
              "size": [
                6.0,
                25.0,
                7.0
              ],
              "uv": [
                0,
                0
              ],
              "inflate": 0
            },
            {
              "origin": [
                -3.06376,
                20.79672,
                -1.25
              ],
              "size": [
                5.0,
                16.0,
                6.0
              ],
              "pivot": [
                -2.5,
                22.5,
                -1.5
              ],
              "rotation": [
                0.0,
                0.0,
                27.5
              ],
              "uv": [
                26,
                0
              ],
              "inflate": 0
            },
            {
              "origin": [
                -13.00003,
                19.9728,
                4.0
              ],
              "size": [
                6.0,
                1.0,
                1.0
              ],
              "pivot": [
                -7.0,
                20.5,
                4.5
              ],
              "rotation": [
                0.0,
                -80.0,
                -67.5
              ],
              "uv": [
                85,
                51
              ],
              "inflate": 0
            },
            {
              "origin": [
                -7.47585,
                26.51553,
                -7.98964
              ],
              "size": [
                6.0,
                1.0,
                1.0
              ],
              "pivot": [
                -7.0,
                23.5,
                -6.5
              ],
              "rotation": [
                -116.54046,
                -56.7901,
                19.08568
              ],
              "uv": [
                83,
                80
              ],
              "inflate": 0
            },
            {
              "origin": [
                -15.26358,
                23.53617,
                0.6906
              ],
              "size": [
                7.0,
                1.0,
                1.0
              ],
              "pivot": [
                -9.0,
                24.5,
                -1.5
              ],
              "rotation": [
                -138.21924,
                1.13511,
                45.36176
              ],
              "uv": [
                71,
                0
              ],
              "inflate": 0
            },
            {
              "origin": [
                -15.35852,
                25.65799,
                -5.05756
              ],
              "size": [
                1.0,
                6.0,
                1.0
              ],
              "pivot": [
                -13.41392,
                26.28302,
                -4.03541
              ],
              "rotation": [
                -165.98032,
                2.97107,
                38.08495
              ],
              "uv": [
                0,
                0
              ],
              "inflate": 0
            },
            {
              "origin": [
                -17.82001,
                22.99572,
                -4.77522
              ],
              "size": [
                0.0,
                24.0,
                5.0
              ],
              "pivot": [
                -17.32001,
                23.49572,
                -2.27522
              ],
              "rotation": [
                -179.08401,
                11.63402,
                -3.92153
              ],
              "uv": [
                16,
                27
              ],
              "inflate": 0
            },
            {
              "origin": [
                -4.5,
                33.25,
                -1.0
              ],
              "size": [
                9.0,
                1.0,
                5.0
              ],
              "uv": [
                51,
                29
              ],
              "inflate": 0
            },
            {
              "origin": [
                -4.0,
                33.75,
                -1.0
              ],
              "size": [
                8.0,
                1.0,
                5.0
              ],
              "uv": [
                64,
                48
              ],
              "inflate": 0
            },
            {
              "origin": [
                -4.5,
                23.0,
                -1.0
              ],
              "size": [
                9.0,
                4.0,
                5.0
              ],
              "uv": [
                48,
                0
              ],
              "inflate": 0
            }
          ],
          "parent": "Agnidev"
        },
        {
          "name": "Head",
          "pivot": [
            0,
            35,
            2
          ],
          "cubes": [
            {
              "origin": [
                -1.5,
                34.75,
                0.0
              ],
              "size": [
                3.0,
                2.0,
                3.0
              ],
              "uv": [
                19,
                0
              ],
              "inflate": 0
            },
            {
              "origin": [
                -3.0,
                37.0,
                -1.0
              ],
              "size": [
                6.0,
                5.0,
                5.0
              ],
              "uv": [
                0,
                64
              ],
              "inflate": 0
            },
            {
              "origin": [
                -3.0,
                35.0,
                -1.0
              ],
              "size": [
                3.0,
                2.0,
                5.0
              ],
              "pivot": [
                -3.0,
                37.0,
                0.0
              ],
              "rotation": [
                0.0,
                0.0,
                -40.0
              ],
              "uv": [
                108,
                4
              ],
              "inflate": 0
            },
            {
              "origin": [
                0.0,
                35.0,
                -1.0
              ],
              "size": [
                3.0,
                2.0,
                5.0
              ],
              "pivot": [
                3.0,
                37.0,
                0.0
              ],
              "rotation": [
                0.0,
                0.0,
                40.0
              ],
              "uv": [
                108,
                4
              ],
              "inflate": 0
            },
            {
              "origin": [
                3.0,
                33.0,
                2.0
              ],
              "size": [
                2.0,
                9.0,
                2.0
              ],
              "uv": [
                16,
                84
              ],
              "inflate": 0
            },
            {
              "origin": [
                -5.0,
                33.0,
                2.0
              ],
              "size": [
                2.0,
                9.0,
                2.0
              ],
              "uv": [
                65,
                82
              ],
              "inflate": 0
            },
            {
              "origin": [
                -3.0,
                31.0,
                4.0
              ],
              "size": [
                6.0,
                11.0,
                1.0
              ],
              "uv": [
                39,
                76
              ],
              "inflate": 0
            },
            {
              "origin": [
                -3.0,
                42.0,
                -1.0
              ],
              "size": [
                6.0,
                2.0,
                6.0
              ],
              "uv": [
                16,
                69
              ],
              "inflate": 0
            },
            {
              "origin": [
                -3.0,
                44.0,
                -1.25
              ],
              "size": [
                10.0,
                7.0,
                0.0
              ],
              "pivot": [
                1.0,
                49.5,
                -0.25
              ],
              "rotation": [
                0.0,
                0.0,
                15.0
              ],
              "uv": [
                0,
                56
              ],
              "inflate": 0
            },
            {
              "origin": [
                -2.0,
                44.0,
                -0.5
              ],
              "size": [
                4.0,
                2.0,
                5.0
              ],
              "uv": [
                16,
                77
              ],
              "inflate": 0
            },
            {
              "origin": [
                -1.0,
                48.0,
                1.0
              ],
              "size": [
                2.0,
                2.0,
                2.0
              ],
              "uv": [
                29,
                77
              ],
              "inflate": 0
            },
            {
              "origin": [
                -1.5,
                46.0,
                0.0
              ],
              "size": [
                3.0,
                2.0,
                4.0
              ],
              "uv": [
                79,
                66
              ],
              "inflate": 0
            },
            {
              "origin": [
                -6.5,
                39.0,
                1.0
              ],
              "size": [
                4.0,
                3.0,
                1.0
              ],
              "pivot": [
                -3.0,
                42.0,
                1.5
              ],
              "rotation": [
                0.0,
                -15.0,
                -10.0
              ],
              "uv": [
                87,
                31
              ],
              "inflate": 0
            },
            {
              "origin": [
                -6.25,
                37.0,
                1.0
              ],
              "size": [
                4.0,
                2.0,
                1.0
              ],
              "pivot": [
                -3.0,
                42.0,
                1.5
              ],
              "rotation": [
                0.0,
                -15.0,
                -10.0
              ],
              "uv": [
                53,
                86
              ],
              "inflate": 0
            },
            {
              "origin": [
                -6.75,
                41.5,
                0.75
              ],
              "size": [
                4.0,
                1.0,
                1.0
              ],
              "pivot": [
                -3.0,
                42.0,
                1.5
              ],
              "rotation": [
                0.0,
                -15.0,
                -10.0
              ],
              "uv": [
                62,
                35
              ],
              "inflate": 0
            },
            {
              "origin": [
                2.5,
                39.0,
                1.0
              ],
              "size": [
                4.0,
                3.0,
                1.0
              ],
              "pivot": [
                3.0,
                42.0,
                1.5
              ],
              "rotation": [
                0.0,
                15.0,
                10.0
              ],
              "uv": [
                87,
                17
              ],
              "inflate": 0
            },
            {
              "origin": [
                2.25,
                37.0,
                1.0
              ],
              "size": [
                4.0,
                2.0,
                1.0
              ],
              "pivot": [
                3.0,
                42.0,
                1.5
              ],
              "rotation": [
                0.0,
                15.0,
                10.0
              ],
              "uv": [
                36,
                54
              ],
              "inflate": 0
            },
            {
              "origin": [
                2.75,
                41.5,
                0.5
              ],
              "size": [
                4.0,
                1.0,
                1.0
              ],
              "pivot": [
                3.0,
                42.0,
                1.5
              ],
              "rotation": [
                0.0,
                15.0,
                10.0
              ],
              "uv": [
                87,
                0
              ],
              "inflate": 0
            },
            {
              "origin": [
                -1.5,
                32.06815,
                -1.23236
              ],
              "size": [
                3.0,
                6.0,
                2.0
              ],
              "pivot": [
                0.5,
                39.0,
                -1.0
              ],
              "rotation": [
                -25.0,
                0.0,
                0.0
              ],
              "uv": [
                24,
                84
              ],
              "inflate": 0
            },
            {
              "origin": [
                -2.5,
                35.06815,
                -0.23236
              ],
              "size": [
                1.0,
                3.0,
                0.0
              ],
              "pivot": [
                0.5,
                39.0,
                -1.0
              ],
              "rotation": [
                -25.0,
                0.0,
                0.0
              ],
              "uv": [
                4,
                3
              ],
              "inflate": 0
            },
            {
              "origin": [
                1.5,
                35.06815,
                -0.23236
              ],
              "size": [
                1.0,
                3.0,
                0.0
              ],
              "pivot": [
                0.5,
                39.0,
                -1.0
              ],
              "rotation": [
                -25.0,
                0.0,
                0.0
              ],
              "uv": [
                4,
                0
              ],
              "inflate": 0
            },
            {
              "origin": [
                0.0,
                26.451,
                -3.31831
              ],
              "size": [
                2.0,
                6.0,
                2.0
              ],
              "pivot": [
                1.0,
                34.48688,
                -2.90643
              ],
              "rotation": [
                -23.30696,
                9.30727,
                20.57639
              ],
              "uv": [
                73,
                86
              ],
              "inflate": 0
            },
            {
              "origin": [
                -1.11408,
                27.10058,
                -5.30882
              ],
              "size": [
                2.0,
                3.0,
                2.0
              ],
              "pivot": [
                -2.80774,
                30.27522,
                -5.15405
              ],
              "rotation": [
                -14.97401,
                20.25437,
                52.31056
              ],
              "uv": [
                42,
                0
              ],
              "inflate": 0
            }
          ],
          "parent": "Body"
        },
        {
          "name": "Hand",
          "pivot": [
            4,
            32,
            1
          ],
          "cubes": [
            {
              "origin": [
                4.0,
                29.0,
                -1.0
              ],
              "size": [
                9.0,
                5.0,
                5.0
              ],
              "uv": [
                26,
                44
              ],
              "inflate": 0
            }
          ],
          "parent": "Body",
          "rotation": [
            -6.66064,
            -4.72182,
            52.72505
          ]
        },
        {
          "name": "Handm",
          "pivot": [
            12.75,
            31,
            2
          ],
          "cubes": [
            {
              "origin": [
                11.16681,
                28.31881,
                0.60925
              ],
              "size": [
                9.0,
                4.0,
                4.0
              ],
              "uv": [
                51,
                16
              ],
              "inflate": 0
            }
          ],
          "parent": "Hand",
          "rotation": [
            -178.01133,
            31.01592,
            37.55978
          ]
        },
        {
          "name": "Handfingers",
          "pivot": [
            19.66681,
            30.31881,
            2.60925
          ],
          "cubes": [
            {
              "origin": [
                19.16681,
                28.31881,
                0.60925
              ],
              "size": [
                2.0,
                4.0,
                4.0
              ],
              "uv": [
                75,
                78
              ],
              "inflate": 0
            },
            {
              "origin": [
                21.16681,
                28.31881,
                0.60925
              ],
              "size": [
                1.0,
                4.0,
                4.0
              ],
              "uv": [
                83,
                82
              ],
              "inflate": 0
            },
            {
              "origin": [
                23.66681,
                31.31881,
                3.60925
              ],
              "size": [
                3.0,
                1.0,
                1.0
              ],
              "pivot": [
                24.16681,
                31.81881,
                4.10925
              ],
              "rotation": [
                0.0,
                77.5,
                0.0
              ],
              "uv": [
                53,
                76
              ],
              "inflate": 0
            },
            {
              "origin": [
                23.66681,
                30.31881,
                3.60925
              ],
              "size": [
                4.0,
                1.0,
                1.0
              ],
              "pivot": [
                23.66681,
                30.81881,
                4.10925
              ],
              "rotation": [
                0.0,
                80.0,
                0.0
              ],
              "uv": [
                69,
                25
              ],
              "inflate": 0
            },
            {
              "origin": [
                24.16681,
                29.31881,
                3.60925
              ],
              "size": [
                3.0,
                1.0,
                1.0
              ],
              "pivot": [
                23.66681,
                29.81881,
                4.10925
              ],
              "rotation": [
                0.0,
                77.5,
                0.0
              ],
              "uv": [
                71,
                27
              ],
              "inflate": 0
            },
            {
              "origin": [
                24.16681,
                28.31881,
                3.60925
              ],
              "size": [
                2.0,
                1.0,
                1.0
              ],
              "pivot": [
                24.16681,
                28.81881,
                4.10925
              ],
              "rotation": [
                -180.0,
                80.0,
                180.0
              ],
              "uv": [
                48,
                16
              ],
              "inflate": 0
            },
            {
              "origin": [
                22.16681,
                28.31881,
                2.60925
              ],
              "size": [
                2.0,
                4.0,
                2.0
              ],
              "uv": [
                0,
                88
              ],
              "inflate": 0
            },
            {
              "origin": [
                22.16681,
                30.31881,
                0.60925
              ],
              "size": [
                1.0,
                2.0,
                2.0
              ],
              "uv": [
                10,
                32
              ],
              "inflate": 0
            },
            {
              "origin": [
                23.16681,
                31.31881,
                0.60925
              ],
              "size": [
                2.0,
                1.0,
                1.0
              ],
              "pivot": [
                23.16681,
                31.81881,
                1.10925
              ],
              "rotation": [
                -14.08534,
                -43.44135,
                -10.38512
              ],
              "uv": [
                10,
                36
              ],
              "inflate": 0
            }
          ],
          "parent": "Handm",
          "rotation": [
            -87.69009,
            0.95645,
            -22.48072
          ]
        },
        {
          "name": "Hand2",
          "pivot": [
            -5,
            34,
            2
          ],
          "cubes": [
            {
              "origin": [
                -5.0,
                31.0,
                0.0
              ],
              "size": [
                9.0,
                5.0,
                5.0
              ],
              "uv": [
                26,
                44
              ],
              "inflate": 0
            }
          ],
          "parent": "Body",
          "rotation": [
            180,
            -5,
            132.5
          ]
        },
        {
          "name": "Handm2",
          "pivot": [
            2.75,
            34,
            1
          ],
          "cubes": [
            {
              "origin": [
                1.75,
                31.5,
                0.5
              ],
              "size": [
                9.0,
                4.0,
                4.0
              ],
              "uv": [
                50,
                40
              ],
              "inflate": 0
            }
          ],
          "parent": "Hand2",
          "rotation": [
            0,
            -40,
            0
          ]
        },
        {
          "name": "Handfingers2",
          "pivot": [
            10.25,
            33.5,
            2.5
          ],
          "cubes": [
            {
              "origin": [
                9.75,
                31.5,
                0.5
              ],
              "size": [
                2.0,
                4.0,
                4.0
              ],
              "uv": [
                53,
                78
              ],
              "inflate": 0
            },
            {
              "origin": [
                11.75,
                31.5,
                0.5
              ],
              "size": [
                1.0,
                4.0,
                4.0
              ],
              "uv": [
                83,
                72
              ],
              "inflate": 0
            },
            {
              "origin": [
                14.25,
                33.5,
                3.5
              ],
              "size": [
                3.0,
                1.0,
                1.0
              ],
              "pivot": [
                14.75,
                35.0,
                4.0
              ],
              "rotation": [
                -180.0,
                75.0,
                180.0
              ],
              "uv": [
                71,
                2
              ],
              "inflate": 0
            },
            {
              "origin": [
                14.25,
                32.5,
                3.5
              ],
              "size": [
                4.0,
                1.0,
                1.0
              ],
              "pivot": [
                14.75,
                35.0,
                4.0
              ],
              "rotation": [
                -180.0,
                77.5,
                180.0
              ],
              "uv": [
                64,
                38
              ],
              "inflate": 0
            },
            {
              "origin": [
                14.75,
                31.5,
                3.5
              ],
              "size": [
                3.0,
                1.0,
                1.0
              ],
              "pivot": [
                14.75,
                35.0,
                4.0
              ],
              "rotation": [
                -180.0,
                70.0,
                180.0
              ],
              "uv": [
                51,
                24
              ],
              "inflate": 0
            },
            {
              "origin": [
                14.75,
                34.5,
                3.5
              ],
              "size": [
                2.0,
                1.0,
                1.0
              ],
              "pivot": [
                14.75,
                35.0,
                4.0
              ],
              "rotation": [
                -180.0,
                75.0,
                180.0
              ],
              "uv": [
                0,
                36
              ],
              "inflate": 0
            },
            {
              "origin": [
                12.75,
                31.5,
                2.5
              ],
              "size": [
                2.0,
                4.0,
                2.0
              ],
              "uv": [
                41,
                58
              ],
              "inflate": 0
            },
            {
              "origin": [
                12.75,
                31.5,
                0.5
              ],
              "size": [
                1.0,
                2.0,
                2.0
              ],
              "uv": [
                0,
                32
              ],
              "inflate": 0
            },
            {
              "origin": [
                13.75,
                31.5,
                0.5
              ],
              "size": [
                2.0,
                1.0,
                1.0
              ],
              "pivot": [
                13.75,
                32.0,
                1.0
              ],
              "rotation": [
                0.0,
                -67.5,
                0.0
              ],
              "uv": [
                19,
                5
              ],
              "inflate": 0
            }
          ],
          "parent": "Handm2",
          "rotation": [
            180,
            -47.5,
            0
          ]
        }
      ]
    }
  ]
}