{
  "format_version": "1.12.0",
  "minecraft:geometry": [
    {
      "description": {
        "identifier": "geometry.ms_varundev",
        "texture_width": 128,
        "texture_height": 128,
        "visible_bounds_width": 5,
        "visible_bounds_height": 5,
        "visible_bounds_offset": [
          0,
          1.5,
          0
        ]
      },
      "bones": [
        {
          "name": "Chandradev"
        },
        {
          "name": "Legs",
          "cubes": [
            {
              "origin": [
                -1.0,
                5.0,
                -1.0
              ],
              "size": [
                2.0,
                16.0,
                5.0
              ],
              "uv": [
                14,
                49
              ],
              "inflate": 0
            },
            {
              "origin": [
                -2.0,
                5.0,
                -2.0
              ],
              "size": [
                4.0,
                16.0,
                1.0
              ],
              "uv": [
                59,
                76
              ],
              "inflate": 0
            },
            {
              "origin": [
                -1.0,
                4.0,
                -3.0
              ],
              "size": [
                3.0,
                17.0,
                1.0
              ],
              "uv": [
                0,
                75
              ],
              "inflate": 0
            },
            {
              "origin": [
                -5.0,
                21.0,
                -1.75
              ],
              "size": [
                10.0,
                2.0,
                6.0
              ],
              "uv": [
                28,
                23
              ],
              "inflate": 0
            },
            {
              "origin": [
                -5.0,
                10.0,
                -1.75
              ],
              "size": [
                12.0,
                11.0,
                6.0
              ],
              "uv": [
                0,
                0
              ],
              "inflate": 0
            }
          ],
          "parent": "Chandradev"
        },
        {
          "name": "Leg",
          "pivot": [
            -3,
            21,
            2
          ],
          "parent": "Legs",
          "rotation": [
            0,
            15,
            0
          ]
        },
        {
          "name": "Joinleg",
          "pivot": [
            -2.5,
            21,
            1.5
          ],
          "cubes": [
            {
              "origin": [
                -5.0,
                6.0,
                -1.0
              ],
              "size": [
                5.0,
                15.0,
                5.0
              ],
              "uv": [
                24,
                31
              ],
              "inflate": 0
            }
          ],
          "parent": "Leg",
          "rotation": [
            0,
            0,
            5
          ]
        },
        {
          "name": "Midleg",
          "pivot": [
            -2.5,
            12,
            1.25
          ],
          "cubes": [
            {
              "origin": [
                -4.5,
                3.0,
                -0.75
              ],
              "size": [
                4.0,
                9.0,
                4.0
              ],
              "uv": [
                43,
                76
              ],
              "inflate": 0
            }
          ],
          "parent": "Joinleg",
          "rotation": [
            0,
            0,
            -5
          ]
        },
        {
          "name": "Paul",
          "pivot": [
            -2.48864,
            3,
            1.29545
          ],
          "cubes": [
            {
              "origin": [
                -5.0,
                0.0,
                2.0
              ],
              "size": [
                5.0,
                1.0,
                3.0
              ],
              "uv": [
                80,
                50
              ],
              "inflate": 0
            },
            {
              "origin": [
                -5.0,
                0.0,
                -3.0
              ],
              "size": [
                5.0,
                1.0,
                3.0
              ],
              "uv": [
                76,
                40
              ],
              "inflate": 0
            },
            {
              "origin": [
                -5.0,
                0.5,
                0.0
              ],
              "size": [
                5.0,
                1.0,
                2.0
              ],
              "uv": [
                88,
                10
              ],
              "inflate": 0
            },
            {
              "origin": [
                -5.0,
                0.0,
                -5.0
              ],
              "size": [
                1.0,
                1.0,
                2.0
              ],
              "uv": [
                42,
                72
              ],
              "inflate": 0
            },
            {
              "origin": [
                -4.0,
                0.0,
                -5.5
              ],
              "size": [
                1.0,
                1.0,
                3.0
              ],
              "uv": [
                91,
                66
              ],
              "inflate": 0
            },
            {
              "origin": [
                -3.0,
                0.0,
                -5.75
              ],
              "size": [
                1.0,
                1.0,
                3.0
              ],
              "uv": [
                91,
                54
              ],
              "inflate": 0
            },
            {
              "origin": [
                -2.0,
                0.0,
                -6.0
              ],
              "size": [
                1.0,
                1.0,
                3.0
              ],
              "uv": [
                91,
                38
              ],
              "inflate": 0
            },
            {
              "origin": [
                -1.0,
                0.0,
                -5.75
              ],
              "size": [
                1.25,
                1.0,
                3.0
              ],
              "uv": [
                91,
                5
              ],
              "inflate": 0
            },
            {
              "origin": [
                -5.0,
                1.0,
                -2.25
              ],
              "size": [
                5.0,
                1.0,
                7.0
              ],
              "uv": [
                66,
                68
              ],
              "inflate": 0
            },
            {
              "origin": [
                -5.0,
                2.0,
                -1.25
              ],
              "size": [
                5.0,
                1.0,
                5.0
              ],
              "uv": [
                76,
                44
              ],
              "inflate": 0
            },
            {
              "origin": [
                -5.0,
                0.5,
                -4.25
              ],
              "size": [
                5.0,
                1.0,
                2.0
              ],
              "uv": [
                87,
                25
              ],
              "inflate": 0
            }
          ],
          "parent": "Midleg"
        },
        {
          "name": "Leg2",
          "pivot": [
            2,
            21,
            2
          ],
          "parent": "Legs",
          "rotation": [
            0,
            -15,
            0
          ]
        },
        {
          "name": "Joinleg2",
          "pivot": [
            2.5,
            21,
            1.5
          ],
          "cubes": [
            {
              "origin": [
                0.0,
                6.0,
                -1.0
              ],
              "size": [
                5.0,
                15.0,
                5.0
              ],
              "uv": [
                4,
                29
              ],
              "inflate": 0
            }
          ],
          "parent": "Leg2",
          "rotation": [
            0,
            0,
            -5
          ]
        },
        {
          "name": "Midleg2",
          "pivot": [
            2.5,
            12,
            1.25
          ],
          "cubes": [
            {
              "origin": [
                0.5,
                3.0,
                -0.75
              ],
              "size": [
                4.0,
                9.0,
                4.0
              ],
              "uv": [
                27,
                75
              ],
              "inflate": 0
            }
          ],
          "parent": "Joinleg2",
          "rotation": [
            0,
            0,
            5
          ]
        },
        {
          "name": "Paul2",
          "pivot": [
            2.51136,
            3,
            1.29545
          ],
          "cubes": [
            {
              "origin": [
                0.0,
                0.0,
                2.0
              ],
              "size": [
                5.0,
                1.0,
                3.0
              ],
              "uv": [
                67,
                0
              ],
              "inflate": 0
            },
            {
              "origin": [
                0.0,
                0.0,
                -3.0
              ],
              "size": [
                5.0,
                1.0,
                3.0
              ],
              "uv": [
                44,
                10
              ],
              "inflate": 0
            },
            {
              "origin": [
                0.0,
                0.5,
                0.0
              ],
              "size": [
                5.0,
                1.0,
                2.0
              ],
              "uv": [
                85,
                84
              ],
              "inflate": 0
            },
            {
              "origin": [
                4.0,
                0.0,
                -5.0
              ],
              "size": [
                1.0,
                1.0,
                2.0
              ],
              "uv": [
                23,
                31
              ],
              "inflate": 0
            },
            {
              "origin": [
                3.0,
                0.0,
                -5.5
              ],
              "size": [
                1.0,
                1.0,
                3.0
              ],
              "uv": [
                90,
                62
              ],
              "inflate": 0
            },
            {
              "origin": [
                2.0,
                0.0,
                -5.75
              ],
              "size": [
                1.0,
                1.0,
                3.0
              ],
              "uv": [
                90,
                34
              ],
              "inflate": 0
            },
            {
              "origin": [
                1.0,
                0.0,
                -6.0
              ],
              "size": [
                1.0,
                1.0,
                3.0
              ],
              "uv": [
                90,
                0
              ],
              "inflate": 0
            },
            {
              "origin": [
                0.0,
                0.0,
                -5.75
              ],
              "size": [
                1.25,
                1.0,
                3.0
              ],
              "uv": [
                50,
                41
              ],
              "inflate": 0
            },
            {
              "origin": [
                0.0,
                1.0,
                -2.25
              ],
              "size": [
                5.0,
                1.0,
                7.0
              ],
              "uv": [
                42,
                68
              ],
              "inflate": 0
            },
            {
              "origin": [
                0.0,
                2.0,
                -1.25
              ],
              "size": [
                5.0,
                1.0,
                5.0
              ],
              "uv": [
                73,
                12
              ],
              "inflate": 0
            },
            {
              "origin": [
                0.0,
                0.5,
                -4.25
              ],
              "size": [
                5.0,
                1.0,
                2.0
              ],
              "uv": [
                80,
                54
              ],
              "inflate": 0
            }
          ],
          "parent": "Midleg2"
        },
        {
          "name": "Body",
          "pivot": [
            0,
            21,
            0
          ],
          "cubes": [
            {
              "origin": [
                -4.0,
                21.0,
                -1.0
              ],
              "size": [
                8.0,
                2.0,
                5.0
              ],
              "uv": [
                23,
                65
              ],
              "inflate": 0
            },
            {
              "origin": [
                -5.0,
                27.0,
                -1.0
              ],
              "size": [
                10.0,
                7.0,
                5.0
              ],
              "uv": [
                4,
                17
              ],
              "inflate": 0
            },
            {
              "origin": [
                -5.0,
                27.75,
                -1.75
              ],
              "size": [
                10.0,
                7.0,
                5.0
              ],
              "uv": [
                0,
                116
              ],
              "inflate": 0
            },
            {
              "origin": [
                -4.5,
                33.25,
                -1.0
              ],
              "size": [
                9.0,
                1.0,
                5.0
              ],
              "uv": [
                54,
                23
              ],
              "inflate": 0
            },
            {
              "origin": [
                -4.0,
                33.75,
                -1.0
              ],
              "size": [
                8.0,
                1.0,
                5.0
              ],
              "uv": [
                67,
                29
              ],
              "inflate": 0
            },
            {
              "origin": [
                -4.5,
                23.0,
                -1.0
              ],
              "size": [
                9.0,
                4.0,
                5.0
              ],
              "uv": [
                50,
                14
              ],
              "inflate": 0
            },
            {
              "origin": [
                -4.5,
                23.0,
                -2.0
              ],
              "size": [
                4.0,
                4.0,
                1.0
              ],
              "uv": [
                8,
                90
              ],
              "inflate": 0
            },
            {
              "origin": [
                -2.5,
                25.0,
                -2.0
              ],
              "size": [
                4.0,
                5.0,
                1.0
              ],
              "uv": [
                42,
                89
              ],
              "inflate": 0
            },
            {
              "origin": [
                -0.5,
                28.0,
                -2.0
              ],
              "size": [
                4.0,
                5.0,
                1.0
              ],
              "uv": [
                32,
                88
              ],
              "inflate": 0
            },
            {
              "origin": [
                1.5,
                30.0,
                -2.0
              ],
              "size": [
                4.0,
                5.0,
                1.0
              ],
              "uv": [
                88,
                28
              ],
              "inflate": 0
            },
            {
              "origin": [
                1.5,
                35.0,
                -1.0
              ],
              "size": [
                4.0,
                0.0,
                6.0
              ],
              "uv": [
                24,
                0
              ],
              "inflate": 0
            },
            {
              "origin": [
                1.5,
                31.0,
                4.0
              ],
              "size": [
                4.0,
                4.0,
                1.0
              ],
              "uv": [
                87,
                89
              ],
              "inflate": 0
            },
            {
              "origin": [
                -0.5,
                28.0,
                4.0
              ],
              "size": [
                4.0,
                4.0,
                1.0
              ],
              "uv": [
                77,
                89
              ],
              "inflate": 0
            },
            {
              "origin": [
                -2.5,
                25.0,
                4.0
              ],
              "size": [
                4.0,
                4.0,
                1.0
              ],
              "uv": [
                39,
                31
              ],
              "inflate": 0
            },
            {
              "origin": [
                -4.5,
                22.0,
                4.0
              ],
              "size": [
                4.0,
                4.0,
                1.0
              ],
              "uv": [
                38,
                0
              ],
              "inflate": 0
            },
            {
              "origin": [
                -6.5,
                22.0,
                -6.0
              ],
              "size": [
                2.0,
                2.0,
                11.0
              ],
              "pivot": [
                -5.5,
                23.0,
                5.0
              ],
              "rotation": [
                47.84721,
                12.06754,
                3.28396
              ],
              "uv": [
                29,
                6
              ],
              "inflate": 0
            },
            {
              "origin": [
                -8.50798,
                14.94687,
                -3.21908
              ],
              "size": [
                2.0,
                8.0,
                2.0
              ],
              "pivot": [
                -7.50798,
                14.94687,
                -2.21908
              ],
              "rotation": [
                -3.15082,
                14.32376,
                -11.95106
              ],
              "uv": [
                18,
                79
              ],
              "inflate": 0
            },
            {
              "origin": [
                -14.81381,
                23.04623,
                -3.16012
              ],
              "size": [
                7.0,
                1.0,
                2.0
              ],
              "pivot": [
                -7.52216,
                22.77239,
                -1.1479
              ],
              "rotation": [
                -3.06156,
                4.33838,
                -11.40262
              ],
              "uv": [
                29,
                19
              ],
              "inflate": 0
            },
            {
              "origin": [
                -15.00264,
                0.72659,
                -3.57486
              ],
              "size": [
                1.0,
                22.0,
                4.0
              ],
              "pivot": [
                -14.3647,
                22.94305,
                -1.15999
              ],
              "rotation": [
                -2.04882,
                4.89789,
                1.12574
              ],
              "uv": [
                4,
                49
              ],
              "inflate": 0
            },
            {
              "origin": [
                12.5,
                26.0,
                -6.0
              ],
              "size": [
                5.0,
                1.0,
                4.0
              ],
              "uv": [
                76,
                62
              ],
              "inflate": 0
            },
            {
              "origin": [
                6.5,
                26.0,
                -6.0
              ],
              "size": [
                7.0,
                1.0,
                4.0
              ],
              "pivot": [
                13.0,
                26.5,
                -4.0
              ],
              "rotation": [
                0.0,
                32.5,
                -42.5
              ],
              "uv": [
                72,
                35
              ],
              "inflate": 0
            },
            {
              "origin": [
                4.27936,
                23.4463,
                -2.98436
              ],
              "size": [
                8.0,
                1.0,
                4.0
              ],
              "pivot": [
                10.71459,
                22.65681,
                0.56705
              ],
              "rotation": [
                0.0,
                67.5,
                -42.5
              ],
              "uv": [
                71,
                57
              ],
              "inflate": 0
            },
            {
              "origin": [
                3.27936,
                23.4463,
                -2.98436
              ],
              "size": [
                1.0,
                7.0,
                4.0
              ],
              "pivot": [
                10.71459,
                22.65681,
                0.56705
              ],
              "rotation": [
                11.88242,
                66.97934,
                -29.62241
              ],
              "uv": [
                8,
                79
              ],
              "inflate": 0
            },
            {
              "origin": [
                17.5,
                4.0,
                -6.0
              ],
              "size": [
                1.0,
                23.0,
                4.0
              ],
              "uv": [
                44,
                41
              ],
              "inflate": 0
            }
          ],
          "parent": "Chandradev"
        },
        {
          "name": "Head",
          "pivot": [
            0,
            35,
            2
          ],
          "cubes": [
            {
              "origin": [
                -1.5,
                34.75,
                0.0
              ],
              "size": [
                3.0,
                2.0,
                3.0
              ],
              "uv": [
                85,
                18
              ],
              "inflate": 0
            },
            {
              "origin": [
                -3.0,
                36.0,
                -1.0
              ],
              "size": [
                6.0,
                6.0,
                5.0
              ],
              "uv": [
                54,
                57
              ],
              "inflate": 0
            },
            {
              "origin": [
                -3.0,
                42.0,
                -2.0
              ],
              "size": [
                6.0,
                2.0,
                6.0
              ],
              "uv": [
                66,
                4
              ],
              "inflate": 0
            },
            {
              "origin": [
                -3.0,
                44.0,
                0.0
              ],
              "size": [
                6.0,
                2.0,
                5.0
              ],
              "uv": [
                9,
                72
              ],
              "inflate": 0
            },
            {
              "origin": [
                -3.0,
                34.0,
                4.0
              ],
              "size": [
                6.0,
                10.0,
                1.0
              ],
              "uv": [
                69,
                76
              ],
              "inflate": 0
            },
            {
              "origin": [
                -3.5,
                44.0,
                -1.0
              ],
              "size": [
                7.0,
                2.0,
                1.0
              ],
              "uv": [
                26,
                72
              ],
              "inflate": 0
            },
            {
              "origin": [
                -2.5,
                46.0,
                -1.0
              ],
              "size": [
                5.0,
                2.0,
                1.0
              ],
              "uv": [
                88,
                13
              ],
              "inflate": 0
            },
            {
              "origin": [
                -4.0,
                42.0,
                -1.0
              ],
              "size": [
                1.0,
                2.0,
                5.0
              ],
              "uv": [
                78,
                82
              ],
              "inflate": 0
            },
            {
              "origin": [
                3.0,
                42.0,
                -1.0
              ],
              "size": [
                1.0,
                2.0,
                5.0
              ],
              "uv": [
                59,
                68
              ],
              "inflate": 0
            },
            {
              "origin": [
                -3.5,
                38.0,
                1.0
              ],
              "size": [
                1.0,
                2.0,
                1.0
              ],
              "uv": [
                36,
                6
              ],
              "inflate": 0
            },
            {
              "origin": [
                2.5,
                38.0,
                1.0
              ],
              "size": [
                1.0,
                2.0,
                1.0
              ],
              "uv": [
                4,
                29
              ],
              "inflate": 0
            },
            {
              "origin": [
                3.5,
                38.0,
                -1.0
              ],
              "size": [
                0.0,
                4.0,
                3.0
              ],
              "uv": [
                10,
                46
              ],
              "inflate": 0
            },
            {
              "origin": [
                -3.5,
                38.0,
                -1.0
              ],
              "size": [
                0.0,
                4.0,
                3.0
              ],
              "uv": [
                19,
                26
              ],
              "inflate": 0
            },
            {
              "origin": [
                2.5,
                35.0,
                2.0
              ],
              "size": [
                2.0,
                7.0,
                2.0
              ],
              "uv": [
                24,
                88
              ],
              "inflate": 0
            },
            {
              "origin": [
                -4.5,
                35.0,
                2.0
              ],
              "size": [
                2.0,
                7.0,
                2.0
              ],
              "uv": [
                69,
                87
              ],
              "inflate": 0
            },
            {
              "origin": [
                -0.5,
                37.0,
                -1.75
              ],
              "size": [
                1.0,
                2.0,
                1.0
              ],
              "pivot": [
                0.5,
                37.0,
                -1.0
              ],
              "rotation": [
                -27.5,
                0.0,
                0.0
              ],
              "uv": [
                4,
                17
              ],
              "inflate": 0
            }
          ],
          "parent": "Body"
        },
        {
          "name": "Hand",
          "pivot": [
            5,
            34,
            1
          ],
          "cubes": [
            {
              "origin": [
                5.0,
                31.0,
                -1.0
              ],
              "size": [
                9.0,
                5.0,
                5.0
              ],
              "uv": [
                44,
                31
              ],
              "inflate": 0
            }
          ],
          "parent": "Body",
          "rotation": [
            2.86048,
            2.97256,
            53.73334
          ]
        },
        {
          "name": "Handm",
          "pivot": [
            13.75,
            34,
            0
          ],
          "cubes": [
            {
              "origin": [
                11.75,
                31.5,
                -0.5
              ],
              "size": [
                9.0,
                4.0,
                4.0
              ],
              "uv": [
                54,
                49
              ],
              "inflate": 0
            }
          ],
          "parent": "Hand",
          "rotation": [
            3.17603,
            38.62085,
            -29.32794
          ]
        },
        {
          "name": "Handfingers",
          "pivot": [
            20.25,
            33.5,
            1.5
          ],
          "cubes": [
            {
              "origin": [
                19.75,
                31.5,
                -0.5
              ],
              "size": [
                2.0,
                4.0,
                4.0
              ],
              "uv": [
                83,
                67
              ],
              "inflate": 0
            },
            {
              "origin": [
                21.75,
                31.5,
                -0.5
              ],
              "size": [
                1.0,
                4.0,
                4.0
              ],
              "uv": [
                85,
                76
              ],
              "inflate": 0
            },
            {
              "origin": [
                24.25,
                34.5,
                2.5
              ],
              "size": [
                3.0,
                1.0,
                1.0
              ],
              "pivot": [
                24.75,
                35.0,
                3.0
              ],
              "rotation": [
                0.0,
                70.0,
                0.0
              ],
              "uv": [
                66,
                12
              ],
              "inflate": 0
            },
            {
              "origin": [
                24.25,
                33.5,
                2.5
              ],
              "size": [
                4.0,
                1.0,
                1.0
              ],
              "pivot": [
                24.25,
                34.0,
                3.0
              ],
              "rotation": [
                0.0,
                80.0,
                0.0
              ],
              "uv": [
                57,
                11
              ],
              "inflate": 0
            },
            {
              "origin": [
                24.75,
                32.5,
                2.5
              ],
              "size": [
                3.0,
                1.0,
                1.0
              ],
              "pivot": [
                24.25,
                33.0,
                3.0
              ],
              "rotation": [
                0.0,
                80.0,
                0.0
              ],
              "uv": [
                36,
                63
              ],
              "inflate": 0
            },
            {
              "origin": [
                24.75,
                31.5,
                2.5
              ],
              "size": [
                2.0,
                1.0,
                1.0
              ],
              "pivot": [
                24.75,
                32.0,
                3.0
              ],
              "rotation": [
                -180.0,
                80.0,
                180.0
              ],
              "uv": [
                39,
                76
              ],
              "inflate": 0
            },
            {
              "origin": [
                22.75,
                31.5,
                1.5
              ],
              "size": [
                2.0,
                4.0,
                2.0
              ],
              "uv": [
                52,
                91
              ],
              "inflate": 0
            },
            {
              "origin": [
                23.75,
                11.5,
                0.5
              ],
              "size": [
                1.0,
                41.0,
                1.0
              ],
              "uv": [
                0,
                17
              ],
              "inflate": 0
            },
            {
              "origin": [
                24.25,
                52.5,
                -2.5
              ],
              "size": [
                0.0,
                12.0,
                7.0
              ],
              "uv": [
                28,
                44
              ],
              "inflate": 0
            },
            {
              "origin": [
                22.75,
                33.5,
                -0.5
              ],
              "size": [
                1.0,
                2.0,
                2.0
              ],
              "uv": [
                66,
                68
              ],
              "inflate": 0
            },
            {
              "origin": [
                23.75,
                34.5,
                -0.5
              ],
              "size": [
                2.0,
                1.0,
                1.0
              ],
              "uv": [
                8,
                75
              ],
              "inflate": 0
            }
          ],
          "parent": "Handm",
          "rotation": [
            17.5,
            20,
            0
          ]
        },
        {
          "name": "Hand2",
          "pivot": [
            -5,
            34,
            2
          ],
          "cubes": [
            {
              "origin": [
                -5.0,
                31.0,
                0.0
              ],
              "size": [
                9.0,
                5.0,
                5.0
              ],
              "uv": [
                44,
                0
              ],
              "inflate": 0
            }
          ],
          "parent": "Body",
          "rotation": [
            170.89543,
            -2.10114,
            132.02524
          ]
        },
        {
          "name": "Handm2",
          "pivot": [
            2.75,
            34,
            1
          ],
          "cubes": [
            {
              "origin": [
                1.75,
                31.5,
                0.5
              ],
              "size": [
                9.0,
                4.0,
                4.0
              ],
              "uv": [
                54,
                41
              ],
              "inflate": 0
            }
          ],
          "parent": "Hand2",
          "rotation": [
            -4.79243,
            -22.57447,
            22.21247
          ]
        },
        {
          "name": "Handfingers2",
          "pivot": [
            10.25,
            33.5,
            2.5
          ],
          "cubes": [
            {
              "origin": [
                9.75,
                31.5,
                0.5
              ],
              "size": [
                2.0,
                4.0,
                4.0
              ],
              "uv": [
                77,
                19
              ],
              "inflate": 0
            },
            {
              "origin": [
                11.75,
                31.5,
                0.5
              ],
              "size": [
                1.0,
                4.0,
                4.0
              ],
              "uv": [
                84,
                0
              ],
              "inflate": 0
            },
            {
              "origin": [
                14.25,
                33.5,
                3.5
              ],
              "size": [
                3.0,
                1.0,
                1.0
              ],
              "pivot": [
                14.75,
                35.0,
                4.0
              ],
              "rotation": [
                -180.0,
                75.0,
                180.0
              ],
              "uv": [
                28,
                63
              ],
              "inflate": 0
            },
            {
              "origin": [
                14.25,
                32.5,
                3.5
              ],
              "size": [
                4.0,
                1.0,
                1.0
              ],
              "pivot": [
                14.75,
                35.0,
                4.0
              ],
              "rotation": [
                -180.0,
                77.5,
                180.0
              ],
              "uv": [
                44,
                14
              ],
              "inflate": 0
            },
            {
              "origin": [
                14.75,
                31.5,
                3.5
              ],
              "size": [
                3.0,
                1.0,
                1.0
              ],
              "pivot": [
                14.75,
                35.0,
                4.0
              ],
              "rotation": [
                -180.0,
                70.0,
                180.0
              ],
              "uv": [
                60,
                29
              ],
              "inflate": 0
            },
            {
              "origin": [
                14.75,
                34.5,
                3.5
              ],
              "size": [
                2.0,
                1.0,
                1.0
              ],
              "pivot": [
                14.75,
                35.0,
                4.0
              ],
              "rotation": [
                -180.0,
                75.0,
                180.0
              ],
              "uv": [
                14,
                70
              ],
              "inflate": 0
            },
            {
              "origin": [
                12.75,
                31.5,
                2.5
              ],
              "size": [
                2.0,
                4.0,
                2.0
              ],
              "uv": [
                91,
                42
              ],
              "inflate": 0
            },
            {
              "origin": [
                12.75,
                31.5,
                0.5
              ],
              "size": [
                1.0,
                2.0,
                2.0
              ],
              "uv": [
                0,
                0
              ],
              "inflate": 0
            },
            {
              "origin": [
                13.75,
                31.5,
                0.5
              ],
              "size": [
                2.0,
                1.0,
                1.0
              ],
              "pivot": [
                13.75,
                32.0,
                1.0
              ],
              "rotation": [
                0.0,
                -67.5,
                0.0
              ],
              "uv": [
                0,
                4
              ],
              "inflate": 0
            }
          ],
          "parent": "Handm2",
          "rotation": [
            105.47828,
            -17.23705,
            -2.02705
          ]
        }
      ]
    }
  ]
}