{
  "format_version": "1.12.0",
  "minecraft:geometry": [
    {
      "description": {
        "identifier": "geometry.ms_valli",
        "texture_width": 128,
        "texture_height": 128,
        "visible_bounds_width": 5,
        "visible_bounds_height": 5,
        "visible_bounds_offset": [
          0,
          1.5,
          0
        ]
      },
      "bones": [
        {
          "name": "Man"
        },
        {
          "name": "Legs",
          "cubes": [
            {
              "origin": [
                -5.0,
                21.0,
                -1.25
              ],
              "size": [
                10.0,
                2.0,
                6.0
              ],
              "uv": [
                12,
                45
              ],
              "inflate": 0
            },
            {
              "origin": [
                -1.0,
                2.0,
                -2.0
              ],
              "size": [
                2.0,
                19.0,
                7.0
              ],
              "uv": [
                0,
                20
              ],
              "inflate": 0
            }
          ],
          "parent": "Man"
        },
        {
          "name": "Leg",
          "pivot": [
            -3,
            21,
            2
          ],
          "parent": "Legs"
        },
        {
          "name": "Joinleg",
          "pivot": [
            -2.5,
            21,
            1.5
          ],
          "cubes": [
            {
              "origin": [
                -5.0,
                12.0,
                -1.0
              ],
              "size": [
                5.0,
                9.0,
                5.0
              ],
              "uv": [
                65,
                6
              ],
              "inflate": 0
            },
            {
              "origin": [
                -6.0,
                12.0,
                -2.0
              ],
              "size": [
                7.0,
                9.0,
                7.0
              ],
              "uv": [
                34,
                0
              ],
              "inflate": 0
            }
          ],
          "parent": "Leg",
          "rotation": [
            0,
            15,
            5
          ]
        },
        {
          "name": "Midleg",
          "pivot": [
            -2.5,
            12,
            1.25
          ],
          "cubes": [
            {
              "origin": [
                -4.5,
                3.0,
                -0.75
              ],
              "size": [
                5.0,
                9.0,
                5.0
              ],
              "uv": [
                62,
                64
              ],
              "inflate": 0
            },
            {
              "origin": [
                -4.5,
                3.0,
                -1.75
              ],
              "size": [
                4.0,
                14.0,
                0.0
              ],
              "pivot": [
                -2.5,
                10.0,
                -1.75
              ],
              "rotation": [
                0.0,
                12.5,
                0.0
              ],
              "uv": [
                62,
                109
              ],
              "inflate": 0
            }
          ],
          "parent": "Joinleg",
          "rotation": [
            0.6574,
            -7.4713,
            -10.04292
          ]
        },
        {
          "name": "Paul",
          "pivot": [
            -2.48864,
            3,
            1.29545
          ],
          "cubes": [
            {
              "origin": [
                -5.0,
                0.0,
                2.0
              ],
              "size": [
                5.0,
                1.0,
                3.0
              ],
              "uv": [
                85,
                11
              ],
              "inflate": 0
            },
            {
              "origin": [
                -5.0,
                0.0,
                -3.0
              ],
              "size": [
                5.0,
                1.0,
                3.0
              ],
              "uv": [
                83,
                33
              ],
              "inflate": 0
            },
            {
              "origin": [
                -5.0,
                0.5,
                0.0
              ],
              "size": [
                5.0,
                1.0,
                2.0
              ],
              "uv": [
                89,
                46
              ],
              "inflate": 0
            },
            {
              "origin": [
                -5.0,
                0.0,
                -5.0
              ],
              "size": [
                1.0,
                1.0,
                2.0
              ],
              "uv": [
                11,
                24
              ],
              "inflate": 0
            },
            {
              "origin": [
                -4.0,
                0.0,
                -5.5
              ],
              "size": [
                1.0,
                1.0,
                3.0
              ],
              "uv": [
                9,
                81
              ],
              "inflate": 0
            },
            {
              "origin": [
                -3.0,
                0.0,
                -5.75
              ],
              "size": [
                1.0,
                1.0,
                3.0
              ],
              "uv": [
                76,
                27
              ],
              "inflate": 0
            },
            {
              "origin": [
                -2.0,
                0.0,
                -6.0
              ],
              "size": [
                1.0,
                1.0,
                3.0
              ],
              "uv": [
                67,
                44
              ],
              "inflate": 0
            },
            {
              "origin": [
                -1.0,
                0.0,
                -5.75
              ],
              "size": [
                1.25,
                1.0,
                3.0
              ],
              "uv": [
                57,
                64
              ],
              "inflate": 0
            },
            {
              "origin": [
                -5.0,
                1.0,
                -2.25
              ],
              "size": [
                5.0,
                1.0,
                7.0
              ],
              "uv": [
                77,
                57
              ],
              "inflate": 0
            },
            {
              "origin": [
                -5.0,
                2.0,
                -1.25
              ],
              "size": [
                5.0,
                1.0,
                5.0
              ],
              "uv": [
                80,
                27
              ],
              "inflate": 0
            },
            {
              "origin": [
                -5.0,
                0.5,
                -4.25
              ],
              "size": [
                5.0,
                1.0,
                2.0
              ],
              "uv": [
                89,
                43
              ],
              "inflate": 0
            }
          ],
          "parent": "Midleg"
        },
        {
          "name": "Leg2",
          "pivot": [
            2,
            21,
            2
          ],
          "parent": "Legs"
        },
        {
          "name": "Joinleg2",
          "pivot": [
            2.5,
            21,
            1.5
          ],
          "cubes": [
            {
              "origin": [
                0.0,
                12.0,
                -1.0
              ],
              "size": [
                5.0,
                9.0,
                5.0
              ],
              "uv": [
                42,
                64
              ],
              "inflate": 0
            },
            {
              "origin": [
                -1.0,
                12.0,
                -2.0
              ],
              "size": [
                7.0,
                9.0,
                7.0
              ],
              "uv": [
                33,
                29
              ],
              "inflate": 0
            }
          ],
          "parent": "Leg2",
          "rotation": [
            0,
            -15,
            -5
          ]
        },
        {
          "name": "Midleg2",
          "pivot": [
            2.5,
            12,
            1.25
          ],
          "cubes": [
            {
              "origin": [
                -0.5,
                3.0,
                -0.75
              ],
              "size": [
                5.0,
                9.0,
                5.0
              ],
              "uv": [
                22,
                64
              ],
              "inflate": 0
            },
            {
              "origin": [
                0.5,
                3.0,
                -1.75
              ],
              "size": [
                4.0,
                14.0,
                0.0
              ],
              "pivot": [
                2.5,
                10.0,
                -1.75
              ],
              "rotation": [
                0.0,
                -12.5,
                0.0
              ],
              "uv": [
                89,
                106
              ],
              "inflate": 0
            }
          ],
          "parent": "Joinleg2",
          "rotation": [
            2.72535,
            4.88104,
            7.72535
          ]
        },
        {
          "name": "Paul2",
          "pivot": [
            2.51136,
            3,
            1.29545
          ],
          "cubes": [
            {
              "origin": [
                0.0,
                0.0,
                2.0
              ],
              "size": [
                5.0,
                1.0,
                3.0
              ],
              "uv": [
                80,
                7
              ],
              "inflate": 0
            },
            {
              "origin": [
                0.0,
                0.0,
                -3.0
              ],
              "size": [
                5.0,
                1.0,
                3.0
              ],
              "uv": [
                24,
                0
              ],
              "inflate": 0
            },
            {
              "origin": [
                0.0,
                0.5,
                0.0
              ],
              "size": [
                5.0,
                1.0,
                2.0
              ],
              "uv": [
                87,
                40
              ],
              "inflate": 0
            },
            {
              "origin": [
                4.0,
                0.0,
                -5.0
              ],
              "size": [
                1.0,
                1.0,
                2.0
              ],
              "uv": [
                0,
                24
              ],
              "inflate": 0
            },
            {
              "origin": [
                3.0,
                0.0,
                -5.5
              ],
              "size": [
                1.0,
                1.0,
                3.0
              ],
              "uv": [
                37,
                64
              ],
              "inflate": 0
            },
            {
              "origin": [
                2.0,
                0.0,
                -5.75
              ],
              "size": [
                1.0,
                1.0,
                3.0
              ],
              "uv": [
                62,
                6
              ],
              "inflate": 0
            },
            {
              "origin": [
                1.0,
                0.0,
                -6.0
              ],
              "size": [
                1.0,
                1.0,
                3.0
              ],
              "uv": [
                51,
                55
              ],
              "inflate": 0
            },
            {
              "origin": [
                0.0,
                0.0,
                -5.75
              ],
              "size": [
                1.25,
                1.0,
                3.0
              ],
              "uv": [
                23,
                53
              ],
              "inflate": 0
            },
            {
              "origin": [
                0.0,
                1.0,
                -2.25
              ],
              "size": [
                5.0,
                1.0,
                7.0
              ],
              "uv": [
                75,
                71
              ],
              "inflate": 0
            },
            {
              "origin": [
                0.0,
                2.0,
                -1.25
              ],
              "size": [
                5.0,
                1.0,
                5.0
              ],
              "uv": [
                80,
                1
              ],
              "inflate": 0
            },
            {
              "origin": [
                0.0,
                0.5,
                -4.25
              ],
              "size": [
                5.0,
                1.0,
                2.0
              ],
              "uv": [
                83,
                37
              ],
              "inflate": 0
            }
          ],
          "parent": "Midleg2"
        },
        {
          "name": "Body",
          "pivot": [
            0,
            21,
            0
          ],
          "cubes": [
            {
              "origin": [
                -4.0,
                21.0,
                -1.0
              ],
              "size": [
                8.0,
                2.0,
                5.0
              ],
              "uv": [
                70,
                20
              ],
              "inflate": 0
            },
            {
              "origin": [
                -5.0,
                27.0,
                -1.0
              ],
              "size": [
                10.0,
                7.0,
                5.0
              ],
              "uv": [
                40,
                16
              ],
              "inflate": 0
            },
            {
              "origin": [
                -5.0,
                24.0,
                -2.0
              ],
              "size": [
                10.0,
                11.0,
                1.0
              ],
              "uv": [
                0,
                63
              ],
              "inflate": 0
            },
            {
              "origin": [
                -4.5,
                33.25,
                -1.0
              ],
              "size": [
                9.0,
                1.0,
                5.0
              ],
              "uv": [
                55,
                0
              ],
              "inflate": 0
            },
            {
              "origin": [
                -4.0,
                33.75,
                -1.0
              ],
              "size": [
                8.0,
                1.0,
                5.0
              ],
              "uv": [
                0,
                75
              ],
              "inflate": 0
            },
            {
              "origin": [
                -4.5,
                23.0,
                -1.0
              ],
              "size": [
                9.0,
                4.0,
                5.0
              ],
              "uv": [
                28,
                55
              ],
              "inflate": 0
            },
            {
              "origin": [
                -5.5,
                23.0,
                -1.25
              ],
              "size": [
                5.0,
                16.0,
                6.0
              ],
              "pivot": [
                -4.5,
                22.0,
                1.25
              ],
              "rotation": [
                0.0,
                0.0,
                37.5
              ],
              "uv": [
                18,
                14
              ],
              "inflate": 0
            }
          ],
          "parent": "Man"
        },
        {
          "name": "Head",
          "pivot": [
            0,
            35,
            2
          ],
          "cubes": [
            {
              "origin": [
                -1.5,
                34.75,
                0.0
              ],
              "size": [
                3.0,
                2.0,
                3.0
              ],
              "uv": [
                85,
                15
              ],
              "inflate": 0
            },
            {
              "origin": [
                -3.0,
                36.0,
                -1.0
              ],
              "size": [
                6.0,
                6.0,
                5.0
              ],
              "uv": [
                72,
                44
              ],
              "inflate": 0
            },
            {
              "origin": [
                0.25,
                35.5,
                -1.5
              ],
              "size": [
                3.0,
                2.0,
                2.0
              ],
              "uv": [
                34,
                16
              ],
              "inflate": 0
            },
            {
              "origin": [
                -6.0,
                24.0,
                6.0
              ],
              "size": [
                12.0,
                20.0,
                0.0
              ],
              "uv": [
                0,
                0
              ],
              "inflate": 0
            },
            {
              "origin": [
                -3.5,
                42.0,
                -1.0
              ],
              "size": [
                7.0,
                3.0,
                6.0
              ],
              "uv": [
                56,
                55
              ],
              "inflate": 0
            },
            {
              "origin": [
                -3.0,
                45.0,
                -0.5
              ],
              "size": [
                6.0,
                1.0,
                5.0
              ],
              "uv": [
                66,
                79
              ],
              "inflate": 0
            },
            {
              "origin": [
                -2.5,
                46.0,
                0.0
              ],
              "size": [
                5.0,
                1.0,
                4.0
              ],
              "uv": [
                0,
                46
              ],
              "inflate": 0
            },
            {
              "origin": [
                -5.5,
                45.0,
                5.0
              ],
              "size": [
                11.0,
                9.0,
                0.0
              ],
              "uv": [
                26,
                78
              ],
              "inflate": 0
            },
            {
              "origin": [
                -3.5,
                35.0,
                4.0
              ],
              "size": [
                7.0,
                8.0,
                2.0
              ],
              "uv": [
                48,
                78
              ],
              "inflate": 0
            },
            {
              "origin": [
                -3.5,
                38.0,
                2.0
              ],
              "size": [
                7.0,
                4.0,
                2.0
              ],
              "uv": [
                82,
                65
              ],
              "inflate": 0
            },
            {
              "origin": [
                2.5,
                35.0,
                2.0
              ],
              "size": [
                2.0,
                8.0,
                2.0
              ],
              "pivot": [
                3.5,
                43.0,
                3.0
              ],
              "rotation": [
                -12.5,
                0.0,
                -15.0
              ],
              "uv": [
                66,
                85
              ],
              "inflate": 0
            },
            {
              "origin": [
                -4.5,
                35.0,
                2.0
              ],
              "size": [
                2.0,
                8.0,
                2.0
              ],
              "pivot": [
                -3.5,
                43.0,
                3.0
              ],
              "rotation": [
                -12.5,
                0.0,
                15.0
              ],
              "uv": [
                24,
                4
              ],
              "inflate": 0
            },
            {
              "origin": [
                -3.5,
                38.0,
                1.0
              ],
              "size": [
                1.0,
                2.0,
                1.0
              ],
              "uv": [
                0,
                46
              ],
              "inflate": 0
            },
            {
              "origin": [
                2.5,
                38.0,
                1.0
              ],
              "size": [
                1.0,
                2.0,
                1.0
              ],
              "uv": [
                37,
                0
              ],
              "inflate": 0
            },
            {
              "origin": [
                2.5,
                36.0,
                1.5
              ],
              "size": [
                2.0,
                2.0,
                0.0
              ],
              "uv": [
                14,
                48
              ],
              "inflate": 0
            },
            {
              "origin": [
                -4.5,
                36.0,
                1.5
              ],
              "size": [
                2.0,
                2.0,
                0.0
              ],
              "uv": [
                14,
                46
              ],
              "inflate": 0
            },
            {
              "origin": [
                -0.5,
                37.0,
                -1.75
              ],
              "size": [
                1.0,
                2.0,
                1.0
              ],
              "pivot": [
                0.5,
                37.0,
                -1.0
              ],
              "rotation": [
                -27.5,
                0.0,
                0.0
              ],
              "uv": [
                18,
                36
              ],
              "inflate": 0
            }
          ],
          "parent": "Body"
        },
        {
          "name": "Hand",
          "pivot": [
            5,
            34,
            1
          ],
          "cubes": [
            {
              "origin": [
                5.0,
                31.0,
                -1.0
              ],
              "size": [
                9.0,
                5.0,
                5.0
              ],
              "uv": [
                0,
                53
              ],
              "inflate": 0
            }
          ],
          "parent": "Body",
          "rotation": [
            1.59683,
            -0.31912,
            67.60166
          ]
        },
        {
          "name": "Handm",
          "pivot": [
            13.75,
            34,
            0
          ],
          "cubes": [
            {
              "origin": [
                11.75,
                31.5,
                -0.5
              ],
              "size": [
                9.0,
                4.0,
                4.0
              ],
              "uv": [
                61,
                36
              ],
              "inflate": 0
            },
            {
              "origin": [
                15.75,
                31.0,
                -1.0
              ],
              "size": [
                2.0,
                5.0,
                5.0
              ],
              "uv": [
                14,
                82
              ],
              "inflate": 0
            }
          ],
          "parent": "Hand",
          "rotation": [
            75.13426,
            46.87355,
            105.94934
          ]
        },
        {
          "name": "Handfingers",
          "pivot": [
            20.58421,
            33.77778,
            1.47597
          ],
          "cubes": [
            {
              "origin": [
                19.74714,
                31.5,
                -0.63086
              ],
              "size": [
                2.0,
                4.0,
                4.0
              ],
              "uv": [
                84,
                81
              ],
              "inflate": 0
            },
            {
              "origin": [
                21.74714,
                31.5,
                -0.63086
              ],
              "size": [
                1.0,
                4.0,
                4.0
              ],
              "uv": [
                28,
                87
              ],
              "inflate": 0
            },
            {
              "origin": [
                24.24714,
                34.5,
                2.36914
              ],
              "size": [
                3.0,
                1.0,
                1.0
              ],
              "pivot": [
                24.24714,
                35.0,
                2.86914
              ],
              "rotation": [
                0.0,
                70.0,
                0.0
              ],
              "uv": [
                36,
                53
              ],
              "inflate": 0
            },
            {
              "origin": [
                24.24714,
                33.5,
                2.36914
              ],
              "size": [
                4.0,
                1.0,
                1.0
              ],
              "pivot": [
                24.74714,
                34.0,
                2.86914
              ],
              "rotation": [
                -180.0,
                70.0,
                180.0
              ],
              "uv": [
                38,
                45
              ],
              "inflate": 0
            },
            {
              "origin": [
                24.76222,
                32.5,
                2.28364
              ],
              "size": [
                3.0,
                1.0,
                1.0
              ],
              "pivot": [
                24.74714,
                33.0,
                2.86914
              ],
              "rotation": [
                -180.0,
                72.5,
                180.0
              ],
              "uv": [
                28,
                53
              ],
              "inflate": 0
            },
            {
              "origin": [
                24.74714,
                31.5,
                2.36914
              ],
              "size": [
                2.0,
                1.0,
                1.0
              ],
              "pivot": [
                24.74714,
                32.0,
                2.86914
              ],
              "rotation": [
                -180.0,
                70.0,
                180.0
              ],
              "uv": [
                56,
                55
              ],
              "inflate": 0
            },
            {
              "origin": [
                22.74714,
                31.5,
                1.36914
              ],
              "size": [
                2.0,
                4.0,
                2.0
              ],
              "uv": [
                54,
                88
              ],
              "inflate": 0
            },
            {
              "origin": [
                20.74714,
                35.5,
                1.36914
              ],
              "size": [
                6.0,
                7.0,
                0.0
              ],
              "uv": [
                26,
                109
              ],
              "inflate": 0
            },
            {
              "origin": [
                22.74714,
                33.5,
                -0.63086
              ],
              "size": [
                1.0,
                2.0,
                2.0
              ],
              "uv": [
                11,
                20
              ],
              "inflate": 0
            },
            {
              "origin": [
                23.74714,
                34.5,
                -0.63086
              ],
              "size": [
                2.0,
                1.0,
                1.0
              ],
              "pivot": [
                23.74714,
                35.0,
                -0.13086
              ],
              "rotation": [
                0.0,
                -27.5,
                0.0
              ],
              "uv": [
                38,
                49
              ],
              "inflate": 0
            }
          ],
          "parent": "Handm",
          "rotation": [
            90,
            0,
            42.5
          ]
        },
        {
          "name": "Hand2",
          "pivot": [
            -5,
            34,
            2
          ],
          "cubes": [
            {
              "origin": [
                -5.0,
                31.0,
                0.0
              ],
              "size": [
                9.0,
                5.0,
                5.0
              ],
              "uv": [
                44,
                45
              ],
              "inflate": 0
            }
          ],
          "parent": "Body",
          "rotation": [
            -178.49299,
            -4.76804,
            117.43726
          ]
        },
        {
          "name": "Handm2",
          "pivot": [
            3,
            33.5,
            2.5
          ],
          "cubes": [
            {
              "origin": [
                1.75,
                31.5,
                0.5
              ],
              "size": [
                9.0,
                4.0,
                4.0
              ],
              "uv": [
                54,
                28
              ],
              "inflate": 0
            },
            {
              "origin": [
                6.75,
                31.0,
                0.0
              ],
              "size": [
                2.0,
                5.0,
                5.0
              ],
              "uv": [
                0,
                81
              ],
              "inflate": 0
            }
          ],
          "parent": "Hand2",
          "rotation": [
            -81.26988,
            -18.99945,
            -5.65018
          ]
        },
        {
          "name": "Handfingers2",
          "pivot": [
            10.25,
            33.5,
            2.5
          ],
          "cubes": [
            {
              "origin": [
                9.75,
                31.5,
                0.5
              ],
              "size": [
                2.0,
                4.0,
                4.0
              ],
              "uv": [
                18,
                36
              ],
              "inflate": 0
            },
            {
              "origin": [
                11.75,
                31.5,
                0.5
              ],
              "size": [
                1.0,
                4.0,
                4.0
              ],
              "uv": [
                74,
                85
              ],
              "inflate": 0
            },
            {
              "origin": [
                14.25,
                33.5,
                3.5
              ],
              "size": [
                3.0,
                1.0,
                1.0
              ],
              "pivot": [
                14.75,
                35.0,
                4.0
              ],
              "rotation": [
                0.0,
                57.5,
                0.0
              ],
              "uv": [
                0,
                51
              ],
              "inflate": 0
            },
            {
              "origin": [
                14.25,
                32.5,
                3.5
              ],
              "size": [
                4.0,
                1.0,
                1.0
              ],
              "pivot": [
                14.75,
                35.0,
                4.0
              ],
              "rotation": [
                0.0,
                45.0,
                0.0
              ],
              "uv": [
                30,
                4
              ],
              "inflate": 0
            },
            {
              "origin": [
                14.75,
                31.5,
                3.5
              ],
              "size": [
                3.0,
                1.0,
                1.0
              ],
              "pivot": [
                14.75,
                35.0,
                4.0
              ],
              "rotation": [
                0.0,
                15.0,
                0.0
              ],
              "uv": [
                38,
                47
              ],
              "inflate": 0
            },
            {
              "origin": [
                14.75,
                34.5,
                3.5
              ],
              "size": [
                2.0,
                1.0,
                1.0
              ],
              "pivot": [
                14.75,
                35.0,
                4.0
              ],
              "rotation": [
                0.0,
                25.0,
                0.0
              ],
              "uv": [
                26,
                38
              ],
              "inflate": 0
            },
            {
              "origin": [
                12.75,
                31.5,
                2.5
              ],
              "size": [
                2.0,
                4.0,
                2.0
              ],
              "uv": [
                76,
                55
              ],
              "inflate": 0
            },
            {
              "origin": [
                12.75,
                31.5,
                0.5
              ],
              "size": [
                1.0,
                2.0,
                2.0
              ],
              "uv": [
                0,
                20
              ],
              "inflate": 0
            },
            {
              "origin": [
                13.75,
                31.5,
                0.5
              ],
              "size": [
                2.0,
                1.0,
                1.0
              ],
              "pivot": [
                13.75,
                32.0,
                1.0
              ],
              "rotation": [
                0.0,
                67.5,
                0.0
              ],
              "uv": [
                26,
                36
              ],
              "inflate": 0
            }
          ],
          "parent": "Handm2",
          "rotation": [
            -172.32005,
            12.39135,
            1.6575
          ]
        }
      ]
    }
  ]
}