{
  "format_version": "1.12.0",
  "minecraft:geometry": [
    {
      "description": {
        "identifier": "geometry.ms_varah",
        "texture_width": 128,
        "texture_height": 128,
        "visible_bounds_width": 5,
        "visible_bounds_height": 6,
        "visible_bounds_offset": [
          0,
          2,
          0
        ]
      },
      "bones": [
        {
          "name": "Man"
        },
        {
          "name": "Legs",
          "cubes": [
            {
              "origin": [
                -5.0,
                21.0,
                -1.25
              ],
              "size": [
                10.0,
                2.0,
                6.0
              ],
              "uv": [
                16,
                46
              ],
              "inflate": 0
            },
            {
              "origin": [
                -5.0,
                19.0,
                -1.5
              ],
              "size": [
                10.0,
                5.0,
                2.0
              ],
              "uv": [
                42,
                81
              ],
              "inflate": 0
            },
            {
              "origin": [
                -1.0,
                5.0,
                -1.5
              ],
              "size": [
                2.0,
                18.0,
                6.0
              ],
              "pivot": [
                0.0,
                0.0,
                0.0
              ],
              "rotation": [
                0.0,
                -50.0,
                0.0
              ],
              "uv": [
                0,
                44
              ],
              "inflate": 0
            }
          ],
          "parent": "Man",
          "rotation": [
            0,
            -22.5,
            0
          ]
        },
        {
          "name": "Leg",
          "pivot": [
            -3,
            21,
            2
          ],
          "parent": "Legs"
        },
        {
          "name": "Joinleg",
          "pivot": [
            -2.5,
            21,
            1.5
          ],
          "cubes": [
            {
              "origin": [
                -5.0,
                12.0,
                -1.0
              ],
              "size": [
                5.0,
                9.0,
                5.0
              ],
              "uv": [
                74,
                21
              ],
              "inflate": 0
            }
          ],
          "parent": "Leg",
          "rotation": [
            -23.23025,
            19.9855,
            10.87743
          ]
        },
        {
          "name": "Midleg",
          "pivot": [
            -2.5,
            12,
            1.25
          ],
          "cubes": [
            {
              "origin": [
                -4.5,
                3.0,
                -0.75
              ],
              "size": [
                4.0,
                9.0,
                4.0
              ],
              "uv": [
                82,
                85
              ],
              "inflate": 0
            }
          ],
          "parent": "Joinleg",
          "rotation": [
            67.5,
            0,
            -5
          ]
        },
        {
          "name": "Paul",
          "pivot": [
            -2.48864,
            3,
            1.29545
          ],
          "cubes": [
            {
              "origin": [
                -5.0,
                0.0,
                2.0
              ],
              "size": [
                5.0,
                1.0,
                3.0
              ],
              "uv": [
                94,
                75
              ],
              "inflate": 0
            },
            {
              "origin": [
                -5.0,
                0.0,
                -3.0
              ],
              "size": [
                5.0,
                1.0,
                3.0
              ],
              "uv": [
                80,
                63
              ],
              "inflate": 0
            },
            {
              "origin": [
                -5.0,
                0.5,
                0.0
              ],
              "size": [
                5.0,
                1.0,
                2.0
              ],
              "uv": [
                12,
                100
              ],
              "inflate": 0
            },
            {
              "origin": [
                -5.0,
                0.0,
                -5.0
              ],
              "size": [
                1.0,
                1.0,
                2.0
              ],
              "uv": [
                81,
                38
              ],
              "inflate": 0
            },
            {
              "origin": [
                -4.0,
                0.0,
                -5.5
              ],
              "size": [
                1.0,
                1.0,
                3.0
              ],
              "uv": [
                101,
                49
              ],
              "inflate": 0
            },
            {
              "origin": [
                -3.0,
                0.0,
                -5.75
              ],
              "size": [
                1.0,
                1.0,
                3.0
              ],
              "uv": [
                34,
                101
              ],
              "inflate": 0
            },
            {
              "origin": [
                -2.0,
                0.0,
                -6.0
              ],
              "size": [
                1.0,
                1.0,
                3.0
              ],
              "uv": [
                101,
                22
              ],
              "inflate": 0
            },
            {
              "origin": [
                -1.0,
                0.0,
                -5.75
              ],
              "size": [
                1.25,
                1.0,
                3.0
              ],
              "uv": [
                100,
                92
              ],
              "inflate": 0
            },
            {
              "origin": [
                -5.0,
                1.0,
                -2.25
              ],
              "size": [
                5.0,
                1.0,
                7.0
              ],
              "uv": [
                81,
                35
              ],
              "inflate": 0
            },
            {
              "origin": [
                -5.0,
                2.0,
                -1.25
              ],
              "size": [
                5.0,
                1.0,
                5.0
              ],
              "uv": [
                89,
                16
              ],
              "inflate": 0
            },
            {
              "origin": [
                -5.0,
                0.5,
                -4.25
              ],
              "size": [
                5.0,
                1.0,
                2.0
              ],
              "uv": [
                98,
                89
              ],
              "inflate": 0
            }
          ],
          "parent": "Midleg"
        },
        {
          "name": "Leg2",
          "pivot": [
            2,
            21,
            2
          ],
          "parent": "Legs"
        },
        {
          "name": "Joinleg2",
          "pivot": [
            2.5,
            21,
            1.5
          ],
          "cubes": [
            {
              "origin": [
                0.0,
                12.0,
                -1.0
              ],
              "size": [
                5.0,
                9.0,
                5.0
              ],
              "uv": [
                0,
                72
              ],
              "inflate": 0
            }
          ],
          "parent": "Leg2",
          "rotation": [
            0,
            -15,
            -5
          ]
        },
        {
          "name": "Midleg2",
          "pivot": [
            2.5,
            12,
            1.25
          ],
          "cubes": [
            {
              "origin": [
                0.5,
                3.0,
                -0.75
              ],
              "size": [
                4.0,
                9.0,
                4.0
              ],
              "uv": [
                66,
                81
              ],
              "inflate": 0
            }
          ],
          "parent": "Joinleg2",
          "rotation": [
            0,
            0,
            5
          ]
        },
        {
          "name": "Paul2",
          "pivot": [
            2.51136,
            3,
            1.29545
          ],
          "cubes": [
            {
              "origin": [
                0.0,
                0.0,
                2.0
              ],
              "size": [
                5.0,
                1.0,
                3.0
              ],
              "uv": [
                68,
                8
              ],
              "inflate": 0
            },
            {
              "origin": [
                0.0,
                0.0,
                -3.0
              ],
              "size": [
                5.0,
                1.0,
                3.0
              ],
              "uv": [
                46,
                39
              ],
              "inflate": 0
            },
            {
              "origin": [
                0.0,
                0.5,
                0.0
              ],
              "size": [
                5.0,
                1.0,
                2.0
              ],
              "uv": [
                90,
                0
              ],
              "inflate": 0
            },
            {
              "origin": [
                4.0,
                0.0,
                -5.0
              ],
              "size": [
                1.0,
                1.0,
                2.0
              ],
              "uv": [
                44,
                59
              ],
              "inflate": 0
            },
            {
              "origin": [
                3.0,
                0.0,
                -5.5
              ],
              "size": [
                1.0,
                1.0,
                3.0
              ],
              "uv": [
                48,
                94
              ],
              "inflate": 0
            },
            {
              "origin": [
                2.0,
                0.0,
                -5.75
              ],
              "size": [
                1.0,
                1.0,
                3.0
              ],
              "uv": [
                24,
                90
              ],
              "inflate": 0
            },
            {
              "origin": [
                1.0,
                0.0,
                -6.0
              ],
              "size": [
                1.0,
                1.0,
                3.0
              ],
              "uv": [
                89,
                22
              ],
              "inflate": 0
            },
            {
              "origin": [
                0.0,
                0.0,
                -5.75
              ],
              "size": [
                1.25,
                1.0,
                3.0
              ],
              "uv": [
                81,
                9
              ],
              "inflate": 0
            },
            {
              "origin": [
                0.0,
                1.0,
                -2.25
              ],
              "size": [
                5.0,
                1.0,
                7.0
              ],
              "uv": [
                79,
                67
              ],
              "inflate": 0
            },
            {
              "origin": [
                0.0,
                2.0,
                -1.25
              ],
              "size": [
                5.0,
                1.0,
                5.0
              ],
              "uv": [
                89,
                9
              ],
              "inflate": 0
            },
            {
              "origin": [
                0.0,
                0.5,
                -4.25
              ],
              "size": [
                5.0,
                1.0,
                2.0
              ],
              "uv": [
                74,
                35
              ],
              "inflate": 0
            }
          ],
          "parent": "Midleg2"
        },
        {
          "name": "Body",
          "pivot": [
            0,
            21,
            0
          ],
          "cubes": [
            {
              "origin": [
                -4.0,
                21.0,
                -1.0
              ],
              "size": [
                8.0,
                2.0,
                5.0
              ],
              "uv": [
                58,
                74
              ],
              "inflate": 0
            },
            {
              "origin": [
                -5.0,
                27.0,
                -1.0
              ],
              "size": [
                10.0,
                7.0,
                5.0
              ],
              "uv": [
                42,
                17
              ],
              "inflate": 0
            },
            {
              "origin": [
                -7.0,
                15.0,
                -1.75
              ],
              "size": [
                14.0,
                21.0,
                5.0
              ],
              "uv": [
                0,
                0
              ],
              "inflate": 0
            },
            {
              "origin": [
                -5.0,
                23.0,
                -1.25
              ],
              "size": [
                10.0,
                12.0,
                5.0
              ],
              "uv": [
                38,
                0
              ],
              "inflate": 0
            },
            {
              "origin": [
                -4.5,
                33.25,
                -1.0
              ],
              "size": [
                9.0,
                1.0,
                5.0
              ],
              "uv": [
                58,
                39
              ],
              "inflate": 0
            },
            {
              "origin": [
                -4.0,
                33.75,
                -1.0
              ],
              "size": [
                8.0,
                1.0,
                5.0
              ],
              "uv": [
                71,
                45
              ],
              "inflate": 0
            },
            {
              "origin": [
                -4.5,
                23.0,
                -1.0
              ],
              "size": [
                9.0,
                4.0,
                5.0
              ],
              "uv": [
                16,
                54
              ],
              "inflate": 0
            }
          ],
          "parent": "Man",
          "rotation": [
            -5,
            -17.5,
            0
          ]
        },
        {
          "name": "Head",
          "pivot": [
            0,
            35,
            2
          ],
          "cubes": [
            {
              "origin": [
                -1.5,
                34.75,
                0.0
              ],
              "size": [
                3.0,
                2.0,
                3.0
              ],
              "uv": [
                96,
                69
              ],
              "inflate": 0
            },
            {
              "origin": [
                -3.0,
                36.0,
                -1.0
              ],
              "size": [
                6.0,
                6.0,
                5.0
              ],
              "uv": [
                71,
                51
              ],
              "inflate": 0
            },
            {
              "origin": [
                -2.5,
                35.25,
                -4.0
              ],
              "size": [
                5.0,
                4.0,
                6.0
              ],
              "pivot": [
                0.0,
                35.5,
                -1.0
              ],
              "rotation": [
                27.5,
                0.0,
                0.0
              ],
              "uv": [
                78,
                75
              ],
              "inflate": 0
            },
            {
              "origin": [
                -2.0,
                34.63878,
                -7.41547
              ],
              "size": [
                4.0,
                4.0,
                4.0
              ],
              "pivot": [
                0.0,
                33.5,
                -4.0
              ],
              "rotation": [
                -5.0,
                0.0,
                0.0
              ],
              "uv": [
                20,
                72
              ],
              "inflate": 0
            },
            {
              "origin": [
                -3.0,
                37.87903,
                -10.07201
              ],
              "size": [
                1.0,
                1.0,
                5.0
              ],
              "pivot": [
                -2.5,
                37.55334,
                -6.57963
              ],
              "rotation": [
                -35.0,
                0.0,
                0.0
              ],
              "uv": [
                79,
                98
              ],
              "inflate": 0
            },
            {
              "origin": [
                2.0,
                37.87903,
                -10.07201
              ],
              "size": [
                1.0,
                1.0,
                5.0
              ],
              "pivot": [
                -2.5,
                37.55334,
                -6.57963
              ],
              "rotation": [
                -35.0,
                0.0,
                0.0
              ],
              "uv": [
                72,
                97
              ],
              "inflate": 0
            },
            {
              "origin": [
                -1.5,
                35.13878,
                -8.41547
              ],
              "size": [
                3.0,
                3.0,
                1.0
              ],
              "pivot": [
                0.0,
                33.5,
                -4.0
              ],
              "rotation": [
                -5.0,
                0.0,
                0.0
              ],
              "uv": [
                15,
                72
              ],
              "inflate": 0
            },
            {
              "origin": [
                -3.5,
                42.0,
                -1.0
              ],
              "size": [
                7.0,
                3.0,
                6.0
              ],
              "uv": [
                10,
                63
              ],
              "inflate": 0
            },
            {
              "origin": [
                -10.5,
                42.0,
                5.0
              ],
              "size": [
                21.0,
                18.0,
                0.0
              ],
              "uv": [
                0,
                26
              ],
              "inflate": 0
            },
            {
              "origin": [
                -2.5,
                45.0,
                0.0
              ],
              "size": [
                5.0,
                2.0,
                4.0
              ],
              "uv": [
                92,
                43
              ],
              "inflate": 0
            },
            {
              "origin": [
                -2.0,
                47.0,
                0.5
              ],
              "size": [
                4.0,
                1.0,
                3.0
              ],
              "uv": [
                30,
                63
              ],
              "inflate": 0
            },
            {
              "origin": [
                -1.5,
                48.0,
                1.0
              ],
              "size": [
                3.0,
                1.0,
                2.0
              ],
              "uv": [
                39,
                54
              ],
              "inflate": 0
            },
            {
              "origin": [
                -4.5,
                33.0,
                4.0
              ],
              "size": [
                9.0,
                10.0,
                2.0
              ],
              "uv": [
                36,
                68
              ],
              "inflate": 0
            },
            {
              "origin": [
                -4.5,
                34.0,
                2.0
              ],
              "size": [
                9.0,
                8.0,
                2.0
              ],
              "pivot": [
                0.0,
                42.0,
                3.0
              ],
              "rotation": [
                15.0,
                0.0,
                0.0
              ],
              "uv": [
                20,
                80
              ],
              "inflate": 0
            },
            {
              "origin": [
                -3.5,
                38.0,
                1.0
              ],
              "size": [
                1.0,
                2.0,
                1.0
              ],
              "uv": [
                38,
                21
              ],
              "inflate": 0
            },
            {
              "origin": [
                2.5,
                38.0,
                1.0
              ],
              "size": [
                1.0,
                2.0,
                1.0
              ],
              "uv": [
                0,
                0
              ],
              "inflate": 0
            },
            {
              "origin": [
                2.5,
                36.0,
                1.5
              ],
              "size": [
                2.0,
                2.0,
                0.0
              ],
              "uv": [
                38,
                24
              ],
              "inflate": 0
            },
            {
              "origin": [
                -4.5,
                36.0,
                1.5
              ],
              "size": [
                2.0,
                2.0,
                0.0
              ],
              "uv": [
                0,
                3
              ],
              "inflate": 0
            }
          ],
          "parent": "Body",
          "rotation": [
            -29.13194,
            -34.90372,
            10.12046
          ]
        },
        {
          "name": "Earth",
          "pivot": [
            0,
            42.0798,
            -8.68552
          ],
          "cubes": [
            {
              "origin": [
                -2.5,
                46.63878,
                -11.91547
              ],
              "size": [
                5.0,
                1.0,
                5.0
              ],
              "pivot": [
                0.0,
                33.5,
                -4.0
              ],
              "rotation": [
                -5.0,
                0.0,
                0.0
              ],
              "uv": [
                37,
                88
              ],
              "inflate": 0
            },
            {
              "origin": [
                -2.5,
                39.63878,
                -11.91547
              ],
              "size": [
                5.0,
                1.0,
                5.0
              ],
              "pivot": [
                0.0,
                33.5,
                -4.0
              ],
              "rotation": [
                -5.0,
                0.0,
                0.0
              ],
              "uv": [
                0,
                86
              ],
              "inflate": 0
            },
            {
              "origin": [
                -3.0,
                40.63878,
                -12.41547
              ],
              "size": [
                6.0,
                6.0,
                6.0
              ],
              "pivot": [
                0.0,
                33.5,
                -4.0
              ],
              "rotation": [
                -5.0,
                0.0,
                0.0
              ],
              "uv": [
                44,
                56
              ],
              "inflate": 0
            },
            {
              "origin": [
                3.0,
                41.13878,
                -11.91547
              ],
              "size": [
                1.0,
                5.0,
                5.0
              ],
              "pivot": [
                0.0,
                33.5,
                -4.0
              ],
              "rotation": [
                -5.0,
                0.0,
                0.0
              ],
              "uv": [
                93,
                93
              ],
              "inflate": 0
            },
            {
              "origin": [
                -4.0,
                41.13878,
                -11.91547
              ],
              "size": [
                1.0,
                5.0,
                5.0
              ],
              "pivot": [
                0.0,
                33.5,
                -4.0
              ],
              "rotation": [
                -5.0,
                0.0,
                0.0
              ],
              "uv": [
                29,
                90
              ],
              "inflate": 0
            },
            {
              "origin": [
                -2.5,
                41.13878,
                -13.41547
              ],
              "size": [
                5.0,
                5.0,
                1.0
              ],
              "pivot": [
                0.0,
                33.5,
                -4.0
              ],
              "rotation": [
                -5.0,
                0.0,
                0.0
              ],
              "uv": [
                96,
                63
              ],
              "inflate": 0
            },
            {
              "origin": [
                -2.5,
                41.13878,
                -6.41547
              ],
              "size": [
                5.0,
                5.0,
                1.0
              ],
              "pivot": [
                0.0,
                33.5,
                -4.0
              ],
              "rotation": [
                -5.0,
                0.0,
                0.0
              ],
              "uv": [
                10,
                44
              ],
              "inflate": 0
            }
          ],
          "parent": "Head"
        },
        {
          "name": "Hand",
          "pivot": [
            5,
            34,
            1
          ],
          "cubes": [
            {
              "origin": [
                5.0,
                31.0,
                -1.0
              ],
              "size": [
                9.0,
                5.0,
                5.0
              ],
              "uv": [
                48,
                46
              ],
              "inflate": 0
            }
          ],
          "parent": "Body",
          "rotation": [
            -2.04529,
            1.83392,
            47.19152
          ]
        },
        {
          "name": "Handm",
          "pivot": [
            13.75,
            34,
            0
          ],
          "cubes": [
            {
              "origin": [
                11.75,
                31.5,
                -0.5
              ],
              "size": [
                9.0,
                4.0,
                4.0
              ],
              "uv": [
                68,
                0
              ],
              "inflate": 0
            },
            {
              "origin": [
                15.75,
                31.0,
                -1.0
              ],
              "size": [
                2.0,
                5.0,
                5.0
              ],
              "uv": [
                0,
                92
              ],
              "inflate": 0
            }
          ],
          "parent": "Hand",
          "rotation": [
            0,
            77.5,
            12.5
          ]
        },
        {
          "name": "Handfingers",
          "pivot": [
            20.58421,
            33.77778,
            1.47597
          ],
          "cubes": [
            {
              "origin": [
                19.74714,
                31.5,
                -0.63086
              ],
              "size": [
                2.0,
                4.0,
                4.0
              ],
              "uv": [
                65,
                94
              ],
              "inflate": 0
            },
            {
              "origin": [
                21.74714,
                31.5,
                -0.63086
              ],
              "size": [
                1.0,
                4.0,
                4.0
              ],
              "uv": [
                98,
                32
              ],
              "inflate": 0
            },
            {
              "origin": [
                24.24714,
                34.5,
                2.36914
              ],
              "size": [
                3.0,
                1.0,
                1.0
              ],
              "pivot": [
                24.24714,
                35.0,
                2.86914
              ],
              "rotation": [
                0.0,
                70.0,
                0.0
              ],
              "uv": [
                0,
                70
              ],
              "inflate": 0
            },
            {
              "origin": [
                24.24714,
                30.5,
                -1.63086
              ],
              "size": [
                0.0,
                13.0,
                4.0
              ],
              "pivot": [
                24.24714,
                35.0,
                2.86914
              ],
              "rotation": [
                22.5,
                -5.0,
                0.0
              ],
              "uv": [
                57,
                84
              ],
              "inflate": 0
            },
            {
              "origin": [
                24.24714,
                33.5,
                2.36914
              ],
              "size": [
                4.0,
                1.0,
                1.0
              ],
              "pivot": [
                24.74714,
                34.0,
                2.86914
              ],
              "rotation": [
                -180.0,
                70.0,
                180.0
              ],
              "uv": [
                0,
                68
              ],
              "inflate": 0
            },
            {
              "origin": [
                24.76222,
                32.5,
                2.28364
              ],
              "size": [
                3.0,
                1.0,
                1.0
              ],
              "pivot": [
                24.74714,
                33.0,
                2.86914
              ],
              "rotation": [
                -180.0,
                72.5,
                180.0
              ],
              "uv": [
                30,
                67
              ],
              "inflate": 0
            },
            {
              "origin": [
                24.74714,
                31.5,
                2.36914
              ],
              "size": [
                2.0,
                1.0,
                1.0
              ],
              "pivot": [
                24.74714,
                32.0,
                2.86914
              ],
              "rotation": [
                -180.0,
                70.0,
                180.0
              ],
              "uv": [
                64,
                81
              ],
              "inflate": 0
            },
            {
              "origin": [
                22.74714,
                31.5,
                1.36914
              ],
              "size": [
                2.0,
                4.0,
                2.0
              ],
              "uv": [
                26,
                100
              ],
              "inflate": 0
            },
            {
              "origin": [
                22.74714,
                33.5,
                -0.63086
              ],
              "size": [
                1.0,
                2.0,
                2.0
              ],
              "uv": [
                72,
                21
              ],
              "inflate": 0
            },
            {
              "origin": [
                23.74714,
                34.5,
                -0.63086
              ],
              "size": [
                2.0,
                1.0,
                1.0
              ],
              "pivot": [
                23.74714,
                35.0,
                -0.13086
              ],
              "rotation": [
                0.0,
                -27.5,
                0.0
              ],
              "uv": [
                56,
                68
              ],
              "inflate": 0
            }
          ],
          "parent": "Handm",
          "rotation": [
            47.93939,
            22.41757,
            2.29338
          ]
        },
        {
          "name": "Hand2",
          "pivot": [
            -5,
            34,
            2
          ],
          "cubes": [
            {
              "origin": [
                -5.0,
                31.0,
                0.0
              ],
              "size": [
                9.0,
                5.0,
                5.0
              ],
              "uv": [
                46,
                29
              ],
              "inflate": 0
            }
          ],
          "parent": "Body",
          "rotation": [
            180,
            -5,
            135
          ]
        },
        {
          "name": "Handm2",
          "pivot": [
            1.35934,
            33.5659,
            2.68312
          ],
          "cubes": [
            {
              "origin": [
                0.5331,
                31.59452,
                0.02775
              ],
              "size": [
                9.0,
                4.0,
                4.0
              ],
              "uv": [
                67,
                13
              ],
              "inflate": 0
            },
            {
              "origin": [
                5.5331,
                31.09452,
                -0.47225
              ],
              "size": [
                2.0,
                5.0,
                5.0
              ],
              "uv": [
                15,
                90
              ],
              "inflate": 0
            }
          ],
          "parent": "Hand2",
          "rotation": [
            2.67324,
            -39.99492,
            -0.28432
          ]
        },
        {
          "name": "Handfingers2",
          "pivot": [
            9.0331,
            33.59452,
            2.02775
          ],
          "cubes": [
            {
              "origin": [
                8.5331,
                31.59452,
                0.02775
              ],
              "size": [
                2.0,
                4.0,
                4.0
              ],
              "uv": [
                93,
                49
              ],
              "inflate": 0
            },
            {
              "origin": [
                10.5331,
                31.59452,
                0.02775
              ],
              "size": [
                1.0,
                4.0,
                4.0
              ],
              "uv": [
                96,
                81
              ],
              "inflate": 0
            },
            {
              "origin": [
                13.0331,
                33.59452,
                3.02775
              ],
              "size": [
                3.0,
                1.0,
                1.0
              ],
              "pivot": [
                13.5331,
                35.09452,
                3.52775
              ],
              "rotation": [
                0.0,
                52.5,
                0.0
              ],
              "uv": [
                22,
                44
              ],
              "inflate": 0
            },
            {
              "origin": [
                13.0331,
                32.59452,
                3.02775
              ],
              "size": [
                4.0,
                1.0,
                1.0
              ],
              "pivot": [
                13.5331,
                35.09452,
                3.52775
              ],
              "rotation": [
                0.0,
                45.0,
                0.0
              ],
              "uv": [
                39,
                57
              ],
              "inflate": 0
            },
            {
              "origin": [
                13.5331,
                31.59452,
                3.02775
              ],
              "size": [
                3.0,
                1.0,
                1.0
              ],
              "pivot": [
                13.5331,
                35.09452,
                3.52775
              ],
              "rotation": [
                0.0,
                17.5,
                0.0
              ],
              "uv": [
                42,
                29
              ],
              "inflate": 0
            },
            {
              "origin": [
                13.5331,
                34.59452,
                3.02775
              ],
              "size": [
                2.0,
                1.0,
                1.0
              ],
              "pivot": [
                13.5331,
                35.09452,
                3.52775
              ],
              "rotation": [
                0.0,
                30.0,
                0.0
              ],
              "uv": [
                16,
                50
              ],
              "inflate": 0
            },
            {
              "origin": [
                11.5331,
                31.59452,
                2.02775
              ],
              "size": [
                2.0,
                4.0,
                2.0
              ],
              "uv": [
                62,
                56
              ],
              "inflate": 0
            },
            {
              "origin": [
                11.5331,
                31.59452,
                0.02775
              ],
              "size": [
                1.0,
                2.0,
                2.0
              ],
              "uv": [
                0,
                44
              ],
              "inflate": 0
            },
            {
              "origin": [
                12.5331,
                31.59452,
                0.02775
              ],
              "size": [
                2.0,
                1.0,
                1.0
              ],
              "pivot": [
                12.5331,
                32.09452,
                0.52775
              ],
              "rotation": [
                0.0,
                40.0,
                0.0
              ],
              "uv": [
                0,
                48
              ],
              "inflate": 0
            }
          ],
          "parent": "Handm2",
          "rotation": [
            48.2988,
            -18.5255,
            28.62416
          ]
        },
        {
          "name": "Weapon",
          "pivot": [
            14.0331,
            34.59452,
            1.02775
          ],
          "cubes": [
            {
              "origin": [
                13.21769,
                33.31475,
                -9.12469
              ],
              "size": [
                2.0,
                2.0,
                12.0
              ],
              "uv": [
                30,
                32
              ],
              "inflate": 0
            },
            {
              "origin": [
                12.71769,
                32.81475,
                -10.12469
              ],
              "size": [
                3.0,
                3.0,
                1.0
              ],
              "uv": [
                63,
                0
              ],
              "inflate": 0
            },
            {
              "origin": [
                12.71769,
                32.81475,
                -19.12469
              ],
              "size": [
                3.0,
                3.0,
                1.0
              ],
              "uv": [
                38,
                17
              ],
              "inflate": 0
            },
            {
              "origin": [
                12.21769,
                32.31475,
                -11.12469
              ],
              "size": [
                4.0,
                4.0,
                1.0
              ],
              "uv": [
                42,
                46
              ],
              "inflate": 0
            },
            {
              "origin": [
                12.21769,
                32.31475,
                -18.12469
              ],
              "size": [
                4.0,
                4.0,
                1.0
              ],
              "uv": [
                33,
                0
              ],
              "inflate": 0
            },
            {
              "origin": [
                11.21769,
                31.31475,
                -17.12469
              ],
              "size": [
                6.0,
                6.0,
                6.0
              ],
              "uv": [
                62,
                62
              ],
              "inflate": 0
            },
            {
              "origin": [
                11.71769,
                30.31475,
                -16.62469
              ],
              "size": [
                5.0,
                1.0,
                5.0
              ],
              "uv": [
                89,
                3
              ],
              "inflate": 0
            },
            {
              "origin": [
                11.71769,
                37.31475,
                -16.62469
              ],
              "size": [
                5.0,
                1.0,
                5.0
              ],
              "uv": [
                88,
                57
              ],
              "inflate": 0
            },
            {
              "origin": [
                17.21769,
                31.81475,
                -16.62469
              ],
              "size": [
                1.0,
                5.0,
                5.0
              ],
              "uv": [
                41,
                94
              ],
              "inflate": 0
            },
            {
              "origin": [
                10.21769,
                31.81475,
                -16.62469
              ],
              "size": [
                1.0,
                5.0,
                5.0
              ],
              "uv": [
                94,
                22
              ],
              "inflate": 0
            }
          ],
          "parent": "Handfingers2",
          "rotation": [
            -20,
            -37.5,
            0
          ]
        }
      ]
    }
  ]
}