{
  "format_version": "1.12.0",
  "minecraft:geometry": [
    {
      "description": {
        "identifier": "geometry.pa_arti_tat",
        "texture_width": 128,
        "texture_height": 128,
        "visible_bounds_width": 9,
        "visible_bounds_height": 6.5,
        "visible_bounds_offset": [
          0,
          2.75,
          0
        ]
      },
      "bones": [
        {
          "name": "Man"
        },
        {
          "name": "Body",
          "pivot": [
            0,
            18,
            0
          ],
          "cubes": [
            {
              "origin": [
                -4.0,
                18.0,
                -2.0
              ],
              "size": [
                8.0,
                9.0,
                6.0
              ],
              "uv": [
                10,
                52
              ],
              "inflate": 0
            },
            {
              "origin": [
                -5.0,
                19.0,
                -3.0
              ],
              "size": [
                10.0,
                2.0,
                8.0
              ],
              "uv": [
                30,
                27
              ],
              "inflate": 0
            },
            {
              "origin": [
                -6.0,
                27.0,
                -2.0
              ],
              "size": [
                12.0,
                6.0,
                6.0
              ],
              "uv": [
                0,
                15
              ],
              "inflate": 0
            },
            {
              "origin": [
                3.0,
                25.0,
                4.0
              ],
              "size": [
                2.0,
                9.0,
                1.0
              ],
              "uv": [
                35,
                82
              ],
              "inflate": 0
            },
            {
              "origin": [
                -3.0,
                24.0,
                4.0
              ],
              "size": [
                6.0,
                2.0,
                1.0
              ],
              "uv": [
                36,
                21
              ],
              "inflate": 0
            },
            {
              "origin": [
                -5.0,
                25.0,
                4.0
              ],
              "size": [
                2.0,
                9.0,
                1.0
              ],
              "uv": [
                26,
                69
              ],
              "inflate": 0
            },
            {
              "origin": [
                4.0,
                33.0,
                -3.0
              ],
              "size": [
                4.0,
                1.0,
                8.0
              ],
              "uv": [
                71,
                33
              ],
              "inflate": 0
            },
            {
              "origin": [
                -8.0,
                33.0,
                -3.0
              ],
              "size": [
                4.0,
                1.0,
                8.0
              ],
              "uv": [
                70,
                65
              ],
              "inflate": 0
            },
            {
              "origin": [
                -8.0,
                1.0,
                -4.0
              ],
              "size": [
                4.0,
                33.0,
                1.0
              ],
              "uv": [
                0,
                50
              ],
              "inflate": 0
            },
            {
              "origin": [
                4.0,
                1.0,
                -4.0
              ],
              "size": [
                4.0,
                33.0,
                1.0
              ],
              "uv": [
                46,
                37
              ],
              "inflate": 0
            }
          ],
          "parent": "Man"
        },
        {
          "name": "Face",
          "pivot": [
            0,
            33,
            1
          ],
          "parent": "Body"
        },
        {
          "name": "Face1",
          "cubes": [
            {
              "origin": [
                -2.0,
                33.0,
                -1.0
              ],
              "size": [
                4.0,
                1.0,
                4.0
              ],
              "uv": [
                107,
                19
              ],
              "inflate": 0
            },
            {
              "origin": [
                -4.0,
                34.0,
                -2.0
              ],
              "size": [
                8.0,
                9.0,
                6.0
              ],
              "uv": [
                50,
                9
              ],
              "inflate": 0
            },
            {
              "origin": [
                -5.0,
                39.0,
                -2.0
              ],
              "size": [
                1.0,
                4.0,
                7.0
              ],
              "uv": [
                74,
                17
              ],
              "inflate": 0
            },
            {
              "origin": [
                -4.0,
                35.0,
                4.0
              ],
              "size": [
                8.0,
                8.0,
                1.0
              ],
              "uv": [
                52,
                73
              ],
              "inflate": 0
            },
            {
              "origin": [
                4.0,
                39.0,
                -2.0
              ],
              "size": [
                1.0,
                4.0,
                7.0
              ],
              "uv": [
                71,
                48
              ],
              "inflate": 0
            },
            {
              "origin": [
                4.0,
                35.0,
                -1.0
              ],
              "size": [
                1.0,
                4.0,
                6.0
              ],
              "uv": [
                80,
                78
              ],
              "inflate": 0
            },
            {
              "origin": [
                -5.0,
                35.0,
                -1.0
              ],
              "size": [
                1.0,
                4.0,
                6.0
              ],
              "uv": [
                80,
                42
              ],
              "inflate": 0
            },
            {
              "origin": [
                -4.0,
                43.0,
                -2.0
              ],
              "size": [
                8.0,
                1.0,
                7.0
              ],
              "uv": [
                42,
                0
              ],
              "inflate": 0
            },
            {
              "origin": [
                -4.0,
                41.0,
                -3.0
              ],
              "size": [
                8.0,
                3.0,
                1.0
              ],
              "uv": [
                72,
                9
              ],
              "inflate": 0
            }
          ],
          "parent": "Face"
        },
        {
          "name": "Handcontroll",
          "pivot": [
            0,
            33,
            0
          ],
          "parent": "Body"
        },
        {
          "name": "Hand1",
          "pivot": [
            -7,
            32.16667,
            0.83333
          ],
          "cubes": [
            {
              "origin": [
                -8.91299,
                24.06626,
                -0.96122
              ],
              "size": [
                3.0,
                8.0,
                4.0
              ],
              "uv": [
                0,
                35
              ],
              "inflate": 0
            }
          ],
          "parent": "Handcontroll",
          "rotation": [
            -16.50371,
            5.90316,
            19.14314
          ]
        },
        {
          "name": "bone4",
          "pivot": [
            -7.41299,
            24.06626,
            1.53878
          ],
          "cubes": [
            {
              "origin": [
                -8.91299,
                16.06626,
                0.03878
              ],
              "size": [
                3.0,
                9.0,
                3.0
              ],
              "pivot": [
                -7.41299,
                24.06626,
                1.53878
              ],
              "rotation": [
                -50.0,
                0.0,
                0.0
              ],
              "uv": [
                10,
                80
              ],
              "inflate": 0
            }
          ],
          "parent": "Hand1",
          "rotation": [
            0,
            0,
            -47.5
          ]
        },
        {
          "name": "bone",
          "pivot": [
            -7.41299,
            18.73293,
            -3.79456
          ],
          "cubes": [
            {
              "origin": [
                -8.91299,
                12.06626,
                0.03878
              ],
              "size": [
                1.0,
                2.0,
                3.0
              ],
              "pivot": [
                -7.41299,
                24.06626,
                1.53878
              ],
              "rotation": [
                -50.0,
                0.0,
                0.0
              ],
              "uv": [
                71,
                33
              ],
              "inflate": 0
            },
            {
              "origin": [
                -8.91299,
                14.06626,
                0.03878
              ],
              "size": [
                3.0,
                2.0,
                3.0
              ],
              "pivot": [
                -7.41299,
                24.06626,
                1.53878
              ],
              "rotation": [
                -50.0,
                0.0,
                0.0
              ],
              "uv": [
                32,
                52
              ],
              "inflate": 0
            },
            {
              "origin": [
                -6.91299,
                16.35281,
                -6.90724
              ],
              "size": [
                1.0,
                2.0,
                1.0
              ],
              "pivot": [
                -6.41299,
                18.76164,
                -6.5305
              ],
              "rotation": [
                -65.14958,
                -1.67775,
                -2.68095
              ],
              "uv": [
                10,
                0
              ],
              "inflate": 0
            }
          ],
          "parent": "bone4",
          "rotation": [
            -28.07555,
            -11.0311,
            -19.7339
          ]
        },
        {
          "name": "Hand2",
          "pivot": [
            6,
            30.16667,
            0.83333
          ],
          "cubes": [
            {
              "origin": [
                6.0,
                24.0,
                -1.0
              ],
              "size": [
                3.0,
                8.0,
                4.0
              ],
              "uv": [
                0,
                0
              ],
              "inflate": 0
            }
          ],
          "parent": "Handcontroll",
          "rotation": [
            -5,
            0,
            -22.5
          ]
        },
        {
          "name": "bone5",
          "pivot": [
            7.5,
            24,
            1.5
          ],
          "cubes": [
            {
              "origin": [
                6.0,
                16.0,
                0.0
              ],
              "size": [
                3.0,
                9.0,
                3.0
              ],
              "pivot": [
                7.5,
                24.0,
                1.5
              ],
              "rotation": [
                -50.0,
                0.0,
                0.0
              ],
              "uv": [
                23,
                79
              ],
              "inflate": 0
            }
          ],
          "parent": "Hand2",
          "rotation": [
            -17.34557,
            -0.13682,
            57.90226
          ]
        },
        {
          "name": "bone2",
          "pivot": [
            7.5,
            18.66667,
            -3.83333
          ],
          "cubes": [
            {
              "origin": [
                8.0,
                12.0,
                0.0
              ],
              "size": [
                1.0,
                2.0,
                3.0
              ],
              "pivot": [
                7.5,
                24.0,
                1.5
              ],
              "rotation": [
                -50.0,
                0.0,
                0.0
              ],
              "uv": [
                58,
                26
              ],
              "inflate": 0
            },
            {
              "origin": [
                6.0,
                14.0,
                0.0
              ],
              "size": [
                3.0,
                2.0,
                3.0
              ],
              "pivot": [
                7.5,
                24.0,
                1.5
              ],
              "rotation": [
                -50.0,
                0.0,
                0.0
              ],
              "uv": [
                42,
                8
              ],
              "inflate": 0
            },
            {
              "origin": [
                6.0,
                15.92934,
                -7.71206
              ],
              "size": [
                1.0,
                2.0,
                1.0
              ],
              "pivot": [
                6.5,
                17.69538,
                -6.56928
              ],
              "rotation": [
                -48.2367,
                15.18892,
                13.16783
              ],
              "uv": [
                0,
                0
              ],
              "inflate": 0
            }
          ],
          "parent": "bone5",
          "rotation": [
            5.13237,
            -0.41245,
            33.24667
          ]
        },
        {
          "name": "Artitat",
          "pivot": [
            0.59091,
            23.13636,
            -12.36364
          ],
          "cubes": [
            {
              "origin": [
                -7.0,
                23.0,
                -19.0
              ],
              "size": [
                1.0,
                1.0,
                14.0
              ],
              "uv": [
                16,
                37
              ],
              "inflate": 0
            },
            {
              "origin": [
                -6.0,
                23.0,
                -19.0
              ],
              "size": [
                12.0,
                1.0,
                1.0
              ],
              "uv": [
                10,
                67
              ],
              "inflate": 0
            },
            {
              "origin": [
                6.0,
                23.0,
                -19.0
              ],
              "size": [
                1.0,
                1.0,
                14.0
              ],
              "uv": [
                0,
                35
              ],
              "inflate": 0
            },
            {
              "origin": [
                -6.0,
                23.0,
                -6.0
              ],
              "size": [
                12.0,
                1.0,
                1.0
              ],
              "uv": [
                36,
                24
              ],
              "inflate": 0
            },
            {
              "origin": [
                -5.0,
                23.0,
                -16.0
              ],
              "size": [
                4.0,
                2.0,
                4.0
              ],
              "uv": [
                30,
                15
              ],
              "inflate": 0
            },
            {
              "origin": [
                3.0,
                23.0,
                -11.0
              ],
              "size": [
                2.0,
                1.0,
                2.0
              ],
              "uv": [
                66,
                33
              ],
              "inflate": 0
            },
            {
              "origin": [
                2.0,
                23.0,
                -13.0
              ],
              "size": [
                2.0,
                1.0,
                2.0
              ],
              "uv": [
                38,
                62
              ],
              "inflate": 0
            },
            {
              "origin": [
                0.0,
                23.0,
                -12.0
              ],
              "size": [
                2.0,
                1.0,
                2.0
              ],
              "uv": [
                42,
                15
              ],
              "inflate": 0
            },
            {
              "origin": [
                3.0,
                23.0,
                -15.0
              ],
              "size": [
                1.0,
                8.0,
                0.0
              ],
              "uv": [
                42,
                37
              ],
              "inflate": 0
            },
            {
              "origin": [
                4.0,
                23.0,
                -15.0
              ],
              "size": [
                1.0,
                8.0,
                0.0
              ],
              "uv": [
                42,
                37
              ],
              "inflate": 0
            },
            {
              "origin": [
                4.0,
                23.0,
                -16.0
              ],
              "size": [
                1.0,
                8.0,
                0.0
              ],
              "uv": [
                42,
                37
              ],
              "inflate": 0
            },
            {
              "origin": [
                3.0,
                23.0,
                -16.0
              ],
              "size": [
                1.0,
                8.0,
                0.0
              ],
              "uv": [
                42,
                37
              ],
              "inflate": 0
            },
            {
              "origin": [
                -5.0,
                25.0,
                -14.0
              ],
              "size": [
                4.0,
                5.0,
                0.0
              ],
              "uv": [
                38,
                57
              ],
              "inflate": 0
            },
            {
              "origin": [
                -7.0,
                22.0,
                -19.0
              ],
              "size": [
                14.0,
                1.0,
                14.0
              ],
              "uv": [
                0,
                0
              ],
              "inflate": 0
            }
          ],
          "parent": "Handcontroll"
        },
        {
          "name": "Legs",
          "pivot": [
            0,
            19,
            0
          ],
          "parent": "Man"
        },
        {
          "name": "bone3",
          "pivot": [
            -4,
            8.5,
            2.71429
          ],
          "cubes": [
            {
              "origin": [
                -6.0,
                7.0,
                -3.0
              ],
              "size": [
                4.0,
                11.0,
                7.0
              ],
              "uv": [
                56,
                55
              ],
              "inflate": 0
            },
            {
              "origin": [
                2.0,
                7.0,
                -3.0
              ],
              "size": [
                4.0,
                11.0,
                7.0
              ],
              "uv": [
                56,
                37
              ],
              "inflate": 0
            },
            {
              "origin": [
                -6.0,
                18.0,
                -3.0
              ],
              "size": [
                12.0,
                1.0,
                7.0
              ],
              "uv": [
                0,
                27
              ],
              "inflate": 0
            },
            {
              "origin": [
                -1.0,
                7.0,
                4.0
              ],
              "size": [
                2.0,
                11.0,
                3.0
              ],
              "pivot": [
                0.0,
                17.5,
                3.5
              ],
              "rotation": [
                -17.5,
                0.0,
                0.0
              ],
              "uv": [
                32,
                37
              ],
              "inflate": 0
            },
            {
              "origin": [
                -1.0,
                7.0,
                4.0
              ],
              "size": [
                2.0,
                11.0,
                3.0
              ],
              "pivot": [
                0.0,
                17.5,
                3.5
              ],
              "rotation": [
                2.5,
                0.0,
                0.0
              ],
              "uv": [
                16,
                35
              ],
              "inflate": 0
            },
            {
              "origin": [
                -2.0,
                7.0,
                -2.0
              ],
              "size": [
                4.0,
                11.0,
                6.0
              ],
              "uv": [
                32,
                65
              ],
              "inflate": 0
            }
          ],
          "parent": "Legs"
        },
        {
          "name": "Leg1",
          "pivot": [
            -3.5,
            15.25,
            -0.5
          ],
          "parent": "Legs"
        },
        {
          "name": "bone8",
          "pivot": [
            -3,
            9,
            0
          ],
          "cubes": [
            {
              "origin": [
                -5.0,
                0.0,
                -5.0
              ],
              "size": [
                4.0,
                1.0,
                8.0
              ],
              "uv": [
                64,
                0
              ],
              "inflate": 0
            },
            {
              "origin": [
                -5.30275,
                1.04566,
                -2.0
              ],
              "size": [
                4.0,
                7.0,
                4.0
              ],
              "pivot": [
                -3.12844,
                7.03805,
                0.0
              ],
              "rotation": [
                0.0,
                0.0,
                -5.0
              ],
              "uv": [
                10,
                69
              ],
              "inflate": 0
            }
          ],
          "parent": "Leg1"
        },
        {
          "name": "Leg2",
          "pivot": [
            3.5,
            15.25,
            -0.5
          ],
          "parent": "Legs"
        },
        {
          "name": "bone9",
          "pivot": [
            3.23853,
            8.77664,
            -0.5
          ],
          "cubes": [
            {
              "origin": [
                1.0,
                0.0,
                -5.0
              ],
              "size": [
                4.0,
                1.0,
                8.0
              ],
              "uv": [
                58,
                24
              ],
              "inflate": 0
            },
            {
              "origin": [
                1.47707,
                1.05327,
                -2.0
              ],
              "size": [
                4.0,
                6.0,
                4.0
              ],
              "pivot": [
                3.12844,
                9.03805,
                0.0
              ],
              "rotation": [
                0.0,
                0.0,
                5.0
              ],
              "uv": [
                70,
                74
              ],
              "inflate": 0
            }
          ],
          "parent": "Leg2"
        }
      ]
    }
  ]
}