{
  "format_version": "1.12.0",
  "minecraft:geometry": [
    {
      "description": {
        "identifier": "geometry.pa_bhagwa",
        "texture_width": 128,
        "texture_height": 128,
        "visible_bounds_width": 2,
        "visible_bounds_height": 4.5,
        "visible_bounds_offset": [
          0,
          1.75,
          0
        ]
      },
      "bones": [
        {
          "name": "Bhagwa"
        },
        {
          "name": "Base",
          "cubes": [
            {
              "origin": [
                -8.0,
                0.0,
                -8.0
              ],
              "size": [
                16.0,
                1.0,
                16.0
              ],
              "uv": [
                0,
                0
              ],
              "inflate": 0
            },
            {
              "origin": [
                -7.0,
                1.0,
                -7.0
              ],
              "size": [
                14.0,
                1.0,
                14.0
              ],
              "uv": [
                0,
                17
              ],
              "inflate": 0
            },
            {
              "origin": [
                -2.0,
                2.0,
                -2.0
              ],
              "size": [
                4.0,
                7.0,
                4.0
              ],
              "uv": [
                0,
                0
              ],
              "inflate": 0
            },
            {
              "origin": [
                -1.0,
                9.0,
                -1.0
              ],
              "size": [
                2.0,
                41.0,
                2.0
              ],
              "uv": [
                0,
                32
              ],
              "inflate": 0
            },
            {
              "origin": [
                -2.0,
                50.0,
                -2.0
              ],
              "size": [
                4.0,
                1.0,
                4.0
              ],
              "uv": [
                0,
                11
              ],
              "inflate": 0
            },
            {
              "origin": [
                -1.0,
                51.0,
                -1.0
              ],
              "size": [
                2.0,
                1.0,
                2.0
              ],
              "uv": [
                36,
                36
              ],
              "inflate": 0
            }
          ],
          "parent": "Bhagwa"
        },
        {
          "name": "Flag",
          "pivot": [
            1,
            44,
            0
          ],
          "parent": "Bhagwa"
        },
        {
          "name": "F13",
          "pivot": [
            16,
            3,
            0
          ],
          "cubes": [
            {
              "origin": [
                17.0,
                48.0,
                0.0
              ],
              "size": [
                2.0,
                2.0,
                1.0
              ],
              "uv": [
                42,
                17
              ],
              "inflate": 0
            }
          ],
          "parent": "Flag"
        },
        {
          "name": "F10",
          "pivot": [
            16,
            -7,
            0
          ],
          "cubes": [
            {
              "origin": [
                17.0,
                38.0,
                0.0
              ],
              "size": [
                2.0,
                2.0,
                1.0
              ],
              "uv": [
                42,
                20
              ],
              "inflate": 0
            }
          ],
          "parent": "Flag"
        },
        {
          "name": "F12",
          "pivot": [
            14,
            2,
            -1
          ],
          "cubes": [
            {
              "origin": [
                15.0,
                47.0,
                -1.0
              ],
              "size": [
                2.0,
                3.0,
                1.0
              ],
              "uv": [
                38,
                32
              ],
              "inflate": 0
            }
          ],
          "parent": "Flag"
        },
        {
          "name": "F9",
          "pivot": [
            14,
            -7,
            -1
          ],
          "cubes": [
            {
              "origin": [
                15.0,
                38.0,
                -1.0
              ],
              "size": [
                2.0,
                3.0,
                1.0
              ],
              "uv": [
                38,
                39
              ],
              "inflate": 0
            }
          ],
          "parent": "Flag"
        },
        {
          "name": "F11",
          "pivot": [
            12,
            1,
            0
          ],
          "cubes": [
            {
              "origin": [
                13.0,
                46.0,
                0.0
              ],
              "size": [
                2.0,
                4.0,
                1.0
              ],
              "uv": [
                26,
                38
              ],
              "inflate": 0
            }
          ],
          "parent": "Flag"
        },
        {
          "name": "F8",
          "pivot": [
            12,
            -7,
            0
          ],
          "cubes": [
            {
              "origin": [
                13.0,
                38.0,
                0.0
              ],
              "size": [
                2.0,
                4.0,
                1.0
              ],
              "uv": [
                32,
                39
              ],
              "inflate": 0
            }
          ],
          "parent": "Flag"
        },
        {
          "name": "F4",
          "pivot": [
            6,
            0,
            -1
          ],
          "cubes": [
            {
              "origin": [
                7.0,
                38.0,
                -1.0
              ],
              "size": [
                2.0,
                12.0,
                1.0
              ],
              "uv": [
                6,
                17
              ],
              "inflate": 0
            }
          ],
          "parent": "Flag"
        },
        {
          "name": "F7",
          "pivot": [
            10,
            -7,
            -1
          ],
          "cubes": [
            {
              "origin": [
                11.0,
                38.0,
                -1.0
              ],
              "size": [
                2.0,
                5.0,
                1.0
              ],
              "uv": [
                26,
                32
              ],
              "inflate": 0
            }
          ],
          "parent": "Flag"
        },
        {
          "name": "F6",
          "pivot": [
            10,
            0,
            -1
          ],
          "cubes": [
            {
              "origin": [
                11.0,
                45.0,
                -1.0
              ],
              "size": [
                2.0,
                5.0,
                1.0
              ],
              "uv": [
                32,
                32
              ],
              "inflate": 0
            }
          ],
          "parent": "Flag"
        },
        {
          "name": "F5",
          "pivot": [
            8,
            0,
            0
          ],
          "cubes": [
            {
              "origin": [
                9.0,
                38.0,
                0.0
              ],
              "size": [
                2.0,
                12.0,
                1.0
              ],
              "uv": [
                0,
                17
              ],
              "inflate": 0
            }
          ],
          "parent": "Flag"
        },
        {
          "name": "F3",
          "pivot": [
            4,
            0,
            0
          ],
          "cubes": [
            {
              "origin": [
                5.0,
                38.0,
                0.0
              ],
              "size": [
                2.0,
                12.0,
                1.0
              ],
              "uv": [
                8,
                32
              ],
              "inflate": 0
            }
          ],
          "parent": "Flag"
        },
        {
          "name": "F2",
          "pivot": [
            2,
            0,
            -1
          ],
          "cubes": [
            {
              "origin": [
                3.0,
                38.0,
                -1.0
              ],
              "size": [
                2.0,
                12.0,
                1.0
              ],
              "uv": [
                14,
                32
              ],
              "inflate": 0
            }
          ],
          "parent": "Flag"
        },
        {
          "name": "F1",
          "cubes": [
            {
              "origin": [
                1.0,
                38.0,
                0.0
              ],
              "size": [
                2.0,
                12.0,
                1.0
              ],
              "uv": [
                20,
                32
              ],
              "inflate": 0
            }
          ],
          "parent": "Flag"
        }
      ]
    }
  ]
}