{
  "format_version": "1.12.0",
  "minecraft:geometry": [
    {
      "description": {
        "identifier": "geometry.pa_flag_man",
        "texture_width": 128,
        "texture_height": 128,
        "visible_bounds_width": 9,
        "visible_bounds_height": 7,
        "visible_bounds_offset": [
          0,
          2.5,
          0
        ]
      },
      "bones": [
        {
          "name": "Man"
        },
        {
          "name": "Body",
          "pivot": [
            0,
            18,
            0
          ],
          "cubes": [
            {
              "origin": [
                -5.0,
                21.0,
                -3.0
              ],
              "size": [
                10.0,
                12.0,
                8.0
              ],
              "uv": [
                36,
                14
              ],
              "inflate": 0
            },
            {
              "origin": [
                -4.0,
                18.0,
                -2.0
              ],
              "size": [
                8.0,
                9.0,
                6.0
              ],
              "uv": [
                30,
                49
              ],
              "inflate": 0
            }
          ],
          "parent": "Man"
        },
        {
          "name": "Sadra",
          "pivot": [
            0,
            22,
            0
          ],
          "cubes": [
            {
              "origin": [
                -6.0,
                7.0,
                -3.0
              ],
              "size": [
                12.0,
                14.0,
                8.0
              ],
              "uv": [
                4,
                0
              ],
              "inflate": 0
            }
          ],
          "parent": "Body"
        },
        {
          "name": "Face",
          "pivot": [
            0,
            33,
            1
          ],
          "parent": "Body"
        },
        {
          "name": "Face1",
          "cubes": [
            {
              "origin": [
                -2.0,
                33.0,
                -1.0
              ],
              "size": [
                4.0,
                1.0,
                4.0
              ],
              "uv": [
                17,
                50
              ],
              "inflate": 0
            },
            {
              "origin": [
                -4.0,
                34.0,
                -2.0
              ],
              "size": [
                8.0,
                9.0,
                6.0
              ],
              "uv": [
                36,
                34
              ],
              "inflate": 0
            },
            {
              "origin": [
                -5.0,
                39.0,
                -2.0
              ],
              "size": [
                1.0,
                4.0,
                7.0
              ],
              "uv": [
                65,
                27
              ],
              "inflate": 0
            },
            {
              "origin": [
                -4.0,
                35.0,
                4.0
              ],
              "size": [
                8.0,
                8.0,
                1.0
              ],
              "uv": [
                50,
                65
              ],
              "inflate": 0
            },
            {
              "origin": [
                4.0,
                39.0,
                -2.0
              ],
              "size": [
                1.0,
                4.0,
                7.0
              ],
              "uv": [
                34,
                64
              ],
              "inflate": 0
            },
            {
              "origin": [
                4.0,
                35.0,
                -1.0
              ],
              "size": [
                1.0,
                4.0,
                6.0
              ],
              "uv": [
                70,
                62
              ],
              "inflate": 0
            },
            {
              "origin": [
                -5.0,
                35.0,
                -1.0
              ],
              "size": [
                1.0,
                4.0,
                6.0
              ],
              "uv": [
                62,
                68
              ],
              "inflate": 0
            },
            {
              "origin": [
                -4.0,
                43.0,
                -2.0
              ],
              "size": [
                8.0,
                1.0,
                7.0
              ],
              "uv": [
                36,
                0
              ],
              "inflate": 0
            },
            {
              "origin": [
                -4.0,
                41.0,
                -3.0
              ],
              "size": [
                8.0,
                3.0,
                1.0
              ],
              "uv": [
                44,
                8
              ],
              "inflate": 0
            }
          ],
          "parent": "Face"
        },
        {
          "name": "Handcontroll",
          "pivot": [
            0,
            33,
            0
          ],
          "parent": "Body"
        },
        {
          "name": "Hand1",
          "pivot": [
            -6,
            32.16667,
            0.83333
          ],
          "cubes": [
            {
              "origin": [
                -7.91299,
                24.06626,
                -0.96122
              ],
              "size": [
                3.0,
                8.0,
                4.0
              ],
              "uv": [
                21,
                22
              ],
              "inflate": 0
            }
          ],
          "parent": "Handcontroll",
          "rotation": [
            -44.48598,
            11.21752,
            -6.89871
          ]
        },
        {
          "name": "bone4",
          "pivot": [
            -6.41299,
            24.06626,
            1.53878
          ],
          "cubes": [
            {
              "origin": [
                -7.91299,
                16.06626,
                0.03878
              ],
              "size": [
                3.0,
                9.0,
                3.0
              ],
              "pivot": [
                -6.41299,
                24.06626,
                1.53878
              ],
              "rotation": [
                -50.0,
                0.0,
                0.0
              ],
              "uv": [
                66,
                50
              ],
              "inflate": 0
            }
          ],
          "parent": "Hand1",
          "rotation": [
            11.17023,
            -28.02432,
            -22.79588
          ]
        },
        {
          "name": "bone",
          "pivot": [
            -6.41299,
            18.73293,
            -3.79456
          ],
          "cubes": [
            {
              "origin": [
                -7.91299,
                12.06626,
                0.03878
              ],
              "size": [
                1.0,
                2.0,
                3.0
              ],
              "pivot": [
                -6.41299,
                24.06626,
                1.53878
              ],
              "rotation": [
                -50.0,
                0.0,
                0.0
              ],
              "uv": [
                59,
                0
              ],
              "inflate": 0
            },
            {
              "origin": [
                -7.91299,
                14.06626,
                0.03878
              ],
              "size": [
                3.0,
                2.0,
                3.0
              ],
              "pivot": [
                -6.41299,
                24.06626,
                1.53878
              ],
              "rotation": [
                -50.0,
                0.0,
                0.0
              ],
              "uv": [
                64,
                16
              ],
              "inflate": 0
            },
            {
              "origin": [
                -5.91299,
                16.35281,
                -6.90724
              ],
              "size": [
                1.0,
                2.0,
                1.0
              ],
              "pivot": [
                -5.41299,
                18.76164,
                -6.5305
              ],
              "rotation": [
                -65.14958,
                -1.67775,
                -2.68095
              ],
              "uv": [
                14,
                22
              ],
              "inflate": 0
            }
          ],
          "parent": "bone4",
          "rotation": [
            -0.41127,
            -33.2457,
            -28.89043
          ]
        },
        {
          "name": "Tal",
          "pivot": [
            -6,
            24,
            -16
          ],
          "cubes": [
            {
              "origin": [
                -7.0,
                2.0,
                -16.0
              ],
              "size": [
                1.0,
                67.0,
                1.0
              ],
              "uv": [
                0,
                0
              ],
              "inflate": 0
            },
            {
              "origin": [
                -7.0,
                56.0,
                -15.0
              ],
              "size": [
                1.0,
                13.0,
                15.0
              ],
              "uv": [
                4,
                22
              ],
              "inflate": 0
            },
            {
              "origin": [
                -7.0,
                64.0,
                0.0
              ],
              "size": [
                1.0,
                5.0,
                3.0
              ],
              "uv": [
                4,
                0
              ],
              "inflate": 0
            },
            {
              "origin": [
                -7.0,
                56.0,
                0.0
              ],
              "size": [
                1.0,
                5.0,
                3.0
              ],
              "uv": [
                4,
                0
              ],
              "inflate": 0
            },
            {
              "origin": [
                -7.0,
                56.0,
                3.0
              ],
              "size": [
                1.0,
                3.0,
                3.0
              ],
              "uv": [
                22,
                55
              ],
              "inflate": 0
            },
            {
              "origin": [
                -7.0,
                66.0,
                3.0
              ],
              "size": [
                1.0,
                3.0,
                3.0
              ],
              "uv": [
                22,
                55
              ],
              "inflate": 0
            },
            {
              "origin": [
                -7.0,
                67.0,
                6.0
              ],
              "size": [
                1.0,
                2.0,
                3.0
              ],
              "uv": [
                91,
                32
              ],
              "inflate": 0
            },
            {
              "origin": [
                -7.0,
                56.0,
                6.0
              ],
              "size": [
                1.0,
                2.0,
                3.0
              ],
              "uv": [
                99,
                62
              ],
              "inflate": 0
            }
          ],
          "parent": "bone",
          "rotation": [
            62.94153,
            30.66101,
            44.95208
          ]
        },
        {
          "name": "Hand2",
          "pivot": [
            5,
            31.16667,
            -0.16667
          ],
          "cubes": [
            {
              "origin": [
                5.0,
                25.0,
                -2.0
              ],
              "size": [
                3.0,
                8.0,
                4.0
              ],
              "uv": [
                4,
                22
              ],
              "inflate": 0
            }
          ],
          "parent": "Handcontroll",
          "rotation": [
            -42.2656,
            24.46664,
            -15.36018
          ]
        },
        {
          "name": "bone5",
          "pivot": [
            6.5,
            25,
            0.5
          ],
          "cubes": [
            {
              "origin": [
                5.0,
                17.0,
                -1.0
              ],
              "size": [
                3.0,
                9.0,
                3.0
              ],
              "pivot": [
                6.5,
                25.0,
                0.5
              ],
              "rotation": [
                -50.0,
                0.0,
                0.0
              ],
              "uv": [
                1,
                66
              ],
              "inflate": 0
            }
          ],
          "parent": "Hand2",
          "rotation": [
            -33.47002,
            3.68751,
            6.47755
          ]
        },
        {
          "name": "bone2",
          "pivot": [
            6.5,
            19.66667,
            -4.83333
          ],
          "cubes": [
            {
              "origin": [
                7.0,
                13.0,
                -1.0
              ],
              "size": [
                1.0,
                2.0,
                3.0
              ],
              "pivot": [
                6.5,
                25.0,
                0.5
              ],
              "rotation": [
                -50.0,
                0.0,
                0.0
              ],
              "uv": [
                58,
                35
              ],
              "inflate": 0
            },
            {
              "origin": [
                5.0,
                15.0,
                -1.0
              ],
              "size": [
                3.0,
                2.0,
                3.0
              ],
              "pivot": [
                6.5,
                25.0,
                0.5
              ],
              "rotation": [
                -50.0,
                0.0,
                0.0
              ],
              "uv": [
                52,
                50
              ],
              "inflate": 0
            },
            {
              "origin": [
                5.0,
                16.92934,
                -8.71206
              ],
              "size": [
                1.0,
                2.0,
                1.0
              ],
              "pivot": [
                5.5,
                18.69538,
                -7.56928
              ],
              "rotation": [
                -48.2367,
                15.18892,
                13.16783
              ],
              "uv": [
                4,
                22
              ],
              "inflate": 0
            }
          ],
          "parent": "bone5",
          "rotation": [
            12.68243,
            -5.5109,
            21.34545
          ]
        },
        {
          "name": "Legs",
          "pivot": [
            0,
            19,
            1
          ],
          "parent": "Man"
        },
        {
          "name": "bone3",
          "pivot": [
            -4,
            8.5,
            3.71429
          ],
          "parent": "Legs"
        },
        {
          "name": "Leg1",
          "pivot": [
            -3.5,
            17.25,
            0.5
          ],
          "cubes": [
            {
              "origin": [
                -5.5,
                7.25,
                -1.5
              ],
              "size": [
                4.0,
                11.0,
                5.0
              ],
              "uv": [
                4,
                50
              ],
              "inflate": 0
            }
          ],
          "parent": "Legs"
        },
        {
          "name": "bone8",
          "pivot": [
            -3,
            9,
            1
          ],
          "cubes": [
            {
              "origin": [
                -5.0,
                0.0,
                -4.0
              ],
              "size": [
                4.0,
                1.0,
                8.0
              ],
              "uv": [
                50,
                56
              ],
              "inflate": 0
            },
            {
              "origin": [
                -5.47706,
                1.05327,
                -1.0
              ],
              "size": [
                4.0,
                8.0,
                4.0
              ],
              "pivot": [
                -3.12844,
                9.03805,
                1.0
              ],
              "rotation": [
                0.0,
                0.0,
                -5.0
              ],
              "uv": [
                64,
                4
              ],
              "inflate": 0
            }
          ],
          "parent": "Leg1"
        },
        {
          "name": "Leg2",
          "pivot": [
            3.5,
            18.25,
            0.5
          ],
          "cubes": [
            {
              "origin": [
                1.5,
                7.25,
                -1.5
              ],
              "size": [
                4.0,
                11.0,
                5.0
              ],
              "uv": [
                4,
                50
              ],
              "inflate": 0
            }
          ],
          "parent": "Legs"
        },
        {
          "name": "bone9",
          "pivot": [
            3.23853,
            8.77664,
            0.5
          ],
          "cubes": [
            {
              "origin": [
                1.0,
                0.0,
                -4.0
              ],
              "size": [
                4.0,
                1.0,
                8.0
              ],
              "uv": [
                56,
                41
              ],
              "inflate": 0
            },
            {
              "origin": [
                1.47707,
                1.05327,
                -1.0
              ],
              "size": [
                4.0,
                8.0,
                4.0
              ],
              "pivot": [
                3.12844,
                9.03805,
                1.0
              ],
              "rotation": [
                0.0,
                0.0,
                5.0
              ],
              "uv": [
                18,
                62
              ],
              "inflate": 0
            }
          ],
          "parent": "Leg2"
        }
      ]
    }
  ]
}