{
  "format_version": "1.12.0",
  "minecraft:geometry": [
    {
      "description": {
        "identifier": "geometry.pa_flag_women",
        "texture_width": 128,
        "texture_height": 128,
        "visible_bounds_width": 9,
        "visible_bounds_height": 7,
        "visible_bounds_offset": [
          0,
          2.5,
          0
        ]
      },
      "bones": [
        {
          "name": "Man"
        },
        {
          "name": "Body",
          "pivot": [
            0,
            18,
            0
          ],
          "cubes": [
            {
              "origin": [
                -6.0,
                27.0,
                -3.0
              ],
              "size": [
                5.0,
                6.0,
                1.0
              ],
              "uv": [
                18,
                77
              ],
              "inflate": 0
            },
            {
              "origin": [
                -7.0,
                33.0,
                -3.0
              ],
              "size": [
                4.0,
                1.0,
                8.0
              ],
              "uv": [
                54,
                29
              ],
              "inflate": 0
            },
            {
              "origin": [
                -7.0,
                1.0,
                5.0
              ],
              "size": [
                4.0,
                33.0,
                1.0
              ],
              "uv": [
                22,
                28
              ],
              "inflate": 0
            },
            {
              "origin": [
                -4.0,
                20.0,
                -3.0
              ],
              "size": [
                5.0,
                7.0,
                1.0
              ],
              "uv": [
                6,
                77
              ],
              "inflate": 0
            },
            {
              "origin": [
                -4.0,
                18.0,
                -2.0
              ],
              "size": [
                8.0,
                3.0,
                6.0
              ],
              "uv": [
                32,
                52
              ],
              "inflate": 0
            },
            {
              "origin": [
                -5.0,
                27.0,
                -2.0
              ],
              "size": [
                10.0,
                6.0,
                7.0
              ],
              "uv": [
                21,
                0
              ],
              "inflate": 0
            },
            {
              "origin": [
                -4.0,
                18.0,
                -2.0
              ],
              "size": [
                8.0,
                9.0,
                6.0
              ],
              "uv": [
                32,
                37
              ],
              "inflate": 0
            }
          ],
          "parent": "Man"
        },
        {
          "name": "Sadra",
          "pivot": [
            0,
            22,
            0
          ],
          "parent": "Body"
        },
        {
          "name": "Face",
          "pivot": [
            0,
            33,
            1
          ],
          "parent": "Body"
        },
        {
          "name": "Face1",
          "cubes": [
            {
              "origin": [
                -2.0,
                33.0,
                -1.0
              ],
              "size": [
                4.0,
                1.0,
                4.0
              ],
              "uv": [
                54,
                38
              ],
              "inflate": 0
            },
            {
              "origin": [
                -4.0,
                34.0,
                -2.0
              ],
              "size": [
                8.0,
                9.0,
                6.0
              ],
              "uv": [
                32,
                22
              ],
              "inflate": 0
            },
            {
              "origin": [
                -5.0,
                39.0,
                -2.0
              ],
              "size": [
                1.0,
                4.0,
                7.0
              ],
              "uv": [
                15,
                66
              ],
              "inflate": 0
            },
            {
              "origin": [
                -4.0,
                35.0,
                4.0
              ],
              "size": [
                8.0,
                8.0,
                1.0
              ],
              "uv": [
                70,
                28
              ],
              "inflate": 0
            },
            {
              "origin": [
                4.0,
                39.0,
                -2.0
              ],
              "size": [
                1.0,
                4.0,
                7.0
              ],
              "uv": [
                44,
                65
              ],
              "inflate": 0
            },
            {
              "origin": [
                4.0,
                27.0,
                2.0
              ],
              "size": [
                2.0,
                12.0,
                3.0
              ],
              "uv": [
                73,
                53
              ],
              "inflate": 0
            },
            {
              "origin": [
                -6.0,
                27.0,
                2.0
              ],
              "size": [
                2.0,
                12.0,
                3.0
              ],
              "uv": [
                31,
                73
              ],
              "inflate": 0
            },
            {
              "origin": [
                -4.0,
                43.0,
                -2.0
              ],
              "size": [
                8.0,
                1.0,
                7.0
              ],
              "uv": [
                36,
                13
              ],
              "inflate": 0
            },
            {
              "origin": [
                -3.0,
                44.0,
                -2.0
              ],
              "size": [
                6.0,
                1.0,
                6.0
              ],
              "uv": [
                54,
                21
              ],
              "inflate": 0
            },
            {
              "origin": [
                -4.0,
                41.0,
                -3.0
              ],
              "size": [
                8.0,
                3.0,
                1.0
              ],
              "uv": [
                71,
                0
              ],
              "inflate": 0
            }
          ],
          "parent": "Face"
        },
        {
          "name": "bone6",
          "pivot": [
            0,
            43,
            5
          ],
          "cubes": [
            {
              "origin": [
                -4.0,
                17.0,
                5.0
              ],
              "size": [
                8.0,
                26.0,
                1.0
              ],
              "uv": [
                4,
                28
              ],
              "inflate": 0
            },
            {
              "origin": [
                -3.0,
                35.0,
                6.0
              ],
              "size": [
                6.0,
                6.0,
                1.0
              ],
              "uv": [
                41,
                76
              ],
              "inflate": 0
            },
            {
              "origin": [
                -2.5,
                35.5,
                7.0
              ],
              "size": [
                5.0,
                5.0,
                2.0
              ],
              "uv": [
                48,
                0
              ],
              "inflate": 0
            }
          ],
          "parent": "Face1"
        },
        {
          "name": "Handcontroll",
          "pivot": [
            0,
            33,
            0
          ],
          "parent": "Body"
        },
        {
          "name": "Hand1",
          "pivot": [
            -6,
            32.16667,
            0.83333
          ],
          "cubes": [
            {
              "origin": [
                -7.91299,
                24.06626,
                -0.96122
              ],
              "size": [
                3.0,
                8.0,
                4.0
              ],
              "uv": [
                69,
                68
              ],
              "inflate": 0
            }
          ],
          "parent": "Handcontroll",
          "rotation": [
            -44.48598,
            11.21752,
            -6.89871
          ]
        },
        {
          "name": "bone4",
          "pivot": [
            -6.41299,
            24.06626,
            1.53878
          ],
          "cubes": [
            {
              "origin": [
                -7.91299,
                16.06626,
                0.03878
              ],
              "size": [
                3.0,
                9.0,
                3.0
              ],
              "pivot": [
                -6.41299,
                24.06626,
                1.53878
              ],
              "rotation": [
                -50.0,
                0.0,
                0.0
              ],
              "uv": [
                57,
                73
              ],
              "inflate": 0
            }
          ],
          "parent": "Hand1",
          "rotation": [
            11.17023,
            -28.02432,
            -22.79588
          ]
        },
        {
          "name": "bone",
          "pivot": [
            -6.41299,
            18.73293,
            -3.79456
          ],
          "cubes": [
            {
              "origin": [
                -7.91299,
                12.06626,
                0.03878
              ],
              "size": [
                1.0,
                2.0,
                3.0
              ],
              "pivot": [
                -6.41299,
                24.06626,
                1.53878
              ],
              "rotation": [
                -50.0,
                0.0,
                0.0
              ],
              "uv": [
                82,
                11
              ],
              "inflate": 0
            },
            {
              "origin": [
                -7.91299,
                14.06626,
                0.03878
              ],
              "size": [
                3.0,
                2.0,
                3.0
              ],
              "pivot": [
                -6.41299,
                24.06626,
                1.53878
              ],
              "rotation": [
                -50.0,
                0.0,
                0.0
              ],
              "uv": [
                78,
                6
              ],
              "inflate": 0
            },
            {
              "origin": [
                -5.91299,
                16.35281,
                -6.90724
              ],
              "size": [
                1.0,
                2.0,
                1.0
              ],
              "pivot": [
                -5.41299,
                18.76164,
                -6.5305
              ],
              "rotation": [
                -65.14958,
                -1.67775,
                -2.68095
              ],
              "uv": [
                4,
                12
              ],
              "inflate": 0
            }
          ],
          "parent": "bone4",
          "rotation": [
            -0.41127,
            -33.2457,
            -28.89043
          ]
        },
        {
          "name": "Tal",
          "pivot": [
            -6,
            24,
            -16
          ],
          "cubes": [
            {
              "origin": [
                -7.0,
                2.0,
                -16.0
              ],
              "size": [
                1.0,
                67.0,
                1.0
              ],
              "uv": [
                0,
                0
              ],
              "inflate": 0
            },
            {
              "origin": [
                -7.0,
                56.0,
                -15.0
              ],
              "size": [
                1.0,
                13.0,
                15.0
              ],
              "uv": [
                4,
                0
              ],
              "inflate": 0
            },
            {
              "origin": [
                -7.0,
                64.0,
                0.0
              ],
              "size": [
                1.0,
                5.0,
                3.0
              ],
              "uv": [
                69,
                80
              ],
              "inflate": 0
            },
            {
              "origin": [
                -7.0,
                56.0,
                0.0
              ],
              "size": [
                1.0,
                5.0,
                3.0
              ],
              "uv": [
                80,
                47
              ],
              "inflate": 0
            },
            {
              "origin": [
                -7.0,
                56.0,
                3.0
              ],
              "size": [
                1.0,
                3.0,
                3.0
              ],
              "uv": [
                80,
                65
              ],
              "inflate": 0
            },
            {
              "origin": [
                -7.0,
                66.0,
                3.0
              ],
              "size": [
                1.0,
                3.0,
                3.0
              ],
              "uv": [
                6,
                71
              ],
              "inflate": 0
            },
            {
              "origin": [
                -7.0,
                67.0,
                6.0
              ],
              "size": [
                1.0,
                2.0,
                3.0
              ],
              "uv": [
                81,
                23
              ],
              "inflate": 0
            },
            {
              "origin": [
                -7.0,
                56.0,
                6.0
              ],
              "size": [
                1.0,
                2.0,
                3.0
              ],
              "uv": [
                81,
                18
              ],
              "inflate": 0
            }
          ],
          "parent": "bone",
          "rotation": [
            62.94153,
            30.66101,
            44.95208
          ]
        },
        {
          "name": "Hand2",
          "pivot": [
            5,
            31.16667,
            -0.16667
          ],
          "cubes": [
            {
              "origin": [
                5.0,
                25.0,
                -2.0
              ],
              "size": [
                3.0,
                8.0,
                4.0
              ],
              "uv": [
                4,
                0
              ],
              "inflate": 0
            }
          ],
          "parent": "Handcontroll",
          "rotation": [
            -42.2656,
            24.46664,
            -15.36018
          ]
        },
        {
          "name": "bone5",
          "pivot": [
            6.5,
            25,
            0.5
          ],
          "cubes": [
            {
              "origin": [
                5.0,
                17.0,
                -1.0
              ],
              "size": [
                3.0,
                9.0,
                3.0
              ],
              "pivot": [
                6.5,
                25.0,
                0.5
              ],
              "rotation": [
                -50.0,
                0.0,
                0.0
              ],
              "uv": [
                70,
                38
              ],
              "inflate": 0
            }
          ],
          "parent": "Hand2",
          "rotation": [
            -33.47002,
            3.68751,
            6.47755
          ]
        },
        {
          "name": "bone2",
          "pivot": [
            6.5,
            19.66667,
            -4.83333
          ],
          "cubes": [
            {
              "origin": [
                7.0,
                13.0,
                -1.0
              ],
              "size": [
                1.0,
                2.0,
                3.0
              ],
              "pivot": [
                6.5,
                25.0,
                0.5
              ],
              "rotation": [
                -50.0,
                0.0,
                0.0
              ],
              "uv": [
                77,
                80
              ],
              "inflate": 0
            },
            {
              "origin": [
                5.0,
                15.0,
                -1.0
              ],
              "size": [
                3.0,
                2.0,
                3.0
              ],
              "pivot": [
                6.5,
                25.0,
                0.5
              ],
              "rotation": [
                -50.0,
                0.0,
                0.0
              ],
              "uv": [
                72,
                21
              ],
              "inflate": 0
            },
            {
              "origin": [
                5.0,
                16.92934,
                -8.71206
              ],
              "size": [
                1.0,
                2.0,
                1.0
              ],
              "pivot": [
                5.5,
                18.69538,
                -7.56928
              ],
              "rotation": [
                -48.2367,
                15.18892,
                13.16783
              ],
              "uv": [
                4,
                0
              ],
              "inflate": 0
            }
          ],
          "parent": "bone5",
          "rotation": [
            12.68243,
            -5.5109,
            21.34545
          ]
        },
        {
          "name": "Legs",
          "pivot": [
            0,
            19,
            1
          ],
          "parent": "Man"
        },
        {
          "name": "bone3",
          "pivot": [
            0,
            17.5,
            1.71429
          ],
          "cubes": [
            {
              "origin": [
                -1.0,
                -0.5,
                1.71429
              ],
              "size": [
                2.0,
                19.0,
                1.0
              ],
              "uv": [
                0,
                71
              ],
              "inflate": 0
            }
          ],
          "parent": "Legs"
        },
        {
          "name": "Leg1",
          "pivot": [
            -2,
            17.25,
            0.5
          ],
          "cubes": [
            {
              "origin": [
                -4.0,
                7.25,
                -1.5
              ],
              "size": [
                4.0,
                11.0,
                5.0
              ],
              "uv": [
                55,
                56
              ],
              "inflate": 0
            }
          ],
          "parent": "Legs"
        },
        {
          "name": "bone8",
          "pivot": [
            -1.5,
            9,
            1
          ],
          "cubes": [
            {
              "origin": [
                -3.5,
                0.0,
                -4.0
              ],
              "size": [
                4.0,
                1.0,
                8.0
              ],
              "uv": [
                55,
                0
              ],
              "inflate": 0
            },
            {
              "origin": [
                -3.97706,
                1.05327,
                -1.0
              ],
              "size": [
                4.0,
                8.0,
                4.0
              ],
              "pivot": [
                -1.62844,
                9.03805,
                1.0
              ],
              "rotation": [
                0.0,
                0.0,
                -5.0
              ],
              "uv": [
                66,
                9
              ],
              "inflate": 0
            }
          ],
          "parent": "Leg1"
        },
        {
          "name": "Leg2",
          "pivot": [
            2,
            18.25,
            0.5
          ],
          "cubes": [
            {
              "origin": [
                0.0,
                7.25,
                -1.5
              ],
              "size": [
                4.0,
                11.0,
                5.0
              ],
              "uv": [
                4,
                55
              ],
              "inflate": 0
            }
          ],
          "parent": "Legs"
        },
        {
          "name": "bone9",
          "pivot": [
            1.73853,
            8.77664,
            0.5
          ],
          "cubes": [
            {
              "origin": [
                -0.5,
                0.0,
                -4.0
              ],
              "size": [
                4.0,
                1.0,
                8.0
              ],
              "uv": [
                54,
                44
              ],
              "inflate": 0
            },
            {
              "origin": [
                -0.02293,
                1.05327,
                -1.0
              ],
              "size": [
                4.0,
                8.0,
                4.0
              ],
              "pivot": [
                1.62844,
                9.03805,
                1.0
              ],
              "rotation": [
                0.0,
                0.0,
                5.0
              ],
              "uv": [
                28,
                61
              ],
              "inflate": 0
            }
          ],
          "parent": "Leg2"
        }
      ]
    }
  ]
}