{
  "format_version": "1.12.0",
  "minecraft:geometry": [
    {
      "description": {
        "identifier": "geometry.pa_ganesh",
        "texture_width": 128,
        "texture_height": 128,
        "visible_bounds_width": 3,
        "visible_bounds_height": 4,
        "visible_bounds_offset": [
          0,
          1,
          0
        ]
      },
      "bones": [
        {
          "name": "Facetop",
          "pivot": [
            0,
            1,
            1
          ],
          "cubes": [
            {
              "origin": [
                -1.0,
                22.0,
                0.0
              ],
              "size": [
                1.0,
                1.0,
                1.0
              ],
              "uv": [
                26,
                17
              ],
              "inflate": 0
            },
            {
              "origin": [
                0.0,
                22.0,
                -1.0
              ],
              "size": [
                1.0,
                1.0,
                3.0
              ],
              "uv": [
                8,
                51
              ],
              "inflate": 0
            },
            {
              "origin": [
                0.0,
                23.0,
                0.0
              ],
              "size": [
                1.0,
                1.0,
                1.0
              ],
              "uv": [
                18,
                25
              ],
              "inflate": 0
            },
            {
              "origin": [
                2.0,
                21.0,
                -1.0
              ],
              "size": [
                1.0,
                3.0,
                3.0
              ],
              "uv": [
                8,
                57
              ],
              "inflate": 0
            },
            {
              "origin": [
                2.0,
                21.0,
                2.0
              ],
              "size": [
                1.0,
                2.0,
                1.0
              ],
              "uv": [
                11,
                0
              ],
              "inflate": 0
            },
            {
              "origin": [
                2.0,
                24.0,
                0.0
              ],
              "size": [
                1.0,
                1.0,
                1.0
              ],
              "uv": [
                18,
                23
              ],
              "inflate": 0
            },
            {
              "origin": [
                2.0,
                21.0,
                -2.0
              ],
              "size": [
                1.0,
                2.0,
                1.0
              ],
              "uv": [
                0,
                0
              ],
              "inflate": 0
            },
            {
              "origin": [
                -1.0,
                21.0,
                -1.0
              ],
              "size": [
                3.0,
                1.0,
                3.0
              ],
              "uv": [
                33,
                54
              ],
              "inflate": 0
            }
          ]
        },
        {
          "name": "Handtopl",
          "pivot": [
            0,
            0,
            2
          ],
          "cubes": [
            {
              "origin": [
                1.0,
                11.0,
                11.0
              ],
              "size": [
                2.0,
                2.0,
                4.0
              ],
              "pivot": [
                0.0,
                0.0,
                2.0
              ],
              "rotation": [
                30.0,
                0.0,
                0.0
              ],
              "uv": [
                12,
                51
              ],
              "inflate": 0
            },
            {
              "origin": [
                1.0,
                16.0,
                6.0
              ],
              "size": [
                2.0,
                4.0,
                2.0
              ],
              "uv": [
                0,
                57
              ],
              "inflate": 0
            },
            {
              "origin": [
                2.0,
                20.0,
                7.0
              ],
              "size": [
                1.0,
                1.0,
                1.0
              ],
              "uv": [
                18,
                19
              ],
              "inflate": 0
            },
            {
              "origin": [
                1.0,
                21.0,
                6.0
              ],
              "size": [
                3.0,
                1.0,
                3.0
              ],
              "uv": [
                54,
                55
              ],
              "inflate": 0
            },
            {
              "origin": [
                0.0,
                21.0,
                7.0
              ],
              "size": [
                1.0,
                1.0,
                1.0
              ],
              "uv": [
                18,
                17
              ],
              "inflate": 0
            },
            {
              "origin": [
                2.0,
                21.0,
                9.0
              ],
              "size": [
                1.0,
                1.0,
                1.0
              ],
              "uv": [
                12,
                13
              ],
              "inflate": 0
            },
            {
              "origin": [
                4.0,
                21.0,
                7.0
              ],
              "size": [
                1.0,
                1.0,
                1.0
              ],
              "uv": [
                11,
                3
              ],
              "inflate": 0
            },
            {
              "origin": [
                2.0,
                21.0,
                5.0
              ],
              "size": [
                1.0,
                1.0,
                1.0
              ],
              "uv": [
                0,
                3
              ],
              "inflate": 0
            }
          ]
        },
        {
          "name": "Handtopr",
          "pivot": [
            0,
            0,
            0
          ],
          "cubes": [
            {
              "origin": [
                1.0,
                12.0,
                -12.0
              ],
              "size": [
                2.0,
                2.0,
                4.0
              ],
              "pivot": [
                0.0,
                0.0,
                0.0
              ],
              "rotation": [
                -22.5,
                0.0,
                0.0
              ],
              "uv": [
                0,
                51
              ],
              "inflate": 0
            },
            {
              "origin": [
                1.0,
                16.0,
                -7.0
              ],
              "size": [
                2.0,
                4.0,
                2.0
              ],
              "uv": [
                34,
                39
              ],
              "inflate": 0
            },
            {
              "origin": [
                3.0,
                8.0,
                -18.0
              ],
              "size": [
                1.0,
                8.0,
                1.0
              ],
              "pivot": [
                0.0,
                0.0,
                0.0
              ],
              "rotation": [
                -37.5,
                0.0,
                -2.5
              ],
              "uv": [
                16,
                57
              ],
              "inflate": 0
            },
            {
              "origin": [
                2.0,
                21.0,
                -8.0
              ],
              "size": [
                1.0,
                3.0,
                3.0
              ],
              "uv": [
                8,
                17
              ],
              "inflate": 0
            }
          ]
        },
        {
          "name": "Background",
          "pivot": [
            0,
            0,
            0
          ],
          "cubes": [
            {
              "origin": [
                6.0,
                9.0,
                -8.0
              ],
              "size": [
                1.0,
                18.0,
                16.0
              ],
              "uv": [
                0,
                17
              ],
              "inflate": 0
            },
            {
              "origin": [
                6.0,
                27.0,
                -6.0
              ],
              "size": [
                1.0,
                1.0,
                12.0
              ],
              "uv": [
                18,
                17
              ],
              "inflate": 0
            },
            {
              "origin": [
                6.0,
                28.0,
                -4.0
              ],
              "size": [
                1.0,
                1.0,
                8.0
              ],
              "uv": [
                34,
                39
              ],
              "inflate": 0
            },
            {
              "origin": [
                6.0,
                29.0,
                -2.0
              ],
              "size": [
                1.0,
                1.0,
                4.0
              ],
              "uv": [
                56,
                10
              ],
              "inflate": 0
            }
          ]
        },
        {
          "name": "Base",
          "pivot": [
            0,
            0,
            0
          ],
          "cubes": [
            {
              "origin": [
                -8.0,
                0.0,
                -8.0
              ],
              "size": [
                16.0,
                1.0,
                16.0
              ],
              "uv": [
                0,
                0
              ],
              "inflate": 0
            },
            {
              "origin": [
                0.0,
                9.0,
                4.0
              ],
              "size": [
                5.0,
                3.0,
                3.0
              ],
              "uv": [
                31,
                48
              ],
              "inflate": 0
            },
            {
              "origin": [
                0.0,
                9.0,
                -7.0
              ],
              "size": [
                4.0,
                3.0,
                3.0
              ],
              "uv": [
                47,
                48
              ],
              "inflate": 0
            },
            {
              "origin": [
                -1.0,
                1.0,
                -7.0
              ],
              "size": [
                8.0,
                8.0,
                14.0
              ],
              "uv": [
                34,
                17
              ],
              "inflate": 0
            },
            {
              "origin": [
                -6.0,
                1.0,
                -1.0
              ],
              "size": [
                4.0,
                2.0,
                4.0
              ],
              "uv": [
                44,
                39
              ],
              "inflate": 0
            }
          ]
        },
        {
          "name": "Body",
          "pivot": [
            0,
            0,
            0
          ],
          "cubes": [
            {
              "origin": [
                -1.0,
                9.0,
                -2.0
              ],
              "size": [
                3.0,
                8.0,
                5.0
              ],
              "uv": [
                0,
                0
              ],
              "inflate": 0
            }
          ]
        },
        {
          "name": "Legs",
          "pivot": [
            0,
            0,
            0
          ],
          "cubes": [
            {
              "origin": [
                -3.0,
                -1.0,
                -5.0
              ],
              "size": [
                3.0,
                11.0,
                3.0
              ],
              "pivot": [
                0.0,
                0.0,
                0.0
              ],
              "rotation": [
                -35.0,
                0.0,
                0.0
              ],
              "uv": [
                48,
                0
              ],
              "inflate": 0
            },
            {
              "origin": [
                -4.0,
                3.0,
                1.0
              ],
              "size": [
                4.0,
                8.0,
                3.0
              ],
              "pivot": [
                0.0,
                0.0,
                0.0
              ],
              "rotation": [
                22.5,
                0.0,
                0.0
              ],
              "uv": [
                32,
                17
              ],
              "inflate": 0
            },
            {
              "origin": [
                -5.0,
                1.0,
                -5.0
              ],
              "size": [
                5.0,
                1.0,
                2.0
              ],
              "uv": [
                0,
                13
              ],
              "inflate": 0
            },
            {
              "origin": [
                -5.0,
                3.0,
                0.0
              ],
              "size": [
                3.0,
                1.0,
                2.0
              ],
              "uv": [
                0,
                30
              ],
              "inflate": 0
            },
            {
              "origin": [
                -2.0,
                2.0,
                -2.0
              ],
              "size": [
                1.0,
                7.0,
                6.0
              ],
              "uv": [
                0,
                17
              ],
              "inflate": 0
            }
          ]
        },
        {
          "name": "Handbottoml",
          "pivot": [
            0,
            0,
            2
          ],
          "cubes": [
            {
              "origin": [
                0.0,
                14.0,
                -4.0
              ],
              "size": [
                2.0,
                2.0,
                4.0
              ],
              "pivot": [
                0.0,
                0.0,
                2.0
              ],
              "rotation": [
                -25.0,
                0.0,
                0.0
              ],
              "uv": [
                18,
                23
              ],
              "inflate": 0
            },
            {
              "origin": [
                2.0,
                12.0,
                5.0
              ],
              "size": [
                4.0,
                2.0,
                2.0
              ],
              "pivot": [
                0.0,
                0.0,
                2.0
              ],
              "rotation": [
                0.0,
                0.0,
                -20.0
              ],
              "uv": [
                56,
                39
              ],
              "inflate": 0
            },
            {
              "origin": [
                -3.0,
                12.0,
                5.0
              ],
              "size": [
                1.0,
                3.0,
                2.0
              ],
              "uv": [
                31,
                58
              ],
              "inflate": 0
            }
          ]
        },
        {
          "name": "Handbottomr",
          "pivot": [
            0,
            0,
            0
          ],
          "cubes": [
            {
              "origin": [
                0.0,
                14.0,
                2.0
              ],
              "size": [
                2.0,
                2.0,
                4.0
              ],
              "pivot": [
                0.0,
                0.0,
                0.0
              ],
              "rotation": [
                28.0,
                0.0,
                0.0
              ],
              "uv": [
                18,
                17
              ],
              "inflate": 0
            },
            {
              "origin": [
                2.0,
                12.0,
                -6.0
              ],
              "size": [
                4.0,
                2.0,
                2.0
              ],
              "pivot": [
                0.0,
                0.0,
                0.0
              ],
              "rotation": [
                0.0,
                0.0,
                -20.0
              ],
              "uv": [
                45,
                54
              ],
              "inflate": 0
            },
            {
              "origin": [
                -3.0,
                11.0,
                -6.0
              ],
              "size": [
                1.0,
                3.0,
                2.0
              ],
              "uv": [
                0,
                17
              ],
              "inflate": 0
            }
          ]
        },
        {
          "name": "Facebase",
          "pivot": [
            0,
            0,
            1
          ],
          "cubes": [
            {
              "origin": [
                0.0,
                17.0,
                0.0
              ],
              "size": [
                1.0,
                1.0,
                1.0
              ],
              "uv": [
                26,
                23
              ],
              "inflate": 0
            },
            {
              "origin": [
                0.0,
                18.0,
                -3.0
              ],
              "size": [
                1.0,
                3.0,
                2.0
              ],
              "uv": [
                43,
                58
              ],
              "inflate": 0
            },
            {
              "origin": [
                0.0,
                18.0,
                2.0
              ],
              "size": [
                1.0,
                3.0,
                2.0
              ],
              "uv": [
                37,
                58
              ],
              "inflate": 0
            },
            {
              "origin": [
                -2.0,
                14.0,
                0.0
              ],
              "size": [
                1.0,
                5.0,
                1.0
              ],
              "uv": [
                58,
                45
              ],
              "inflate": 0
            },
            {
              "origin": [
                -2.0,
                14.0,
                -1.0
              ],
              "size": [
                1.0,
                1.0,
                1.0
              ],
              "uv": [
                26,
                19
              ],
              "inflate": 0
            },
            {
              "origin": [
                -1.0,
                18.0,
                -1.0
              ],
              "size": [
                3.0,
                3.0,
                3.0
              ],
              "uv": [
                21,
                54
              ],
              "inflate": 0
            }
          ]
        }
      ]
    }
  ]
}