{
  "format_version": "1.12.0",
  "minecraft:geometry": [
    {
      "description": {
        "identifier": "geometry.pa_kali",
        "texture_width": 128,
        "texture_height": 128,
        "visible_bounds_width": 4,
        "visible_bounds_height": 4,
        "visible_bounds_offset": [
          0,
          1,
          0
        ]
      },
      "bones": [
        {
          "name": "Mahakali"
        },
        {
          "name": "Leg1",
          "pivot": [
            0,
            10,
            4
          ],
          "parent": "Mahakali"
        },
        {
          "name": "bone",
          "pivot": [
            -0.5,
            11,
            4.5
          ],
          "cubes": [
            {
              "origin": [
                -2.0,
                5.0,
                3.0
              ],
              "size": [
                3.0,
                6.0,
                3.0
              ],
              "pivot": [
                -0.5,
                11.0,
                4.5
              ],
              "rotation": [
                -55.0,
                0.0,
                0.0
              ],
              "uv": [
                62,
                63
              ],
              "inflate": 0
            }
          ],
          "parent": "Leg1",
          "rotation": [
            2.5,
            0,
            0
          ]
        },
        {
          "name": "bone2",
          "pivot": [
            -0.5,
            9,
            0.5
          ],
          "cubes": [
            {
              "origin": [
                -2.0,
                3.0,
                -1.0
              ],
              "size": [
                3.0,
                6.0,
                3.0
              ],
              "uv": [
                44,
                63
              ],
              "inflate": 0
            },
            {
              "origin": [
                -2.0,
                3.0,
                -2.0
              ],
              "size": [
                3.0,
                1.0,
                1.0
              ],
              "uv": [
                45,
                41
              ],
              "inflate": 0
            }
          ],
          "parent": "Leg1"
        },
        {
          "name": "Leg2",
          "pivot": [
            3,
            10,
            5
          ],
          "parent": "Mahakali"
        },
        {
          "name": "bone3",
          "pivot": [
            2.5,
            11,
            4.5
          ],
          "cubes": [
            {
              "origin": [
                1.0,
                5.0,
                3.0
              ],
              "size": [
                3.0,
                6.0,
                3.0
              ],
              "uv": [
                63,
                41
              ],
              "inflate": 0
            }
          ],
          "parent": "Leg2",
          "rotation": [
            20,
            0,
            0
          ]
        },
        {
          "name": "bone5",
          "pivot": [
            2.5,
            6,
            6.5
          ],
          "cubes": [
            {
              "origin": [
                1.0,
                0.0,
                5.0
              ],
              "size": [
                3.0,
                6.0,
                3.0
              ],
              "uv": [
                63,
                23
              ],
              "inflate": 0
            },
            {
              "origin": [
                1.0,
                0.0,
                4.0
              ],
              "size": [
                3.0,
                1.0,
                1.0
              ],
              "uv": [
                30,
                45
              ],
              "inflate": 0
            }
          ],
          "parent": "Leg2"
        },
        {
          "name": "Body",
          "cubes": [
            {
              "origin": [
                -2.0,
                10.0,
                3.0
              ],
              "size": [
                6.0,
                4.0,
                3.0
              ],
              "uv": [
                48,
                31
              ],
              "inflate": 0
            },
            {
              "origin": [
                -1.0,
                12.0,
                2.0
              ],
              "size": [
                1.0,
                6.0,
                1.0
              ],
              "uv": [
                25,
                0
              ],
              "inflate": 0
            },
            {
              "origin": [
                2.0,
                12.0,
                2.0
              ],
              "size": [
                1.0,
                6.0,
                1.0
              ],
              "uv": [
                0,
                0
              ],
              "inflate": 0
            },
            {
              "origin": [
                2.0,
                18.0,
                2.0
              ],
              "size": [
                1.0,
                1.0,
                3.0
              ],
              "uv": [
                45,
                79
              ],
              "inflate": 0
            },
            {
              "origin": [
                -1.0,
                18.0,
                2.0
              ],
              "size": [
                1.0,
                1.0,
                3.0
              ],
              "uv": [
                37,
                79
              ],
              "inflate": 0
            },
            {
              "origin": [
                0.0,
                11.0,
                2.0
              ],
              "size": [
                2.0,
                1.0,
                1.0
              ],
              "uv": [
                0,
                43
              ],
              "inflate": 0
            },
            {
              "origin": [
                -3.0,
                14.0,
                3.0
              ],
              "size": [
                8.0,
                4.0,
                3.0
              ],
              "uv": [
                39,
                24
              ],
              "inflate": 0
            }
          ],
          "parent": "Mahakali"
        },
        {
          "name": "bone11",
          "pivot": [
            1,
            19,
            3
          ],
          "cubes": [
            {
              "origin": [
                -2.0,
                16.0,
                2.0
              ],
              "size": [
                1.0,
                1.0,
                1.0
              ],
              "uv": [
                60,
                58
              ],
              "inflate": 0
            },
            {
              "origin": [
                -2.0,
                13.0,
                2.0
              ],
              "size": [
                1.0,
                1.0,
                1.0
              ],
              "uv": [
                59,
                0
              ],
              "inflate": 0
            },
            {
              "origin": [
                3.0,
                13.0,
                2.0
              ],
              "size": [
                1.0,
                1.0,
                1.0
              ],
              "uv": [
                26,
                54
              ],
              "inflate": 0
            },
            {
              "origin": [
                2.0,
                10.0,
                2.0
              ],
              "size": [
                1.0,
                1.0,
                1.0
              ],
              "uv": [
                53,
                3
              ],
              "inflate": 0
            },
            {
              "origin": [
                -1.0,
                10.0,
                2.0
              ],
              "size": [
                1.0,
                1.0,
                1.0
              ],
              "uv": [
                49,
                17
              ],
              "inflate": 0
            },
            {
              "origin": [
                -3.0,
                14.0,
                1.0
              ],
              "size": [
                2.0,
                2.0,
                2.0
              ],
              "uv": [
                79,
                37
              ],
              "inflate": 0
            },
            {
              "origin": [
                -3.0,
                11.0,
                1.0
              ],
              "size": [
                2.0,
                2.0,
                2.0
              ],
              "uv": [
                8,
                79
              ],
              "inflate": 0
            },
            {
              "origin": [
                3.0,
                17.0,
                1.0
              ],
              "size": [
                2.0,
                2.0,
                2.0
              ],
              "uv": [
                32,
                78
              ],
              "inflate": 0
            },
            {
              "origin": [
                3.0,
                11.0,
                1.0
              ],
              "size": [
                2.0,
                2.0,
                2.0
              ],
              "uv": [
                0,
                78
              ],
              "inflate": 0
            },
            {
              "origin": [
                -3.0,
                17.0,
                1.0
              ],
              "size": [
                2.0,
                2.0,
                2.0
              ],
              "uv": [
                77,
                77
              ],
              "inflate": 0
            },
            {
              "origin": [
                3.0,
                14.0,
                1.0
              ],
              "size": [
                2.0,
                2.0,
                2.0
              ],
              "uv": [
                57,
                77
              ],
              "inflate": 0
            },
            {
              "origin": [
                3.0,
                16.0,
                2.0
              ],
              "size": [
                1.0,
                1.0,
                1.0
              ],
              "uv": [
                12,
                49
              ],
              "inflate": 0
            },
            {
              "origin": [
                0.0,
                8.0,
                1.0
              ],
              "size": [
                2.0,
                2.0,
                2.0
              ],
              "uv": [
                77,
                13
              ],
              "inflate": 0
            }
          ],
          "parent": "Body",
          "rotation": [
            -14.38881,
            -4.95863,
            -9.0445
          ]
        },
        {
          "name": "Hand1",
          "pivot": [
            -2,
            18,
            4
          ],
          "cubes": [
            {
              "origin": [
                -6.8507,
                14.31686,
                3.93025
              ],
              "size": [
                6.0,
                2.0,
                2.0
              ],
              "pivot": [
                -3.8507,
                15.31686,
                4.93025
              ],
              "rotation": [
                0.0,
                0.0,
                -35.0
              ],
              "uv": [
                16,
                69
              ],
              "inflate": 0
            }
          ],
          "parent": "Mahakali",
          "rotation": [
            -14.70731,
            -31.17606,
            16.03881
          ]
        },
        {
          "name": "bone4",
          "pivot": [
            -4.34281,
            13.1617,
            3.93025
          ],
          "cubes": [
            {
              "origin": [
                -8.46408,
                14.19241,
                4.93025
              ],
              "size": [
                2.0,
                6.0,
                0.0
              ],
              "pivot": [
                -7.46408,
                17.19241,
                4.93025
              ],
              "rotation": [
                0.0,
                0.0,
                -57.5
              ],
              "uv": [
                57,
                44
              ],
              "inflate": 0
            },
            {
              "origin": [
                -6.34281,
                12.1617,
                3.93025
              ],
              "size": [
                2.0,
                4.0,
                2.0
              ],
              "uv": [
                24,
                45
              ],
              "inflate": 0
            },
            {
              "origin": [
                -10.34281,
                18.1617,
                4.93025
              ],
              "size": [
                2.0,
                6.0,
                0.0
              ],
              "uv": [
                45,
                8
              ],
              "inflate": 0
            },
            {
              "origin": [
                -8.85531,
                22.41624,
                4.93025
              ],
              "size": [
                2.0,
                5.0,
                0.0
              ],
              "pivot": [
                -7.85531,
                24.91624,
                4.93025
              ],
              "rotation": [
                0.0,
                0.0,
                42.5
              ],
              "uv": [
                24,
                58
              ],
              "inflate": 0
            }
          ],
          "parent": "Hand1",
          "rotation": [
            0,
            0,
            -37.5
          ]
        },
        {
          "name": "Hand2",
          "pivot": [
            3,
            17,
            6
          ],
          "cubes": [
            {
              "origin": [
                3.51704,
                14.96742,
                4.0
              ],
              "size": [
                6.0,
                2.0,
                2.0
              ],
              "pivot": [
                9.50562,
                15.70595,
                5.0
              ],
              "rotation": [
                0.0,
                0.0,
                12.5
              ],
              "uv": [
                68,
                17
              ],
              "inflate": 0
            },
            {
              "origin": [
                9.50562,
                14.70595,
                4.0
              ],
              "size": [
                2.0,
                2.0,
                2.0
              ],
              "pivot": [
                6.50562,
                15.70595,
                5.0
              ],
              "rotation": [
                0.0,
                0.0,
                -5.0
              ],
              "uv": [
                71,
                75
              ],
              "inflate": 0
            },
            {
              "origin": [
                10.0,
                15.0,
                5.0
              ],
              "size": [
                1.0,
                1.0,
                1.0
              ],
              "uv": [
                12,
                42
              ],
              "inflate": 0
            },
            {
              "origin": [
                9.0,
                14.0,
                4.0
              ],
              "size": [
                3.0,
                1.0,
                3.0
              ],
              "uv": [
                72,
                21
              ],
              "inflate": 0
            },
            {
              "origin": [
                9.0,
                10.0,
                4.0
              ],
              "size": [
                3.0,
                4.0,
                2.0
              ],
              "uv": [
                0,
                72
              ],
              "inflate": 0
            },
            {
              "origin": [
                10.0,
                9.0,
                5.0
              ],
              "size": [
                1.0,
                1.0,
                1.0
              ],
              "uv": [
                34,
                40
              ],
              "inflate": 0
            },
            {
              "origin": [
                12.0,
                7.0,
                4.0
              ],
              "size": [
                1.0,
                7.0,
                2.0
              ],
              "uv": [
                26,
                73
              ],
              "inflate": 0
            },
            {
              "origin": [
                8.0,
                7.0,
                4.0
              ],
              "size": [
                1.0,
                7.0,
                2.0
              ],
              "uv": [
                65,
                72
              ],
              "inflate": 0
            },
            {
              "origin": [
                9.0,
                8.0,
                6.0
              ],
              "size": [
                3.0,
                6.0,
                1.0
              ],
              "uv": [
                18,
                73
              ],
              "inflate": 0
            }
          ],
          "parent": "Mahakali",
          "rotation": [
            -0.78795,
            17.48281,
            -2.62116
          ]
        },
        {
          "name": "Hand7",
          "pivot": [
            3,
            17,
            8
          ],
          "cubes": [
            {
              "origin": [
                3.50562,
                14.70595,
                6.0
              ],
              "size": [
                6.0,
                2.0,
                2.0
              ],
              "pivot": [
                6.50562,
                15.70595,
                7.0
              ],
              "rotation": [
                0.0,
                0.0,
                22.5
              ],
              "uv": [
                0,
                68
              ],
              "inflate": 0
            },
            {
              "origin": [
                9.0,
                14.0,
                6.0
              ],
              "size": [
                3.0,
                2.0,
                2.0
              ],
              "pivot": [
                10.5,
                15.0,
                7.0
              ],
              "rotation": [
                0.0,
                0.0,
                -12.5
              ],
              "uv": [
                75,
                25
              ],
              "inflate": 0
            },
            {
              "origin": [
                9.51707,
                16.24833,
                5.0
              ],
              "size": [
                4.0,
                1.0,
                4.0
              ],
              "pivot": [
                11.51707,
                16.74833,
                7.0
              ],
              "rotation": [
                0.0,
                0.0,
                -25.0
              ],
              "uv": [
                62,
                34
              ],
              "inflate": 0
            },
            {
              "origin": [
                11.846,
                15.76464,
                6.0
              ],
              "size": [
                2.0,
                1.0,
                2.0
              ],
              "pivot": [
                12.846,
                16.26464,
                7.0
              ],
              "rotation": [
                0.0,
                0.0,
                -25.0
              ],
              "uv": [
                53,
                0
              ],
              "inflate": 0
            }
          ],
          "parent": "Mahakali",
          "rotation": [
            -3.21873,
            -3.82821,
            40.1076
          ]
        },
        {
          "name": "Head",
          "pivot": [
            1,
            18,
            4
          ],
          "cubes": [
            {
              "origin": [
                -1.0,
                19.0,
                3.0
              ],
              "size": [
                4.0,
                5.0,
                3.0
              ],
              "uv": [
                60,
                50
              ],
              "inflate": 0
            },
            {
              "origin": [
                0.0,
                18.0,
                4.0
              ],
              "size": [
                2.0,
                1.0,
                2.0
              ],
              "uv": [
                43,
                17
              ],
              "inflate": 0
            },
            {
              "origin": [
                -2.0,
                24.0,
                3.0
              ],
              "size": [
                6.0,
                3.0,
                5.0
              ],
              "uv": [
                17,
                37
              ],
              "inflate": 0
            },
            {
              "origin": [
                -2.82635,
                12.01519,
                3.0
              ],
              "size": [
                2.0,
                12.0,
                3.0
              ],
              "pivot": [
                -2.0,
                24.0,
                4.5
              ],
              "rotation": [
                0.0,
                0.0,
                10.0
              ],
              "uv": [
                30,
                50
              ],
              "inflate": 0
            },
            {
              "origin": [
                2.82635,
                12.01519,
                3.0
              ],
              "size": [
                2.0,
                12.0,
                3.0
              ],
              "pivot": [
                4.0,
                24.0,
                4.5
              ],
              "rotation": [
                0.0,
                0.0,
                -10.0
              ],
              "uv": [
                0,
                49
              ],
              "inflate": 0
            },
            {
              "origin": [
                -1.0,
                27.0,
                4.0
              ],
              "size": [
                4.0,
                1.0,
                4.0
              ],
              "uv": [
                62,
                0
              ],
              "inflate": 0
            },
            {
              "origin": [
                0.0,
                28.0,
                5.0
              ],
              "size": [
                2.0,
                1.0,
                2.0
              ],
              "uv": [
                12,
                39
              ],
              "inflate": 0
            }
          ],
          "parent": "Mahakali"
        },
        {
          "name": "bone10",
          "pivot": [
            1,
            23,
            6
          ],
          "cubes": [
            {
              "origin": [
                -3.0,
                9.0,
                6.0
              ],
              "size": [
                8.0,
                15.0,
                2.0
              ],
              "uv": [
                0,
                8
              ],
              "inflate": 0
            },
            {
              "origin": [
                -2.0,
                8.0,
                6.0
              ],
              "size": [
                6.0,
                1.0,
                2.0
              ],
              "uv": [
                30,
                71
              ],
              "inflate": 0
            }
          ],
          "parent": "Head"
        },
        {
          "name": "Hand3",
          "pivot": [
            -2,
            18,
            8
          ],
          "cubes": [
            {
              "origin": [
                -7.83079,
                18.25262,
                6.0
              ],
              "size": [
                6.0,
                2.0,
                2.0
              ],
              "pivot": [
                -4.83079,
                19.25262,
                7.0
              ],
              "rotation": [
                0.0,
                0.0,
                35.0
              ],
              "uv": [
                67,
                9
              ],
              "inflate": 0
            },
            {
              "origin": [
                -9.0349,
                20.31843,
                6.0
              ],
              "size": [
                3.0,
                2.0,
                2.0
              ],
              "pivot": [
                -7.5349,
                21.31843,
                7.0
              ],
              "rotation": [
                0.0,
                0.0,
                52.5
              ],
              "uv": [
                74,
                51
              ],
              "inflate": 0
            }
          ],
          "parent": "Mahakali",
          "rotation": [
            -17.5,
            0,
            -92.5
          ]
        },
        {
          "name": "bone9",
          "pivot": [
            -18,
            4,
            0
          ],
          "cubes": [
            {
              "origin": [
                -26.09327,
                17.86474,
                7.0
              ],
              "size": [
                1.0,
                4.0,
                1.0
              ],
              "pivot": [
                -25.95929,
                21.23076,
                7.5
              ],
              "rotation": [
                0.0,
                0.0,
                -47.5
              ],
              "uv": [
                53,
                53
              ],
              "inflate": 0
            },
            {
              "origin": [
                -23.0,
                19.0,
                7.0
              ],
              "size": [
                0.0,
                10.0,
                1.0
              ],
              "pivot": [
                -23.0,
                24.0,
                7.5
              ],
              "rotation": [
                0.0,
                0.0,
                -2.5
              ],
              "uv": [
                10,
                48
              ],
              "inflate": 0
            },
            {
              "origin": [
                -25.09914,
                25.46147,
                7.0
              ],
              "size": [
                1.0,
                4.0,
                1.0
              ],
              "pivot": [
                -24.59914,
                27.46147,
                7.5
              ],
              "rotation": [
                0.0,
                0.0,
                37.5
              ],
              "uv": [
                44,
                53
              ],
              "inflate": 0
            },
            {
              "origin": [
                -26.0,
                22.0,
                7.0
              ],
              "size": [
                1.0,
                4.0,
                1.0
              ],
              "pivot": [
                -25.5,
                24.0,
                7.5
              ],
              "rotation": [
                0.0,
                0.0,
                5.0
              ],
              "uv": [
                36,
                0
              ],
              "inflate": 0
            }
          ],
          "parent": "Hand3",
          "rotation": [
            0,
            0,
            47.5
          ]
        },
        {
          "name": "Hand4",
          "pivot": [
            3,
            17,
            6
          ],
          "cubes": [
            {
              "origin": [
                3.22352,
                18.00705,
                6.0
              ],
              "size": [
                6.0,
                2.0,
                2.0
              ],
              "pivot": [
                6.22352,
                19.00705,
                7.0
              ],
              "rotation": [
                0.0,
                0.0,
                -35.0
              ],
              "uv": [
                67,
                5
              ],
              "inflate": 0
            },
            {
              "origin": [
                7.52522,
                20.72085,
                6.0
              ],
              "size": [
                3.0,
                2.0,
                2.0
              ],
              "pivot": [
                9.02522,
                21.72085,
                7.0
              ],
              "rotation": [
                0.0,
                0.0,
                -70.0
              ],
              "uv": [
                74,
                33
              ],
              "inflate": 0
            },
            {
              "origin": [
                9.0,
                21.0,
                7.0
              ],
              "size": [
                1.0,
                4.0,
                0.0
              ],
              "pivot": [
                9.5,
                23.0,
                7.0
              ],
              "rotation": [
                0.0,
                0.0,
                -20.0
              ],
              "uv": [
                29,
                0
              ],
              "inflate": 0
            },
            {
              "origin": [
                9.0,
                24.0,
                6.0
              ],
              "size": [
                1.0,
                1.0,
                2.0
              ],
              "pivot": [
                9.5,
                23.0,
                7.0
              ],
              "rotation": [
                0.0,
                0.0,
                -20.0
              ],
              "uv": [
                36,
                24
              ],
              "inflate": 0
            },
            {
              "origin": [
                8.31596,
                25.12061,
                7.0
              ],
              "size": [
                1.0,
                4.0,
                0.0
              ],
              "pivot": [
                9.5,
                25.0,
                7.0
              ],
              "rotation": [
                0.0,
                0.0,
                -40.0
              ],
              "uv": [
                20,
                10
              ],
              "inflate": 0
            },
            {
              "origin": [
                5.68573,
                27.89412,
                7.0
              ],
              "size": [
                1.0,
                4.0,
                0.0
              ],
              "pivot": [
                6.5,
                28.0,
                7.0
              ],
              "rotation": [
                0.0,
                0.0,
                -62.5
              ],
              "uv": [
                4,
                0
              ],
              "inflate": 0
            }
          ],
          "parent": "Mahakali",
          "rotation": [
            0,
            0,
            5
          ]
        },
        {
          "name": "Hand6",
          "pivot": [
            -2,
            18,
            8
          ],
          "cubes": [
            {
              "origin": [
                -7.07042,
                14.75194,
                6.0
              ],
              "size": [
                6.0,
                2.0,
                2.0
              ],
              "pivot": [
                -4.07042,
                15.75194,
                7.0
              ],
              "rotation": [
                0.0,
                0.0,
                -47.5
              ],
              "uv": [
                65,
                58
              ],
              "inflate": 0
            },
            {
              "origin": [
                -8.34899,
                12.32628,
                6.0
              ],
              "size": [
                3.0,
                2.0,
                2.0
              ],
              "pivot": [
                -6.84899,
                13.32628,
                7.0
              ],
              "rotation": [
                0.0,
                0.0,
                -30.0
              ],
              "uv": [
                32,
                74
              ],
              "inflate": 0
            }
          ],
          "parent": "Mahakali",
          "rotation": [
            0,
            0,
            27.5
          ]
        },
        {
          "name": "bone6",
          "pivot": [
            -7.17449,
            13.20963,
            7.5
          ],
          "cubes": [
            {
              "origin": [
                -12.91163,
                17.43871,
                7.0
              ],
              "size": [
                1.0,
                3.0,
                1.0
              ],
              "pivot": [
                -12.41163,
                18.93871,
                7.5
              ],
              "rotation": [
                0.0,
                0.0,
                -27.5
              ],
              "uv": [
                58,
                23
              ],
              "inflate": 0
            },
            {
              "origin": [
                -9.36358,
                19.28571,
                7.0
              ],
              "size": [
                1.0,
                3.0,
                1.0
              ],
              "pivot": [
                -8.86358,
                20.78571,
                7.5
              ],
              "rotation": [
                0.0,
                0.0,
                -27.5
              ],
              "uv": [
                45,
                43
              ],
              "inflate": 0
            },
            {
              "origin": [
                -11.10112,
                17.12644,
                7.0
              ],
              "size": [
                1.0,
                1.0,
                1.0
              ],
              "pivot": [
                -10.60112,
                17.62644,
                7.5
              ],
              "rotation": [
                0.0,
                0.0,
                -27.5
              ],
              "uv": [
                39,
                31
              ],
              "inflate": 0
            },
            {
              "origin": [
                -9.3271,
                18.04994,
                7.0
              ],
              "size": [
                1.0,
                1.0,
                1.0
              ],
              "pivot": [
                -8.8271,
                18.54994,
                7.5
              ],
              "rotation": [
                0.0,
                0.0,
                -27.5
              ],
              "uv": [
                18,
                39
              ],
              "inflate": 0
            },
            {
              "origin": [
                -7.67449,
                4.20963,
                7.0
              ],
              "size": [
                1.0,
                18.0,
                1.0
              ],
              "pivot": [
                -7.17449,
                13.20963,
                7.5
              ],
              "rotation": [
                0.0,
                0.0,
                -27.5
              ],
              "uv": [
                40,
                50
              ],
              "inflate": 0
            }
          ],
          "parent": "Hand6",
          "rotation": [
            147.09795,
            -29.66877,
            25.95701
          ]
        },
        {
          "name": "Hand8",
          "pivot": [
            -2,
            18,
            8
          ],
          "cubes": [
            {
              "origin": [
                -7.07042,
                14.75194,
                6.0
              ],
              "size": [
                6.0,
                2.0,
                2.0
              ],
              "pivot": [
                -4.07042,
                15.75194,
                7.0
              ],
              "rotation": [
                0.0,
                0.0,
                -47.5
              ],
              "uv": [
                0,
                64
              ],
              "inflate": 0
            },
            {
              "origin": [
                -8.34899,
                12.32628,
                6.0
              ],
              "size": [
                3.0,
                2.0,
                2.0
              ],
              "pivot": [
                -6.84899,
                13.32628,
                7.0
              ],
              "rotation": [
                0.0,
                0.0,
                -30.0
              ],
              "uv": [
                74,
                0
              ],
              "inflate": 0
            },
            {
              "origin": [
                -9.88008,
                11.57628,
                6.0
              ],
              "size": [
                2.0,
                2.0,
                2.0
              ],
              "uv": [
                51,
                75
              ],
              "inflate": 0
            },
            {
              "origin": [
                -10.88008,
                11.57628,
                6.0
              ],
              "size": [
                1.0,
                2.0,
                2.0
              ],
              "uv": [
                0,
                39
              ],
              "inflate": 0
            },
            {
              "origin": [
                -11.88008,
                12.57628,
                7.0
              ],
              "size": [
                1.0,
                1.0,
                1.0
              ],
              "uv": [
                3,
                34
              ],
              "inflate": 0
            },
            {
              "origin": [
                -12.88008,
                10.57628,
                5.0
              ],
              "size": [
                1.0,
                5.0,
                5.0
              ],
              "pivot": [
                -12.38008,
                13.07628,
                7.5
              ],
              "rotation": [
                -15.0,
                0.0,
                0.0
              ],
              "uv": [
                17,
                59
              ],
              "inflate": 0
            },
            {
              "origin": [
                -12.88008,
                10.57628,
                5.0
              ],
              "size": [
                1.0,
                5.0,
                5.0
              ],
              "pivot": [
                -12.38008,
                13.07628,
                7.5
              ],
              "rotation": [
                -60.0,
                0.0,
                0.0
              ],
              "uv": [
                53,
                56
              ],
              "inflate": 0
            },
            {
              "origin": [
                -12.88008,
                10.57628,
                5.0
              ],
              "size": [
                1.0,
                5.0,
                5.0
              ],
              "uv": [
                55,
                3
              ],
              "inflate": 0
            },
            {
              "origin": [
                -12.88008,
                10.57628,
                5.0
              ],
              "size": [
                1.0,
                5.0,
                5.0
              ],
              "pivot": [
                -12.38008,
                13.07628,
                7.5
              ],
              "rotation": [
                -35.0,
                0.0,
                0.0
              ],
              "uv": [
                10,
                54
              ],
              "inflate": 0
            }
          ],
          "parent": "Mahakali",
          "rotation": [
            0,
            0,
            75
          ]
        },
        {
          "name": "Hand5",
          "pivot": [
            3,
            17,
            6
          ],
          "cubes": [
            {
              "origin": [
                2.81,
                14.5673,
                6.0
              ],
              "size": [
                6.0,
                2.0,
                2.0
              ],
              "pivot": [
                5.81,
                15.5673,
                7.0
              ],
              "rotation": [
                0.0,
                0.0,
                52.5
              ],
              "uv": [
                61,
                13
              ],
              "inflate": 0
            },
            {
              "origin": [
                7.54936,
                12.1543,
                6.0
              ],
              "size": [
                2.0,
                2.0,
                2.0
              ],
              "pivot": [
                8.54936,
                13.1543,
                7.0
              ],
              "rotation": [
                0.0,
                0.0,
                35.0
              ],
              "uv": [
                75,
                43
              ],
              "inflate": 0
            },
            {
              "origin": [
                8.73439,
                10.33368,
                7.0
              ],
              "size": [
                1.0,
                5.0,
                1.0
              ],
              "pivot": [
                9.23439,
                12.83368,
                7.5
              ],
              "rotation": [
                0.0,
                0.0,
                47.5
              ],
              "uv": [
                0,
                29
              ],
              "inflate": 0
            },
            {
              "origin": [
                10.58402,
                13.71987,
                6.0
              ],
              "size": [
                3.0,
                3.0,
                3.0
              ],
              "uv": [
                71,
                69
              ],
              "inflate": 0
            }
          ],
          "parent": "Mahakali",
          "rotation": [
            0,
            0,
            -22.5
          ]
        },
        {
          "name": "Mahadev",
          "cubes": [
            {
              "origin": [
                0.0,
                0.0,
                -4.0
              ],
              "size": [
                6.0,
                3.0,
                5.0
              ],
              "uv": [
                36,
                0
              ],
              "inflate": 0
            },
            {
              "origin": [
                3.0,
                3.0,
                -4.0
              ],
              "size": [
                3.0,
                1.0,
                5.0
              ],
              "uv": [
                50,
                38
              ],
              "inflate": 0
            },
            {
              "origin": [
                0.0,
                3.0,
                -4.0
              ],
              "size": [
                3.0,
                1.0,
                3.0
              ],
              "uv": [
                15,
                29
              ],
              "inflate": 0
            },
            {
              "origin": [
                -4.0,
                3.0,
                -5.0
              ],
              "size": [
                4.0,
                1.0,
                3.0
              ],
              "uv": [
                20,
                13
              ],
              "inflate": 0
            },
            {
              "origin": [
                -4.0,
                0.0,
                -5.0
              ],
              "size": [
                4.0,
                3.0,
                7.0
              ],
              "uv": [
                0,
                29
              ],
              "inflate": 0
            },
            {
              "origin": [
                -6.0,
                0.0,
                -6.0
              ],
              "size": [
                2.0,
                4.0,
                9.0
              ],
              "uv": [
                23,
                0
              ],
              "inflate": 0
            },
            {
              "origin": [
                -7.0,
                4.0,
                -7.0
              ],
              "size": [
                3.0,
                1.0,
                3.0
              ],
              "pivot": [
                -5.5,
                4.5,
                -5.5
              ],
              "rotation": [
                0.0,
                -35.0,
                0.0
              ],
              "uv": [
                0,
                25
              ],
              "inflate": 0
            },
            {
              "origin": [
                -12.0,
                0.0,
                -4.0
              ],
              "size": [
                6.0,
                3.0,
                5.0
              ],
              "uv": [
                22,
                29
              ],
              "inflate": 0
            },
            {
              "origin": [
                -12.0,
                0.0,
                -5.0
              ],
              "size": [
                9.0,
                1.0,
                7.0
              ],
              "uv": [
                0,
                0
              ],
              "inflate": 0
            },
            {
              "origin": [
                -14.0,
                0.0,
                -5.0
              ],
              "size": [
                2.0,
                3.0,
                7.0
              ],
              "uv": [
                37,
                31
              ],
              "inflate": 0
            },
            {
              "origin": [
                -16.0,
                0.0,
                -4.0
              ],
              "size": [
                2.0,
                3.0,
                5.0
              ],
              "uv": [
                44,
                53
              ],
              "inflate": 0
            },
            {
              "origin": [
                -16.0,
                1.0,
                -7.0
              ],
              "size": [
                2.0,
                1.0,
                3.0
              ],
              "pivot": [
                -15.0,
                1.5,
                -5.5
              ],
              "rotation": [
                0.0,
                -65.0,
                0.0
              ],
              "uv": [
                72,
                47
              ],
              "inflate": 0
            },
            {
              "origin": [
                -17.56416,
                1.0,
                -3.91953
              ],
              "size": [
                2.0,
                1.0,
                3.0
              ],
              "pivot": [
                -15.71892,
                1.5,
                -4.23215
              ],
              "rotation": [
                -180.0,
                -80.0,
                180.0
              ],
              "uv": [
                72,
                29
              ],
              "inflate": 0
            },
            {
              "origin": [
                -19.72483,
                1.0,
                -3.57573
              ],
              "size": [
                1.0,
                1.0,
                1.0
              ],
              "pivot": [
                -18.41367,
                1.5,
                -4.23419
              ],
              "rotation": [
                -180.0,
                -62.5,
                180.0
              ],
              "uv": [
                18,
                8
              ],
              "inflate": 0
            },
            {
              "origin": [
                -15.68865,
                1.0,
                -7.97946
              ],
              "size": [
                2.0,
                1.0,
                3.0
              ],
              "pivot": [
                -13.28108,
                1.5,
                -4.76785
              ],
              "rotation": [
                0.0,
                -40.0,
                0.0
              ],
              "uv": [
                72,
                39
              ],
              "inflate": 0
            },
            {
              "origin": [
                -12.73333,
                1.0,
                -8.46053
              ],
              "size": [
                1.0,
                1.0,
                1.0
              ],
              "pivot": [
                -11.59054,
                1.5,
                -7.19449
              ],
              "rotation": [
                0.0,
                -30.0,
                0.0
              ],
              "uv": [
                31,
                13
              ],
              "inflate": 0
            },
            {
              "origin": [
                -18.0,
                0.0,
                -3.0
              ],
              "size": [
                2.0,
                3.0,
                3.0
              ],
              "uv": [
                30,
                65
              ],
              "inflate": 0
            },
            {
              "origin": [
                -0.59669,
                0.0,
                -16.2736
              ],
              "size": [
                3.0,
                3.0,
                6.0
              ],
              "pivot": [
                -0.55226,
                1.5,
                -9.97492
              ],
              "rotation": [
                0.0,
                -52.5,
                0.0
              ],
              "uv": [
                43,
                8
              ],
              "inflate": 0
            },
            {
              "origin": [
                4.23847,
                0.0,
                -16.65438
              ],
              "size": [
                3.0,
                1.0,
                3.0
              ],
              "pivot": [
                4.52095,
                0.5,
                -13.56767
              ],
              "rotation": [
                -10.0,
                -52.5,
                0.0
              ],
              "uv": [
                17,
                54
              ],
              "inflate": 0
            },
            {
              "origin": [
                5.11683,
                2.01185,
                -13.92319
              ],
              "size": [
                1.0,
                1.0,
                2.0
              ],
              "pivot": [
                5.80142,
                2.45069,
                -11.52241
              ],
              "rotation": [
                15.0,
                -52.5,
                0.0
              ],
              "uv": [
                28,
                17
              ],
              "inflate": 0
            },
            {
              "origin": [
                -4.0,
                0.0,
                -11.0
              ],
              "size": [
                3.0,
                3.0,
                6.0
              ],
              "pivot": [
                -3.5,
                1.5,
                -4.5
              ],
              "rotation": [
                0.0,
                -32.5,
                0.0
              ],
              "uv": [
                33,
                41
              ],
              "inflate": 0
            },
            {
              "origin": [
                14.0,
                0.0,
                -4.0
              ],
              "size": [
                3.0,
                4.0,
                6.0
              ],
              "uv": [
                0,
                39
              ],
              "inflate": 0
            },
            {
              "origin": [
                17.0,
                0.0,
                -1.0
              ],
              "size": [
                3.0,
                3.0,
                3.0
              ],
              "uv": [
                53,
                69
              ],
              "inflate": 0
            },
            {
              "origin": [
                14.0,
                0.0,
                -5.0
              ],
              "size": [
                6.0,
                3.0,
                3.0
              ],
              "uv": [
                50,
                17
              ],
              "inflate": 0
            },
            {
              "origin": [
                20.0,
                0.0,
                -5.0
              ],
              "size": [
                1.0,
                4.0,
                3.0
              ],
              "uv": [
                43,
                72
              ],
              "inflate": 0
            },
            {
              "origin": [
                20.0,
                0.0,
                -1.0
              ],
              "size": [
                1.0,
                4.0,
                3.0
              ],
              "uv": [
                10,
                72
              ],
              "inflate": 0
            },
            {
              "origin": [
                10.0,
                0.0,
                -5.0
              ],
              "size": [
                4.0,
                4.0,
                7.0
              ],
              "uv": [
                28,
                13
              ],
              "inflate": 0
            },
            {
              "origin": [
                6.0,
                0.0,
                -6.0
              ],
              "size": [
                4.0,
                4.0,
                8.0
              ],
              "uv": [
                12,
                17
              ],
              "inflate": 0
            },
            {
              "origin": [
                -4.0,
                0.0,
                1.0
              ],
              "size": [
                3.0,
                3.0,
                6.0
              ],
              "rotation": [
                0.0,
                -32.5,
                0.0
              ],
              "uv": [
                45,
                44
              ],
              "inflate": 0
            },
            {
              "origin": [
                -6.6865,
                0.0,
                5.35191
              ],
              "size": [
                3.0,
                3.0,
                6.0
              ],
              "pivot": [
                -5.95501,
                1.5,
                6.28443
              ],
              "rotation": [
                0.0,
                -60.0,
                0.0
              ],
              "uv": [
                12,
                45
              ],
              "inflate": 0
            },
            {
              "origin": [
                -11.39233,
                0.0,
                9.09974
              ],
              "size": [
                3.0,
                1.0,
                3.0
              ],
              "rotation": [
                10.0,
                -60.0,
                0.0
              ],
              "uv": [
                71,
                62
              ],
              "inflate": 0
            },
            {
              "origin": [
                -10.45931,
                2.0,
                8.48372
              ],
              "size": [
                1.0,
                1.0,
                2.0
              ],
              "rotation": [
                -30.0,
                -60.0,
                0.0
              ],
              "uv": [
                15,
                33
              ],
              "inflate": 0
            }
          ]
        }
      ]
    }
  ]
}