{
  "format_version": "1.12.0",
  "minecraft:geometry": [
    {
      "description": {
        "identifier": "geometry.pa_mandal_karykarti",
        "texture_width": 128,
        "texture_height": 128,
        "visible_bounds_width": 9,
        "visible_bounds_height": 7,
        "visible_bounds_offset": [
          0,
          2.5,
          0
        ]
      },
      "bones": [
        {
          "name": "Man"
        },
        {
          "name": "Body",
          "pivot": [
            0,
            18,
            0
          ],
          "cubes": [
            {
              "origin": [
                -4.0,
                18.0,
                -2.0
              ],
              "size": [
                8.0,
                9.0,
                6.0
              ],
              "uv": [
                32,
                34
              ],
              "inflate": 0
            },
            {
              "origin": [
                -5.0,
                27.0,
                -2.0
              ],
              "size": [
                10.0,
                6.0,
                6.0
              ],
              "uv": [
                10,
                0
              ],
              "inflate": 0
            },
            {
              "origin": [
                -5.0,
                27.0,
                -3.0
              ],
              "size": [
                3.0,
                6.0,
                1.0
              ],
              "uv": [
                54,
                31
              ],
              "inflate": 0
            },
            {
              "origin": [
                -6.0,
                33.0,
                -3.0
              ],
              "size": [
                4.0,
                1.0,
                7.0
              ],
              "uv": [
                52,
                57
              ],
              "inflate": 0
            },
            {
              "origin": [
                -6.0,
                -1.0,
                4.0
              ],
              "size": [
                4.0,
                35.0,
                1.0
              ],
              "uv": [
                0,
                0
              ],
              "inflate": 0
            },
            {
              "origin": [
                -3.0,
                24.0,
                -3.0
              ],
              "size": [
                4.0,
                4.0,
                1.0
              ],
              "uv": [
                71,
                49
              ],
              "inflate": 0
            },
            {
              "origin": [
                -4.0,
                18.0,
                -3.0
              ],
              "size": [
                8.0,
                6.0,
                7.0
              ],
              "uv": [
                10,
                12
              ],
              "inflate": 0
            }
          ],
          "parent": "Man"
        },
        {
          "name": "Face",
          "pivot": [
            0,
            33,
            1
          ],
          "parent": "Body"
        },
        {
          "name": "Face1",
          "cubes": [
            {
              "origin": [
                -2.0,
                33.0,
                -1.0
              ],
              "size": [
                4.0,
                1.0,
                4.0
              ],
              "uv": [
                67,
                57
              ],
              "inflate": 0
            },
            {
              "origin": [
                -4.0,
                34.0,
                -2.0
              ],
              "size": [
                8.0,
                9.0,
                6.0
              ],
              "uv": [
                10,
                25
              ],
              "inflate": 0
            },
            {
              "origin": [
                -5.0,
                39.0,
                -2.0
              ],
              "size": [
                1.0,
                4.0,
                7.0
              ],
              "uv": [
                0,
                63
              ],
              "inflate": 0
            },
            {
              "origin": [
                -4.0,
                35.0,
                4.0
              ],
              "size": [
                8.0,
                8.0,
                1.0
              ],
              "uv": [
                60,
                40
              ],
              "inflate": 0
            },
            {
              "origin": [
                4.0,
                39.0,
                -2.0
              ],
              "size": [
                1.0,
                4.0,
                7.0
              ],
              "uv": [
                58,
                9
              ],
              "inflate": 0
            },
            {
              "origin": [
                4.0,
                33.0,
                1.0
              ],
              "size": [
                2.0,
                8.0,
                2.0
              ],
              "uv": [
                74,
                16
              ],
              "inflate": 0
            },
            {
              "origin": [
                4.0,
                26.0,
                3.0
              ],
              "size": [
                1.0,
                15.0,
                2.0
              ],
              "uv": [
                43,
                71
              ],
              "inflate": 0
            },
            {
              "origin": [
                -5.0,
                26.0,
                3.0
              ],
              "size": [
                1.0,
                15.0,
                2.0
              ],
              "uv": [
                37,
                71
              ],
              "inflate": 0
            },
            {
              "origin": [
                -6.0,
                33.0,
                1.0
              ],
              "size": [
                2.0,
                8.0,
                2.0
              ],
              "uv": [
                0,
                74
              ],
              "inflate": 0
            },
            {
              "origin": [
                -4.0,
                43.0,
                -2.0
              ],
              "size": [
                8.0,
                1.0,
                7.0
              ],
              "uv": [
                51,
                23
              ],
              "inflate": 0
            },
            {
              "origin": [
                -3.0,
                44.0,
                -2.0
              ],
              "size": [
                6.0,
                1.0,
                7.0
              ],
              "uv": [
                52,
                49
              ],
              "inflate": 0
            },
            {
              "origin": [
                -4.0,
                22.0,
                5.0
              ],
              "size": [
                8.0,
                21.0,
                1.0
              ],
              "uv": [
                18,
                49
              ],
              "inflate": 0
            },
            {
              "origin": [
                -3.0,
                36.0,
                6.0
              ],
              "size": [
                6.0,
                6.0,
                1.0
              ],
              "uv": [
                67,
                9
              ],
              "inflate": 0
            },
            {
              "origin": [
                -2.5,
                36.5,
                7.0
              ],
              "size": [
                5.0,
                5.0,
                2.0
              ],
              "uv": [
                18,
                40
              ],
              "inflate": 0
            },
            {
              "origin": [
                -4.0,
                41.0,
                -3.0
              ],
              "size": [
                8.0,
                3.0,
                1.0
              ],
              "uv": [
                36,
                0
              ],
              "inflate": 0
            }
          ],
          "parent": "Face"
        },
        {
          "name": "Handcontroll",
          "pivot": [
            0,
            33,
            0
          ],
          "parent": "Body"
        },
        {
          "name": "Hand1",
          "pivot": [
            -6,
            32.16667,
            0.83333
          ],
          "cubes": [
            {
              "origin": [
                -7.91299,
                24.06626,
                -0.96122
              ],
              "size": [
                3.0,
                8.0,
                4.0
              ],
              "uv": [
                66,
                65
              ],
              "inflate": 0
            }
          ],
          "parent": "Handcontroll",
          "rotation": [
            -52.06005,
            0,
            0
          ]
        },
        {
          "name": "bone4",
          "pivot": [
            -6.41299,
            24.06626,
            1.53878
          ],
          "cubes": [
            {
              "origin": [
                -7.91299,
                16.06626,
                0.03878
              ],
              "size": [
                3.0,
                9.0,
                3.0
              ],
              "pivot": [
                -6.41299,
                24.06626,
                1.53878
              ],
              "rotation": [
                -50.0,
                0.0,
                0.0
              ],
              "uv": [
                25,
                71
              ],
              "inflate": 0
            }
          ],
          "parent": "Hand1",
          "rotation": [
            -17.5,
            0,
            -47.5
          ]
        },
        {
          "name": "bone",
          "pivot": [
            -6.41299,
            18.73293,
            -3.79456
          ],
          "cubes": [
            {
              "origin": [
                -7.91299,
                12.06626,
                0.03878
              ],
              "size": [
                1.0,
                2.0,
                3.0
              ],
              "pivot": [
                -6.41299,
                24.06626,
                1.53878
              ],
              "rotation": [
                -50.0,
                0.0,
                0.0
              ],
              "uv": [
                51,
                1
              ],
              "inflate": 0
            },
            {
              "origin": [
                -7.91299,
                14.06626,
                0.03878
              ],
              "size": [
                3.0,
                2.0,
                3.0
              ],
              "pivot": [
                -6.41299,
                24.06626,
                1.53878
              ],
              "rotation": [
                -50.0,
                0.0,
                0.0
              ],
              "uv": [
                70,
                31
              ],
              "inflate": 0
            },
            {
              "origin": [
                -5.91299,
                16.35281,
                -6.90724
              ],
              "size": [
                1.0,
                2.0,
                1.0
              ],
              "pivot": [
                -5.41299,
                18.76164,
                -6.5305
              ],
              "rotation": [
                -65.14958,
                -1.67775,
                -2.68095
              ],
              "uv": [
                10,
                3
              ],
              "inflate": 0
            }
          ],
          "parent": "bone4",
          "rotation": [
            -12.1772,
            -17.38272,
            -1.36092
          ]
        },
        {
          "name": "Hand2",
          "pivot": [
            5,
            30.16667,
            0.83333
          ],
          "cubes": [
            {
              "origin": [
                5.0,
                24.0,
                -1.0
              ],
              "size": [
                3.0,
                8.0,
                4.0
              ],
              "uv": [
                52,
                65
              ],
              "inflate": 0
            }
          ],
          "parent": "Handcontroll",
          "rotation": [
            -42.25489,
            5.05904,
            -16.95599
          ]
        },
        {
          "name": "bone5",
          "pivot": [
            6.5,
            24,
            1.5
          ],
          "cubes": [
            {
              "origin": [
                5.0,
                16.0,
                0.0
              ],
              "size": [
                3.0,
                9.0,
                3.0
              ],
              "pivot": [
                6.5,
                24.0,
                1.5
              ],
              "rotation": [
                -50.0,
                0.0,
                0.0
              ],
              "uv": [
                13,
                71
              ],
              "inflate": 0
            }
          ],
          "parent": "Hand2",
          "rotation": [
            -18.04669,
            7.79011,
            84.31636
          ]
        },
        {
          "name": "bone2",
          "pivot": [
            6.5,
            18.66667,
            -3.83333
          ],
          "cubes": [
            {
              "origin": [
                7.0,
                12.0,
                0.0
              ],
              "size": [
                1.0,
                2.0,
                3.0
              ],
              "pivot": [
                6.5,
                24.0,
                1.5
              ],
              "rotation": [
                -50.0,
                0.0,
                0.0
              ],
              "uv": [
                32,
                25
              ],
              "inflate": 0
            },
            {
              "origin": [
                5.0,
                14.0,
                0.0
              ],
              "size": [
                3.0,
                2.0,
                3.0
              ],
              "pivot": [
                6.5,
                24.0,
                1.5
              ],
              "rotation": [
                -50.0,
                0.0,
                0.0
              ],
              "uv": [
                69,
                0
              ],
              "inflate": 0
            },
            {
              "origin": [
                5.0,
                15.92934,
                -7.71206
              ],
              "size": [
                1.0,
                2.0,
                1.0
              ],
              "pivot": [
                5.5,
                17.69538,
                -6.56928
              ],
              "rotation": [
                -48.2367,
                15.18892,
                13.16783
              ],
              "uv": [
                10,
                0
              ],
              "inflate": 0
            }
          ],
          "parent": "bone5",
          "rotation": [
            0,
            7.5,
            -22.5
          ]
        },
        {
          "name": "Legs",
          "pivot": [
            0,
            19,
            0
          ],
          "parent": "Man"
        },
        {
          "name": "bone3",
          "pivot": [
            -4,
            8.5,
            2.71429
          ],
          "parent": "Legs"
        },
        {
          "name": "Leg1",
          "pivot": [
            -3.5,
            15.25,
            -0.5
          ],
          "parent": "Legs"
        },
        {
          "name": "bone8",
          "pivot": [
            -2,
            9,
            0
          ],
          "cubes": [
            {
              "origin": [
                -4.0,
                0.0,
                -5.0
              ],
              "size": [
                4.0,
                1.0,
                8.0
              ],
              "uv": [
                54,
                31
              ],
              "inflate": 0
            },
            {
              "origin": [
                -4.30275,
                1.04566,
                -2.0
              ],
              "size": [
                4.0,
                18.0,
                5.0
              ],
              "uv": [
                40,
                7
              ],
              "inflate": 0
            }
          ],
          "parent": "Leg1"
        },
        {
          "name": "Leg2",
          "pivot": [
            2.5,
            15.25,
            -0.5
          ],
          "parent": "Legs"
        },
        {
          "name": "bone9",
          "pivot": [
            2.23853,
            8.77664,
            -0.5
          ],
          "cubes": [
            {
              "origin": [
                0.0,
                0.0,
                -5.0
              ],
              "size": [
                4.0,
                1.0,
                8.0
              ],
              "uv": [
                53,
                0
              ],
              "inflate": 0
            },
            {
              "origin": [
                0.47707,
                1.05327,
                -2.0
              ],
              "size": [
                4.0,
                18.0,
                5.0
              ],
              "uv": [
                0,
                40
              ],
              "inflate": 0
            },
            {
              "origin": [
                -2.52293,
                1.05327,
                0.0
              ],
              "size": [
                4.0,
                18.0,
                4.0
              ],
              "uv": [
                36,
                49
              ],
              "inflate": 0
            }
          ],
          "parent": "Leg2"
        }
      ]
    }
  ]
}