{
  "format_version": "1.12.0",
  "minecraft:geometry": [
    {
      "description": {
        "identifier": "geometry.pa_mahadevi",
        "texture_width": 128,
        "texture_height": 128,
        "visible_bounds_width": 3,
        "visible_bounds_height": 4,
        "visible_bounds_offset": [
          0,
          1,
          0
        ]
      },
      "bones": [
        {
          "name": "bb_main2",
          "pivot": [
            0,
            0,
            0
          ],
          "cubes": [
            {
              "origin": [
                0.0,
                14.0,
                -10.0
              ],
              "size": [
                3.0,
                1.0,
                3.0
              ],
              "uv": [
                38,
                25
              ],
              "inflate": 0
            }
          ]
        },
        {
          "name": "bb_main",
          "pivot": [
            0,
            0,
            0
          ],
          "cubes": [
            {
              "origin": [
                3.0,
                2.0,
                -1.0
              ],
              "size": [
                1.0,
                15.0,
                3.0
              ],
              "pivot": [
                0.0,
                0.0,
                0.0
              ],
              "rotation": [
                0.0,
                0.0,
                -5.0
              ],
              "uv": [
                4,
                31
              ],
              "inflate": 0
            }
          ]
        },
        {
          "name": "Facebase",
          "pivot": [
            0,
            0,
            0
          ],
          "cubes": [
            {
              "origin": [
                0.0,
                17.0,
                -1.0
              ],
              "size": [
                1.0,
                1.0,
                1.0
              ],
              "uv": [
                52,
                47
              ],
              "inflate": 0
            },
            {
              "origin": [
                1.0,
                19.0,
                -3.0
              ],
              "size": [
                1.0,
                2.0,
                1.0
              ],
              "uv": [
                52,
                19
              ],
              "inflate": 0
            },
            {
              "origin": [
                1.0,
                19.0,
                1.0
              ],
              "size": [
                1.0,
                2.0,
                1.0
              ],
              "uv": [
                48,
                51
              ],
              "inflate": 0
            },
            {
              "origin": [
                -1.0,
                18.0,
                -2.0
              ],
              "size": [
                3.0,
                3.0,
                3.0
              ],
              "uv": [
                36,
                37
              ],
              "inflate": 0
            }
          ]
        },
        {
          "name": "Facetop",
          "pivot": [
            0,
            0,
            0
          ],
          "cubes": [
            {
              "origin": [
                -1.0,
                21.0,
                -1.0
              ],
              "size": [
                1.0,
                1.0,
                1.0
              ],
              "uv": [
                52,
                45
              ],
              "inflate": 0
            },
            {
              "origin": [
                0.0,
                21.0,
                -2.0
              ],
              "size": [
                1.0,
                1.0,
                3.0
              ],
              "uv": [
                39,
                51
              ],
              "inflate": 0
            },
            {
              "origin": [
                0.0,
                22.0,
                -1.0
              ],
              "size": [
                1.0,
                1.0,
                1.0
              ],
              "uv": [
                28,
                52
              ],
              "inflate": 0
            },
            {
              "origin": [
                2.0,
                20.0,
                -2.0
              ],
              "size": [
                1.0,
                3.0,
                3.0
              ],
              "uv": [
                12,
                49
              ],
              "inflate": 0
            },
            {
              "origin": [
                2.0,
                20.0,
                1.0
              ],
              "size": [
                1.0,
                2.0,
                1.0
              ],
              "uv": [
                44,
                51
              ],
              "inflate": 0
            },
            {
              "origin": [
                2.0,
                23.0,
                -1.0
              ],
              "size": [
                1.0,
                1.0,
                1.0
              ],
              "uv": [
                24,
                52
              ],
              "inflate": 0
            },
            {
              "origin": [
                2.0,
                20.0,
                -3.0
              ],
              "size": [
                1.0,
                2.0,
                1.0
              ],
              "uv": [
                30,
                48
              ],
              "inflate": 0
            }
          ]
        },
        {
          "name": "Handtopr",
          "pivot": [
            0,
            0,
            0
          ],
          "cubes": [
            {
              "origin": [
                1.0,
                12.0,
                -14.0
              ],
              "size": [
                1.0,
                1.0,
                4.0
              ],
              "pivot": [
                0.0,
                0.0,
                0.0
              ],
              "rotation": [
                -32.5,
                0.0,
                0.0
              ],
              "uv": [
                24,
                47
              ],
              "inflate": 0
            },
            {
              "origin": [
                1.0,
                18.0,
                2.0
              ],
              "size": [
                1.0,
                4.0,
                1.0
              ],
              "pivot": [
                0.0,
                0.0,
                0.0
              ],
              "rotation": [
                22.5,
                0.0,
                0.0
              ],
              "uv": [
                20,
                51
              ],
              "inflate": 0
            },
            {
              "origin": [
                2.0,
                9.0,
                -18.0
              ],
              "size": [
                1.0,
                8.0,
                1.0
              ],
              "pivot": [
                0.0,
                0.0,
                0.0
              ],
              "rotation": [
                -37.5,
                0.0,
                -2.5
              ],
              "uv": [
                12,
                7
              ],
              "inflate": 0
            },
            {
              "origin": [
                1.0,
                22.0,
                -8.0
              ],
              "size": [
                1.0,
                3.0,
                3.0
              ],
              "uv": [
                4,
                49
              ],
              "inflate": 0
            }
          ]
        },
        {
          "name": "Base",
          "pivot": [
            0,
            0,
            0
          ],
          "cubes": [
            {
              "origin": [
                -8.0,
                0.0,
                -9.0
              ],
              "size": [
                18.0,
                2.0,
                17.0
              ],
              "uv": [
                0,
                0
              ],
              "inflate": 0
            }
          ]
        },
        {
          "name": "Body",
          "pivot": [
            0,
            0,
            0
          ],
          "cubes": [
            {
              "origin": [
                -1.0,
                11.0,
                -2.0
              ],
              "size": [
                3.0,
                6.0,
                3.0
              ],
              "uv": [
                0,
                7
              ],
              "inflate": 0
            }
          ]
        },
        {
          "name": "Legs",
          "pivot": [
            0,
            0,
            0
          ],
          "cubes": [
            {
              "origin": [
                -1.0,
                2.0,
                0.0
              ],
              "size": [
                2.0,
                9.0,
                2.0
              ],
              "uv": [
                20,
                37
              ],
              "inflate": 0
            },
            {
              "origin": [
                -1.0,
                2.0,
                -3.0
              ],
              "size": [
                2.0,
                9.0,
                2.0
              ],
              "uv": [
                12,
                31
              ],
              "inflate": 0
            },
            {
              "origin": [
                -2.0,
                2.0,
                0.0
              ],
              "size": [
                1.0,
                1.0,
                2.0
              ],
              "uv": [
                9,
                49
              ],
              "inflate": 0
            },
            {
              "origin": [
                -2.0,
                2.0,
                -3.0
              ],
              "size": [
                1.0,
                1.0,
                2.0
              ],
              "uv": [
                0,
                23
              ],
              "inflate": 0
            },
            {
              "origin": [
                -1.0,
                2.0,
                -1.0
              ],
              "size": [
                3.0,
                9.0,
                1.0
              ],
              "uv": [
                28,
                37
              ],
              "inflate": 0
            }
          ]
        },
        {
          "name": "Handbottoml",
          "pivot": [
            0,
            0,
            0
          ],
          "cubes": [
            {
              "origin": [
                -1.0,
                15.0,
                -6.0
              ],
              "size": [
                1.0,
                1.0,
                4.0
              ],
              "pivot": [
                0.0,
                0.0,
                0.0
              ],
              "rotation": [
                -25.18908,
                -6.79382,
                3.18458
              ],
              "uv": [
                46,
                46
              ],
              "inflate": 0
            },
            {
              "origin": [
                -1.0,
                14.0,
                4.0
              ],
              "size": [
                4.0,
                1.0,
                1.0
              ],
              "pivot": [
                0.0,
                0.0,
                0.0
              ],
              "rotation": [
                0.0,
                0.0,
                -10.0
              ],
              "uv": [
                17,
                49
              ],
              "inflate": 0
            },
            {
              "origin": [
                -4.0,
                14.0,
                4.0
              ],
              "size": [
                1.0,
                2.0,
                1.0
              ],
              "uv": [
                44,
                34
              ],
              "inflate": 0
            }
          ]
        },
        {
          "name": "Handbottomr",
          "pivot": [
            0,
            0,
            0
          ],
          "cubes": [
            {
              "origin": [
                0.0,
                15.0,
                2.0
              ],
              "size": [
                1.0,
                1.0,
                4.0
              ],
              "pivot": [
                0.0,
                0.0,
                0.0
              ],
              "rotation": [
                28.0,
                0.0,
                0.0
              ],
              "uv": [
                46,
                19
              ],
              "inflate": 0
            },
            {
              "origin": [
                2.0,
                13.0,
                -6.0
              ],
              "size": [
                4.0,
                1.0,
                1.0
              ],
              "pivot": [
                0.0,
                0.0,
                0.0
              ],
              "rotation": [
                0.0,
                0.0,
                -20.0
              ],
              "uv": [
                38,
                29
              ],
              "inflate": 0
            }
          ]
        },
        {
          "name": "bone",
          "pivot": [
            2,
            0,
            0
          ],
          "cubes": [
            {
              "origin": [
                -2.0,
                1.0,
                -6.0
              ],
              "size": [
                1.0,
                21.0,
                1.0
              ],
              "uv": [
                0,
                31
              ],
              "inflate": 0
            },
            {
              "origin": [
                -2.0,
                19.0,
                -8.0
              ],
              "size": [
                1.0,
                3.0,
                1.0
              ],
              "uv": [
                38,
                43
              ],
              "inflate": 0
            },
            {
              "origin": [
                -2.0,
                19.0,
                -4.0
              ],
              "size": [
                1.0,
                3.0,
                1.0
              ],
              "uv": [
                32,
                19
              ],
              "inflate": 0
            },
            {
              "origin": [
                -2.0,
                18.0,
                -7.0
              ],
              "size": [
                1.0,
                1.0,
                3.0
              ],
              "uv": [
                51,
                32
              ],
              "inflate": 0
            }
          ],
          "parent": "Handbottomr",
          "rotation": [
            0,
            0,
            -7.5
          ]
        },
        {
          "name": "bone2",
          "pivot": [
            0,
            0,
            0
          ],
          "cubes": [
            {
              "origin": [
                1.0,
                14.0,
                4.0
              ],
              "size": [
                1.0,
                1.0,
                4.0
              ],
              "pivot": [
                0.0,
                0.0,
                0.0
              ],
              "rotation": [
                37.5,
                0.0,
                0.0
              ],
              "uv": [
                45,
                34
              ],
              "inflate": 0
            },
            {
              "origin": [
                1.0,
                14.0,
                -7.0
              ],
              "size": [
                1.0,
                1.0,
                4.0
              ],
              "pivot": [
                0.0,
                0.0,
                0.0
              ],
              "rotation": [
                10.0,
                0.0,
                0.0
              ],
              "uv": [
                44,
                29
              ],
              "inflate": 0
            }
          ],
          "rotation": [
            -2.5,
            0,
            0
          ]
        },
        {
          "name": "bone3",
          "pivot": [
            0,
            0,
            0
          ],
          "cubes": [
            {
              "origin": [
                1.0,
                14.0,
                -8.0
              ],
              "size": [
                1.0,
                1.0,
                5.0
              ],
              "pivot": [
                0.0,
                0.0,
                0.0
              ],
              "rotation": [
                -30.0,
                0.0,
                0.0
              ],
              "uv": [
                31,
                19
              ],
              "inflate": 0
            },
            {
              "origin": [
                1.0,
                14.0,
                0.0
              ],
              "size": [
                1.0,
                1.0,
                2.0
              ],
              "pivot": [
                0.0,
                0.0,
                0.0
              ],
              "rotation": [
                -17.5,
                0.0,
                0.0
              ],
              "uv": [
                11,
                0
              ],
              "inflate": 0
            },
            {
              "origin": [
                1.0,
                13.0,
                2.0
              ],
              "size": [
                1.0,
                3.0,
                1.0
              ],
              "pivot": [
                0.0,
                0.0,
                0.0
              ],
              "rotation": [
                -17.5,
                0.0,
                0.0
              ],
              "uv": [
                26,
                19
              ],
              "inflate": 0
            },
            {
              "origin": [
                2.0,
                14.0,
                7.0
              ],
              "size": [
                0.0,
                1.0,
                3.0
              ],
              "uv": [
                0,
                13
              ],
              "inflate": 0
            },
            {
              "origin": [
                2.0,
                14.0,
                10.0
              ],
              "size": [
                0.0,
                5.0,
                1.0
              ],
              "uv": [
                15,
                2
              ],
              "inflate": 0
            },
            {
              "origin": [
                2.0,
                18.0,
                8.0
              ],
              "size": [
                0.0,
                1.0,
                2.0
              ],
              "uv": [
                9,
                5
              ],
              "inflate": 0
            }
          ]
        },
        {
          "name": "bone4",
          "pivot": [
            0,
            0,
            0
          ],
          "cubes": [
            {
              "origin": [
                1.0,
                12.0,
                10.0
              ],
              "size": [
                1.0,
                1.0,
                5.0
              ],
              "pivot": [
                0.0,
                0.0,
                0.0
              ],
              "rotation": [
                35.0,
                0.0,
                0.0
              ],
              "uv": [
                19,
                19
              ],
              "inflate": 0
            },
            {
              "origin": [
                1.0,
                19.0,
                1.0
              ],
              "size": [
                1.0,
                4.0,
                1.0
              ],
              "pivot": [
                0.0,
                0.0,
                0.0
              ],
              "rotation": [
                -10.0,
                0.0,
                0.0
              ],
              "uv": [
                19,
                19
              ],
              "inflate": 0
            },
            {
              "origin": [
                0.0,
                22.0,
                4.0
              ],
              "size": [
                3.0,
                1.0,
                3.0
              ],
              "uv": [
                38,
                19
              ],
              "inflate": 0
            },
            {
              "origin": [
                1.0,
                22.0,
                3.0
              ],
              "size": [
                1.0,
                1.0,
                1.0
              ],
              "uv": [
                51,
                36
              ],
              "inflate": 0
            },
            {
              "origin": [
                3.0,
                22.0,
                5.0
              ],
              "size": [
                1.0,
                1.0,
                1.0
              ],
              "uv": [
                44,
                31
              ],
              "inflate": 0
            },
            {
              "origin": [
                -1.0,
                22.0,
                5.0
              ],
              "size": [
                1.0,
                1.0,
                1.0
              ],
              "uv": [
                43,
                23
              ],
              "inflate": 0
            },
            {
              "origin": [
                1.0,
                22.0,
                7.0
              ],
              "size": [
                1.0,
                1.0,
                1.0
              ],
              "uv": [
                9,
                31
              ],
              "inflate": 0
            }
          ]
        },
        {
          "name": "Lion",
          "pivot": [
            0,
            0,
            0
          ],
          "cubes": [
            {
              "origin": [
                4.0,
                2.0,
                3.0
              ],
              "size": [
                2.0,
                5.0,
                2.0
              ],
              "uv": [
                42,
                43
              ],
              "inflate": 0
            },
            {
              "origin": [
                8.0,
                2.0,
                2.0
              ],
              "size": [
                2.0,
                5.0,
                2.0
              ],
              "uv": [
                12,
                42
              ],
              "inflate": 0
            },
            {
              "origin": [
                4.0,
                5.0,
                5.0
              ],
              "size": [
                6.0,
                6.0,
                6.0
              ],
              "pivot": [
                0.0,
                0.0,
                0.0
              ],
              "rotation": [
                17.5,
                0.0,
                0.0
              ],
              "uv": [
                20,
                25
              ],
              "inflate": 0
            },
            {
              "origin": [
                5.0,
                8.0,
                7.0
              ],
              "size": [
                4.0,
                4.0,
                3.0
              ],
              "uv": [
                0,
                0
              ],
              "inflate": 0
            },
            {
              "origin": [
                4.0,
                6.0,
                -4.0
              ],
              "size": [
                6.0,
                5.0,
                7.0
              ],
              "uv": [
                0,
                19
              ],
              "inflate": 0
            },
            {
              "origin": [
                8.0,
                2.0,
                -4.0
              ],
              "size": [
                2.0,
                4.0,
                2.0
              ],
              "uv": [
                48,
                39
              ],
              "inflate": 0
            },
            {
              "origin": [
                4.0,
                2.0,
                -4.0
              ],
              "size": [
                2.0,
                4.0,
                2.0
              ],
              "uv": [
                34,
                48
              ],
              "inflate": 0
            },
            {
              "origin": [
                5.0,
                8.0,
                -5.0
              ],
              "size": [
                3.0,
                3.0,
                1.0
              ],
              "uv": [
                50,
                28
              ],
              "inflate": 0
            },
            {
              "origin": [
                6.0,
                10.0,
                -5.0
              ],
              "size": [
                1.0,
                1.0,
                4.0
              ],
              "pivot": [
                0.0,
                0.0,
                0.0
              ],
              "rotation": [
                22.5,
                0.0,
                0.0
              ],
              "uv": [
                32,
                43
              ],
              "inflate": 0
            },
            {
              "origin": [
                6.0,
                5.0,
                -14.0
              ],
              "size": [
                1.0,
                1.0,
                4.0
              ],
              "pivot": [
                0.0,
                0.0,
                0.0
              ],
              "rotation": [
                -15.0,
                0.0,
                0.0
              ],
              "uv": [
                26,
                19
              ],
              "inflate": 0
            },
            {
              "origin": [
                6.0,
                13.0,
                -7.0
              ],
              "size": [
                1.0,
                2.0,
                2.0
              ],
              "pivot": [
                0.0,
                0.0,
                0.0
              ],
              "rotation": [
                32.5,
                0.0,
                0.0
              ],
              "uv": [
                0,
                19
              ],
              "inflate": 0
            },
            {
              "origin": [
                6.0,
                9.0,
                8.0
              ],
              "size": [
                2.0,
                2.0,
                2.0
              ],
              "pivot": [
                0.0,
                0.0,
                0.0
              ],
              "rotation": [
                -7.5,
                0.0,
                0.0
              ],
              "uv": [
                47,
                24
              ],
              "inflate": 0
            }
          ]
        }
      ]
    }
  ]
}