{
  "format_version": "1.12.0",
  "minecraft:geometry": [
    {
      "description": {
        "identifier": "geometry.pa_mahaganpati",
        "texture_width": 128,
        "texture_height": 128,
        "visible_bounds_width": 3,
        "visible_bounds_height": 4,
        "visible_bounds_offset": [
          0,
          1,
          0
        ]
      },
      "bones": [
        {
          "name": "Gadha",
          "pivot": [
            0,
            -2,
            -1
          ],
          "cubes": [
            {
              "origin": [
                -4.0,
                0.0,
                -9.0
              ],
              "size": [
                3.0,
                3.0,
                3.0
              ],
              "pivot": [
                0.0,
                -2.0,
                -1.0
              ],
              "rotation": [
                -5.0,
                0.0,
                0.0
              ],
              "uv": [
                12,
                53
              ],
              "inflate": 0
            },
            {
              "origin": [
                -3.0,
                3.0,
                -8.0
              ],
              "size": [
                1.0,
                5.0,
                1.0
              ],
              "pivot": [
                0.0,
                -2.0,
                -1.0
              ],
              "rotation": [
                -5.0,
                0.0,
                0.0
              ],
              "uv": [
                4,
                59
              ],
              "inflate": 0
            }
          ],
          "rotation": [
            -7.5,
            0,
            0
          ]
        },
        {
          "name": "Facebase",
          "pivot": [
            0,
            0,
            0
          ],
          "cubes": [
            {
              "origin": [
                0.0,
                17.0,
                -1.0
              ],
              "size": [
                1.0,
                1.0,
                1.0
              ],
              "uv": [
                45,
                24
              ],
              "inflate": 0
            },
            {
              "origin": [
                0.0,
                18.0,
                -4.0
              ],
              "size": [
                1.0,
                3.0,
                2.0
              ],
              "uv": [
                48,
                57
              ],
              "inflate": 0
            },
            {
              "origin": [
                0.0,
                18.0,
                1.0
              ],
              "size": [
                1.0,
                3.0,
                2.0
              ],
              "uv": [
                42,
                57
              ],
              "inflate": 0
            },
            {
              "origin": [
                -2.0,
                14.0,
                -1.0
              ],
              "size": [
                1.0,
                5.0,
                1.0
              ],
              "uv": [
                0,
                59
              ],
              "inflate": 0
            },
            {
              "origin": [
                -2.0,
                14.0,
                -2.0
              ],
              "size": [
                1.0,
                1.0,
                1.0
              ],
              "uv": [
                45,
                18
              ],
              "inflate": 0
            },
            {
              "origin": [
                -1.0,
                18.0,
                -2.0
              ],
              "size": [
                3.0,
                3.0,
                3.0
              ],
              "uv": [
                0,
                53
              ],
              "inflate": 0
            }
          ]
        },
        {
          "name": "Facetop",
          "pivot": [
            0,
            0,
            0
          ],
          "cubes": [
            {
              "origin": [
                -1.0,
                21.0,
                -1.0
              ],
              "size": [
                1.0,
                1.0,
                1.0
              ],
              "uv": [
                41,
                41
              ],
              "inflate": 0
            },
            {
              "origin": [
                0.0,
                21.0,
                -2.0
              ],
              "size": [
                1.0,
                1.0,
                3.0
              ],
              "uv": [
                40,
                51
              ],
              "inflate": 0
            },
            {
              "origin": [
                0.0,
                22.0,
                -1.0
              ],
              "size": [
                1.0,
                1.0,
                1.0
              ],
              "uv": [
                31,
                32
              ],
              "inflate": 0
            },
            {
              "origin": [
                2.0,
                20.0,
                -2.0
              ],
              "size": [
                1.0,
                3.0,
                3.0
              ],
              "uv": [
                56,
                44
              ],
              "inflate": 0
            },
            {
              "origin": [
                2.0,
                20.0,
                1.0
              ],
              "size": [
                1.0,
                2.0,
                1.0
              ],
              "uv": [
                12,
                13
              ],
              "inflate": 0
            },
            {
              "origin": [
                2.0,
                23.0,
                -1.0
              ],
              "size": [
                1.0,
                1.0,
                1.0
              ],
              "uv": [
                27,
                32
              ],
              "inflate": 0
            },
            {
              "origin": [
                2.0,
                20.0,
                -3.0
              ],
              "size": [
                1.0,
                2.0,
                1.0
              ],
              "uv": [
                0,
                0
              ],
              "inflate": 0
            }
          ]
        },
        {
          "name": "Handtopl",
          "pivot": [
            0,
            0,
            0
          ],
          "cubes": [
            {
              "origin": [
                1.0,
                11.0,
                9.0
              ],
              "size": [
                2.0,
                2.0,
                4.0
              ],
              "pivot": [
                0.0,
                0.0,
                0.0
              ],
              "rotation": [
                30.0,
                0.0,
                0.0
              ],
              "uv": [
                44,
                51
              ],
              "inflate": 0
            },
            {
              "origin": [
                1.0,
                16.0,
                4.0
              ],
              "size": [
                2.0,
                4.0,
                2.0
              ],
              "uv": [
                54,
                55
              ],
              "inflate": 0
            },
            {
              "origin": [
                2.0,
                20.0,
                5.0
              ],
              "size": [
                1.0,
                1.0,
                1.0
              ],
              "uv": [
                23,
                32
              ],
              "inflate": 0
            },
            {
              "origin": [
                1.0,
                21.0,
                4.0
              ],
              "size": [
                3.0,
                1.0,
                3.0
              ],
              "uv": [
                52,
                51
              ],
              "inflate": 0
            },
            {
              "origin": [
                0.0,
                21.0,
                5.0
              ],
              "size": [
                1.0,
                1.0,
                1.0
              ],
              "uv": [
                13,
                30
              ],
              "inflate": 0
            },
            {
              "origin": [
                2.0,
                21.0,
                7.0
              ],
              "size": [
                1.0,
                1.0,
                1.0
              ],
              "uv": [
                28,
                18
              ],
              "inflate": 0
            },
            {
              "origin": [
                4.0,
                21.0,
                5.0
              ],
              "size": [
                1.0,
                1.0,
                1.0
              ],
              "uv": [
                13,
                28
              ],
              "inflate": 0
            },
            {
              "origin": [
                2.0,
                21.0,
                3.0
              ],
              "size": [
                1.0,
                1.0,
                1.0
              ],
              "uv": [
                0,
                3
              ],
              "inflate": 0
            }
          ]
        },
        {
          "name": "Handtopr",
          "pivot": [
            0,
            0,
            0
          ],
          "cubes": [
            {
              "origin": [
                1.0,
                12.0,
                -12.0
              ],
              "size": [
                2.0,
                2.0,
                4.0
              ],
              "pivot": [
                0.0,
                0.0,
                0.0
              ],
              "rotation": [
                -22.5,
                0.0,
                0.0
              ],
              "uv": [
                32,
                51
              ],
              "inflate": 0
            },
            {
              "origin": [
                1.0,
                16.0,
                -7.0
              ],
              "size": [
                2.0,
                4.0,
                2.0
              ],
              "uv": [
                24,
                53
              ],
              "inflate": 0
            },
            {
              "origin": [
                3.0,
                8.0,
                -18.0
              ],
              "size": [
                1.0,
                8.0,
                1.0
              ],
              "pivot": [
                0.0,
                0.0,
                0.0
              ],
              "rotation": [
                -37.5,
                0.0,
                -2.5
              ],
              "uv": [
                32,
                57
              ],
              "inflate": 0
            },
            {
              "origin": [
                2.0,
                21.0,
                -8.0
              ],
              "size": [
                1.0,
                3.0,
                3.0
              ],
              "uv": [
                36,
                41
              ],
              "inflate": 0
            }
          ]
        },
        {
          "name": "Background",
          "pivot": [
            0,
            0,
            0
          ],
          "cubes": [
            {
              "origin": [
                6.0,
                9.0,
                -9.0
              ],
              "size": [
                1.0,
                18.0,
                17.0
              ],
              "uv": [
                0,
                18
              ],
              "inflate": 0
            },
            {
              "origin": [
                6.0,
                27.0,
                -7.0
              ],
              "size": [
                1.0,
                1.0,
                13.0
              ],
              "uv": [
                19,
                18
              ],
              "inflate": 0
            },
            {
              "origin": [
                6.0,
                28.0,
                -5.0
              ],
              "size": [
                1.0,
                1.0,
                9.0
              ],
              "uv": [
                36,
                41
              ],
              "inflate": 0
            },
            {
              "origin": [
                6.0,
                29.0,
                -3.0
              ],
              "size": [
                1.0,
                1.0,
                5.0
              ],
              "uv": [
                51,
                6
              ],
              "inflate": 0
            }
          ]
        },
        {
          "name": "Base",
          "pivot": [
            0,
            0,
            0
          ],
          "cubes": [
            {
              "origin": [
                -9.0,
                0.0,
                -9.0
              ],
              "size": [
                17.0,
                1.0,
                17.0
              ],
              "uv": [
                0,
                0
              ],
              "inflate": 0
            },
            {
              "origin": [
                0.0,
                9.0,
                3.0
              ],
              "size": [
                5.0,
                3.0,
                3.0
              ],
              "uv": [
                0,
                29
              ],
              "inflate": 0
            },
            {
              "origin": [
                0.0,
                9.0,
                -7.0
              ],
              "size": [
                4.0,
                3.0,
                3.0
              ],
              "uv": [
                34,
                24
              ],
              "inflate": 0
            },
            {
              "origin": [
                -1.0,
                1.0,
                -8.0
              ],
              "size": [
                8.0,
                8.0,
                15.0
              ],
              "uv": [
                36,
                18
              ],
              "inflate": 0
            }
          ]
        },
        {
          "name": "Body",
          "pivot": [
            0,
            0,
            0
          ],
          "cubes": [
            {
              "origin": [
                -1.0,
                9.0,
                -3.0
              ],
              "size": [
                3.0,
                8.0,
                5.0
              ],
              "uv": [
                0,
                0
              ],
              "inflate": 0
            }
          ]
        },
        {
          "name": "Legs",
          "pivot": [
            0,
            0,
            0
          ],
          "cubes": [
            {
              "origin": [
                -3.0,
                1.0,
                0.0
              ],
              "size": [
                3.0,
                9.0,
                3.0
              ],
              "uv": [
                19,
                18
              ],
              "inflate": 0
            },
            {
              "origin": [
                -4.0,
                3.0,
                -4.0
              ],
              "size": [
                4.0,
                8.0,
                3.0
              ],
              "uv": [
                0,
                18
              ],
              "inflate": 0
            },
            {
              "origin": [
                -4.0,
                1.0,
                0.0
              ],
              "size": [
                1.0,
                1.0,
                2.0
              ],
              "uv": [
                19,
                32
              ],
              "inflate": 0
            },
            {
              "origin": [
                -5.0,
                3.0,
                -3.0
              ],
              "size": [
                1.0,
                1.0,
                2.0
              ],
              "uv": [
                11,
                18
              ],
              "inflate": 0
            },
            {
              "origin": [
                -5.0,
                0.0,
                -4.0
              ],
              "size": [
                4.0,
                3.0,
                3.0
              ],
              "uv": [
                34,
                18
              ],
              "inflate": 0
            }
          ]
        },
        {
          "name": "Handbottoml",
          "pivot": [
            0,
            0,
            0
          ],
          "cubes": [
            {
              "origin": [
                0.0,
                14.0,
                -6.0
              ],
              "size": [
                2.0,
                2.0,
                4.0
              ],
              "pivot": [
                0.0,
                0.0,
                0.0
              ],
              "rotation": [
                -25.0,
                0.0,
                0.0
              ],
              "uv": [
                51,
                0
              ],
              "inflate": 0
            },
            {
              "origin": [
                2.0,
                12.0,
                3.0
              ],
              "size": [
                4.0,
                2.0,
                2.0
              ],
              "pivot": [
                0.0,
                0.0,
                0.0
              ],
              "rotation": [
                0.0,
                0.0,
                -20.0
              ],
              "uv": [
                51,
                12
              ],
              "inflate": 0
            },
            {
              "origin": [
                -3.0,
                12.0,
                3.0
              ],
              "size": [
                1.0,
                3.0,
                2.0
              ],
              "uv": [
                36,
                57
              ],
              "inflate": 0
            }
          ]
        },
        {
          "name": "Handbottomr",
          "pivot": [
            0,
            0,
            0
          ],
          "cubes": [
            {
              "origin": [
                0.0,
                14.0,
                2.0
              ],
              "size": [
                2.0,
                2.0,
                4.0
              ],
              "pivot": [
                0.0,
                0.0,
                0.0
              ],
              "rotation": [
                28.0,
                0.0,
                0.0
              ],
              "uv": [
                47,
                41
              ],
              "inflate": 0
            },
            {
              "origin": [
                2.0,
                12.0,
                -6.0
              ],
              "size": [
                4.0,
                2.0,
                2.0
              ],
              "pivot": [
                0.0,
                0.0,
                0.0
              ],
              "rotation": [
                0.0,
                0.0,
                -20.0
              ],
              "uv": [
                0,
                13
              ],
              "inflate": 0
            },
            {
              "origin": [
                -3.0,
                11.0,
                -6.0
              ],
              "size": [
                1.0,
                3.0,
                2.0
              ],
              "uv": [
                11,
                0
              ],
              "inflate": 0
            }
          ]
        }
      ]
    }
  ]
}