{
  "format_version": "1.12.0",
  "minecraft:geometry": [
    {
      "description": {
        "identifier": "geometry.pa_nandi",
        "texture_width": 128,
        "texture_height": 128,
        "visible_bounds_width": 6,
        "visible_bounds_height": 3.5,
        "visible_bounds_offset": [
          0,
          1.25,
          0
        ]
      },
      "bones": [
        {
          "name": "Lion"
        },
        {
          "name": "Body",
          "pivot": [
            0,
            0,
            1
          ],
          "cubes": [
            {
              "origin": [
                -6.0,
                12.0,
                -7.0
              ],
              "size": [
                12.0,
                9.0,
                16.0
              ],
              "pivot": [
                0.0,
                12.5,
                -7.5
              ],
              "rotation": [
                -5.0,
                0.0,
                0.0
              ],
              "uv": [
                0,
                0
              ],
              "inflate": 0
            },
            {
              "origin": [
                -7.0,
                12.0,
                -4.0
              ],
              "size": [
                14.0,
                10.0,
                10.0
              ],
              "pivot": [
                0.0,
                12.5,
                -7.5
              ],
              "rotation": [
                -5.0,
                0.0,
                0.0
              ],
              "uv": [
                0,
                43
              ],
              "inflate": 0
            },
            {
              "origin": [
                -6.0,
                12.0,
                9.0
              ],
              "size": [
                12.0,
                6.0,
                2.0
              ],
              "pivot": [
                0.0,
                12.5,
                -7.5
              ],
              "rotation": [
                -5.0,
                0.0,
                0.0
              ],
              "uv": [
                48,
                51
              ],
              "inflate": 0
            },
            {
              "origin": [
                -6.0,
                12.0,
                -9.0
              ],
              "size": [
                12.0,
                6.0,
                2.0
              ],
              "pivot": [
                0.0,
                12.5,
                -7.5
              ],
              "rotation": [
                -5.0,
                0.0,
                0.0
              ],
              "uv": [
                38,
                43
              ],
              "inflate": 0
            },
            {
              "origin": [
                -6.0,
                17.06088,
                -6.48627
              ],
              "size": [
                12.0,
                4.0,
                2.0
              ],
              "pivot": [
                0.0,
                21.02265,
                -6.51874
              ],
              "rotation": [
                -35.0,
                0.0,
                0.0
              ],
              "uv": [
                56,
                13
              ],
              "inflate": 0
            },
            {
              "origin": [
                -6.0,
                10.0,
                -7.0
              ],
              "size": [
                12.0,
                2.0,
                16.0
              ],
              "pivot": [
                0.0,
                12.5,
                -7.5
              ],
              "rotation": [
                -5.0,
                0.0,
                0.0
              ],
              "uv": [
                0,
                25
              ],
              "inflate": 0
            },
            {
              "origin": [
                -5.0,
                10.0,
                -9.0
              ],
              "size": [
                10.0,
                2.0,
                2.0
              ],
              "pivot": [
                0.0,
                12.5,
                -7.5
              ],
              "rotation": [
                -5.0,
                0.0,
                0.0
              ],
              "uv": [
                68,
                25
              ],
              "inflate": 0
            },
            {
              "origin": [
                -6.0,
                15.44053,
                9.36919
              ],
              "size": [
                12.0,
                4.0,
                2.0
              ],
              "pivot": [
                0.0,
                15.94814,
                10.5435
              ],
              "rotation": [
                27.5,
                0.0,
                0.0
              ],
              "uv": [
                56,
                19
              ],
              "inflate": 0
            }
          ],
          "parent": "Lion",
          "rotation": [
            5,
            0,
            0
          ]
        },
        {
          "name": "bone",
          "pivot": [
            0,
            16.91323,
            -8.91647
          ],
          "cubes": [
            {
              "origin": [
                -3.0,
                15.66699,
                -15.55643
              ],
              "size": [
                6.0,
                6.0,
                6.0
              ],
              "pivot": [
                0.0,
                20.91323,
                -14.91647
              ],
              "rotation": [
                -55.0,
                0.0,
                0.0
              ],
              "uv": [
                40,
                25
              ],
              "inflate": 0
            },
            {
              "origin": [
                -5.0,
                16.66699,
                -20.55643
              ],
              "size": [
                2.0,
                2.0,
                6.0
              ],
              "pivot": [
                0.0,
                20.91323,
                -14.91647
              ],
              "rotation": [
                -55.0,
                0.0,
                0.0
              ],
              "uv": [
                0,
                33
              ],
              "inflate": 0
            },
            {
              "origin": [
                3.0,
                16.66699,
                -20.55643
              ],
              "size": [
                2.0,
                2.0,
                6.0
              ],
              "pivot": [
                0.0,
                20.91323,
                -14.91647
              ],
              "rotation": [
                -55.0,
                0.0,
                0.0
              ],
              "uv": [
                0,
                25
              ],
              "inflate": 0
            },
            {
              "origin": [
                -3.0,
                16.66699,
                -22.55643
              ],
              "size": [
                1.0,
                2.0,
                3.0
              ],
              "pivot": [
                0.0,
                20.91323,
                -14.91647
              ],
              "rotation": [
                -55.0,
                0.0,
                0.0
              ],
              "uv": [
                52,
                59
              ],
              "inflate": 0
            },
            {
              "origin": [
                2.0,
                16.66699,
                -22.55643
              ],
              "size": [
                1.0,
                2.0,
                3.0
              ],
              "pivot": [
                0.0,
                20.91323,
                -14.91647
              ],
              "rotation": [
                -55.0,
                0.0,
                0.0
              ],
              "uv": [
                59,
                0
              ],
              "inflate": 0
            },
            {
              "origin": [
                -4.0,
                16.66699,
                -21.55643
              ],
              "size": [
                1.0,
                2.0,
                1.0
              ],
              "pivot": [
                0.0,
                20.91323,
                -14.91647
              ],
              "rotation": [
                -55.0,
                0.0,
                0.0
              ],
              "uv": [
                0,
                3
              ],
              "inflate": 0
            },
            {
              "origin": [
                3.0,
                16.66699,
                -21.55643
              ],
              "size": [
                1.0,
                2.0,
                1.0
              ],
              "pivot": [
                0.0,
                20.91323,
                -14.91647
              ],
              "rotation": [
                -55.0,
                0.0,
                0.0
              ],
              "uv": [
                0,
                0
              ],
              "inflate": 0
            },
            {
              "origin": [
                -1.0,
                15.66699,
                -12.55643
              ],
              "size": [
                2.0,
                6.0,
                6.0
              ],
              "pivot": [
                0.0,
                20.91323,
                -14.91647
              ],
              "rotation": [
                -55.0,
                0.0,
                0.0
              ],
              "uv": [
                0,
                0
              ],
              "inflate": 0
            },
            {
              "origin": [
                -3.0,
                15.0,
                -15.0
              ],
              "size": [
                6.0,
                6.0,
                9.0
              ],
              "pivot": [
                0.0,
                15.5,
                -7.5
              ],
              "rotation": [
                -5.0,
                0.0,
                0.0
              ],
              "uv": [
                86,
                0
              ],
              "inflate": 0
            },
            {
              "origin": [
                -1.0,
                12.0,
                -13.0
              ],
              "size": [
                2.0,
                6.0,
                7.0
              ],
              "pivot": [
                0.0,
                15.5,
                -7.5
              ],
              "rotation": [
                -5.0,
                0.0,
                0.0
              ],
              "uv": [
                20,
                63
              ],
              "inflate": 0
            },
            {
              "origin": [
                -2.0,
                12.66699,
                -13.55643
              ],
              "size": [
                4.0,
                3.0,
                4.0
              ],
              "pivot": [
                0.0,
                20.91323,
                -14.91647
              ],
              "rotation": [
                -55.0,
                0.0,
                0.0
              ],
              "uv": [
                0,
                75
              ],
              "inflate": 0
            }
          ],
          "parent": "Body",
          "rotation": [
            -17.5,
            0,
            0
          ]
        },
        {
          "name": "Tail",
          "pivot": [
            0,
            14.58021,
            10.99981
          ],
          "cubes": [
            {
              "origin": [
                -1.0,
                13.0,
                11.0
              ],
              "size": [
                2.0,
                2.0,
                9.0
              ],
              "uv": [
                39,
                59
              ],
              "inflate": 0
            },
            {
              "origin": [
                -1.0,
                13.0,
                20.0
              ],
              "size": [
                2.0,
                2.0,
                9.0
              ],
              "pivot": [
                0.0,
                13.0,
                19.5
              ],
              "rotation": [
                55.0,
                0.0,
                0.0
              ],
              "uv": [
                55,
                28
              ],
              "inflate": 0
            },
            {
              "origin": [
                -1.0,
                21.37104,
                23.08061
              ],
              "size": [
                2.0,
                3.0,
                3.0
              ],
              "pivot": [
                0.0,
                22.87104,
                24.58061
              ],
              "rotation": [
                122.5,
                0.0,
                0.0
              ],
              "uv": [
                0,
                43
              ],
              "inflate": 0
            }
          ],
          "parent": "Body",
          "rotation": [
            -42.5,
            0,
            0
          ]
        },
        {
          "name": "Legs2",
          "pivot": [
            3.5,
            12.375,
            -5.375
          ],
          "cubes": [
            {
              "origin": [
                1.0,
                0.0,
                -8.0
              ],
              "size": [
                5.0,
                2.0,
                5.0
              ],
              "uv": [
                58,
                71
              ],
              "inflate": 0
            },
            {
              "origin": [
                1.0,
                5.0,
                -8.0
              ],
              "size": [
                5.0,
                7.0,
                5.0
              ],
              "uv": [
                61,
                59
              ],
              "inflate": 0
            },
            {
              "origin": [
                2.0,
                2.0,
                -7.0
              ],
              "size": [
                3.0,
                3.0,
                3.0
              ],
              "uv": [
                76,
                50
              ],
              "inflate": 0
            }
          ],
          "parent": "Lion"
        },
        {
          "name": "Legs4",
          "pivot": [
            3.5,
            11.25,
            7.75
          ],
          "cubes": [
            {
              "origin": [
                1.0,
                0.0,
                5.0
              ],
              "size": [
                5.0,
                2.0,
                5.0
              ],
              "uv": [
                68,
                29
              ],
              "inflate": 0
            },
            {
              "origin": [
                2.0,
                2.0,
                6.0
              ],
              "size": [
                3.0,
                3.0,
                3.0
              ],
              "uv": [
                16,
                76
              ],
              "inflate": 0
            },
            {
              "origin": [
                1.0,
                5.0,
                5.0
              ],
              "size": [
                5.0,
                6.0,
                5.0
              ],
              "uv": [
                66,
                0
              ],
              "inflate": 0
            }
          ],
          "parent": "Lion"
        },
        {
          "name": "Legs3",
          "pivot": [
            -3.5,
            11.25,
            7.75
          ],
          "cubes": [
            {
              "origin": [
                -6.0,
                0.0,
                5.0
              ],
              "size": [
                5.0,
                2.0,
                5.0
              ],
              "uv": [
                38,
                70
              ],
              "inflate": 0
            },
            {
              "origin": [
                -5.0,
                2.0,
                6.0
              ],
              "size": [
                3.0,
                3.0,
                3.0
              ],
              "uv": [
                28,
                76
              ],
              "inflate": 0
            },
            {
              "origin": [
                -6.0,
                5.0,
                5.0
              ],
              "size": [
                5.0,
                6.0,
                5.0
              ],
              "uv": [
                66,
                39
              ],
              "inflate": 0
            }
          ],
          "parent": "Lion"
        },
        {
          "name": "Legs",
          "pivot": [
            -3.5,
            12.375,
            -5.375
          ],
          "cubes": [
            {
              "origin": [
                -6.0,
                0.0,
                -8.0
              ],
              "size": [
                5.0,
                2.0,
                5.0
              ],
              "uv": [
                73,
                73
              ],
              "inflate": 0
            },
            {
              "origin": [
                -6.0,
                5.0,
                -8.0
              ],
              "size": [
                5.0,
                7.0,
                5.0
              ],
              "uv": [
                0,
                63
              ],
              "inflate": 0
            },
            {
              "origin": [
                -5.0,
                2.0,
                -7.0
              ],
              "size": [
                3.0,
                3.0,
                3.0
              ],
              "uv": [
                76,
                56
              ],
              "inflate": 0
            }
          ],
          "parent": "Lion"
        }
      ]
    }
  ]
}