{
  "format_version": "1.12.0",
  "minecraft:geometry": [
    {
      "description": {
        "identifier": "geometry.pa_pillar_1",
        "texture_width": 64,
        "texture_height": 64,
        "visible_bounds_width": 3,
        "visible_bounds_height": 3,
        "visible_bounds_offset": [
          0,
          0.5,
          0
        ]
      },
      "bones": [
        {
          "name": "bone",
          "pivot": [
            0,
            0,
            0
          ],
          "cubes": [
            {
              "origin": [
                -8.0,
                15.0,
                -8.0
              ],
              "size": [
                16.0,
                1.0,
                16.0
              ],
              "uv": [
                0,
                0
              ],
              "inflate": 0
            },
            {
              "origin": [
                -7.0,
                14.0,
                -7.0
              ],
              "size": [
                14.0,
                1.0,
                14.0
              ],
              "uv": [
                0,
                17
              ],
              "inflate": 0
            },
            {
              "origin": [
                -3.0,
                0.0,
                -3.0
              ],
              "size": [
                6.0,
                14.0,
                6.0
              ],
              "uv": [
                0,
                32
              ],
              "inflate": 0
            },
            {
              "origin": [
                3.0,
                0.0,
                -2.0
              ],
              "size": [
                2.0,
                14.0,
                4.0
              ],
              "uv": [
                36,
                32
              ],
              "inflate": 0
            },
            {
              "origin": [
                -2.0,
                0.0,
                -5.0
              ],
              "size": [
                4.0,
                14.0,
                2.0
              ],
              "uv": [
                48,
                0
              ],
              "inflate": 0
            },
            {
              "origin": [
                -5.0,
                0.0,
                -2.0
              ],
              "size": [
                2.0,
                14.0,
                4.0
              ],
              "uv": [
                24,
                32
              ],
              "inflate": 0
            },
            {
              "origin": [
                -2.0,
                0.0,
                3.0
              ],
              "size": [
                4.0,
                14.0,
                2.0
              ],
              "uv": [
                0,
                0
              ],
              "inflate": 0
            }
          ]
        }
      ]
    }
  ]
}