{
  "format_version": "1.12.0",
  "minecraft:geometry": [
    {
      "description": {
        "identifier": "geometry.pa_parvati",
        "texture_width": 128,
        "texture_height": 128,
        "visible_bounds_width": 8,
        "visible_bounds_height": 6,
        "visible_bounds_offset": [
          0,
          2,
          0
        ]
      },
      "bones": [
        {
          "name": "Shriram"
        },
        {
          "name": "Body",
          "cubes": [
            {
              "origin": [
                -4.0,
                18.0,
                -2.0
              ],
              "size": [
                8.0,
                9.0,
                6.0
              ],
              "uv": [
                45,
                58
              ],
              "inflate": 0
            },
            {
              "origin": [
                -5.0,
                19.0,
                -3.0
              ],
              "size": [
                10.0,
                2.0,
                8.0
              ],
              "uv": [
                0,
                49
              ],
              "inflate": 0
            },
            {
              "origin": [
                -6.0,
                27.0,
                -2.0
              ],
              "size": [
                12.0,
                6.0,
                6.0
              ],
              "uv": [
                0,
                0
              ],
              "inflate": 0
            },
            {
              "origin": [
                -4.0,
                23.0,
                -4.0
              ],
              "size": [
                2.0,
                10.0,
                2.0
              ],
              "uv": [
                22,
                85
              ],
              "inflate": 0
            },
            {
              "origin": [
                2.0,
                22.0,
                -3.0
              ],
              "size": [
                4.0,
                16.0,
                1.0
              ],
              "pivot": [
                -3.0,
                33.0,
                -2.5
              ],
              "rotation": [
                0.0,
                0.0,
                37.5
              ],
              "uv": [
                72,
                10
              ],
              "inflate": 0
            },
            {
              "origin": [
                4.0,
                1.0,
                4.0
              ],
              "size": [
                4.0,
                32.0,
                1.0
              ],
              "uv": [
                35,
                58
              ],
              "inflate": 0
            },
            {
              "origin": [
                2.0,
                23.0,
                -4.0
              ],
              "size": [
                2.0,
                10.0,
                2.0
              ],
              "uv": [
                14,
                85
              ],
              "inflate": 0
            },
            {
              "origin": [
                -3.0,
                22.0,
                -4.0
              ],
              "size": [
                6.0,
                1.0,
                2.0
              ],
              "uv": [
                67,
                59
              ],
              "inflate": 0
            },
            {
              "origin": [
                4.0,
                31.0,
                -3.0
              ],
              "size": [
                3.0,
                2.0,
                8.0
              ],
              "uv": [
                70,
                0
              ],
              "inflate": 0
            },
            {
              "origin": [
                -2.0,
                21.0,
                -4.0
              ],
              "size": [
                4.0,
                1.0,
                2.0
              ],
              "uv": [
                23,
                77
              ],
              "inflate": 0
            }
          ],
          "parent": "Shriram"
        },
        {
          "name": "Hand1",
          "pivot": [
            -7,
            32.16667,
            0.83333
          ],
          "cubes": [
            {
              "origin": [
                -8.91299,
                24.06626,
                -0.96122
              ],
              "size": [
                3.0,
                8.0,
                4.0
              ],
              "uv": [
                0,
                76
              ],
              "inflate": 0
            }
          ],
          "parent": "Body",
          "rotation": [
            -9.04299,
            -7.06579,
            11.91589
          ]
        },
        {
          "name": "bone4",
          "pivot": [
            -7.41299,
            24.06626,
            1.53878
          ],
          "cubes": [
            {
              "origin": [
                -8.91299,
                16.06626,
                0.03878
              ],
              "size": [
                3.0,
                9.0,
                3.0
              ],
              "pivot": [
                -7.41299,
                24.06626,
                1.53878
              ],
              "rotation": [
                -50.0,
                0.0,
                0.0
              ],
              "uv": [
                81,
                59
              ],
              "inflate": 0
            }
          ],
          "parent": "Hand1",
          "rotation": [
            27.51118,
            1.15133,
            4.28143
          ]
        },
        {
          "name": "bone",
          "pivot": [
            -7.41299,
            18.73293,
            -3.79456
          ],
          "cubes": [
            {
              "origin": [
                -8.91299,
                12.06626,
                0.03878
              ],
              "size": [
                1.0,
                2.0,
                3.0
              ],
              "pivot": [
                -7.41299,
                24.06626,
                1.53878
              ],
              "rotation": [
                -50.0,
                0.0,
                0.0
              ],
              "uv": [
                0,
                49
              ],
              "inflate": 0
            },
            {
              "origin": [
                -8.91299,
                14.06626,
                0.03878
              ],
              "size": [
                3.0,
                2.0,
                3.0
              ],
              "pivot": [
                -7.41299,
                24.06626,
                1.53878
              ],
              "rotation": [
                -50.0,
                0.0,
                0.0
              ],
              "uv": [
                64,
                0
              ],
              "inflate": 0
            },
            {
              "origin": [
                -6.91299,
                16.35281,
                -6.90724
              ],
              "size": [
                1.0,
                2.0,
                1.0
              ],
              "pivot": [
                -6.41299,
                18.76164,
                -6.5305
              ],
              "rotation": [
                -64.77923,
                9.65591,
                2.61303
              ],
              "uv": [
                30,
                3
              ],
              "inflate": 0
            }
          ],
          "parent": "bone4",
          "rotation": [
            -21.67452,
            0.68388,
            -18.12778
          ]
        },
        {
          "name": "Hand2",
          "pivot": [
            6,
            30.16667,
            0.83333
          ],
          "cubes": [
            {
              "origin": [
                6.0,
                24.0,
                -1.0
              ],
              "size": [
                3.0,
                8.0,
                4.0
              ],
              "uv": [
                63,
                74
              ],
              "inflate": 0
            }
          ],
          "parent": "Body",
          "rotation": [
            -73.90157,
            -51.77977,
            7.45458
          ]
        },
        {
          "name": "bone5",
          "pivot": [
            7.5,
            24,
            1.5
          ],
          "cubes": [
            {
              "origin": [
                6.0,
                16.0,
                0.0
              ],
              "size": [
                3.0,
                9.0,
                3.0
              ],
              "pivot": [
                7.5,
                24.0,
                1.5
              ],
              "rotation": [
                -50.0,
                0.0,
                0.0
              ],
              "uv": [
                36,
                0
              ],
              "inflate": 0
            }
          ],
          "parent": "Hand2",
          "rotation": [
            37.76147,
            15.65086,
            25.2265
          ]
        },
        {
          "name": "bone2",
          "pivot": [
            7.5,
            18.66667,
            -3.83333
          ],
          "cubes": [
            {
              "origin": [
                8.0,
                12.0,
                0.0
              ],
              "size": [
                1.0,
                2.0,
                3.0
              ],
              "pivot": [
                7.5,
                24.0,
                1.5
              ],
              "rotation": [
                -50.0,
                0.0,
                0.0
              ],
              "uv": [
                0,
                12
              ],
              "inflate": 0
            },
            {
              "origin": [
                7.0,
                13.0,
                -20.0
              ],
              "size": [
                1.0,
                1.0,
                48.0
              ],
              "pivot": [
                7.5,
                24.0,
                1.5
              ],
              "rotation": [
                -50.0,
                0.0,
                0.0
              ],
              "uv": [
                0,
                0
              ],
              "inflate": 0
            },
            {
              "origin": [
                6.0,
                35.1358,
                -22.47037
              ],
              "size": [
                2.0,
                1.0,
                2.0
              ],
              "pivot": [
                7.5,
                35.6358,
                -21.97037
              ],
              "rotation": [
                -59.31794,
                27.03402,
                -37.45372
              ],
              "uv": [
                0,
                54
              ],
              "inflate": 0
            },
            {
              "origin": [
                7.0,
                13.0,
                -22.0
              ],
              "size": [
                1.0,
                1.0,
                2.0
              ],
              "pivot": [
                7.5,
                24.0,
                1.5
              ],
              "rotation": [
                -50.0,
                0.0,
                0.0
              ],
              "uv": [
                0,
                27
              ],
              "inflate": 0
            },
            {
              "origin": [
                5.0,
                13.0,
                -20.0
              ],
              "size": [
                5.0,
                1.0,
                1.0
              ],
              "pivot": [
                7.5,
                24.0,
                1.5
              ],
              "rotation": [
                -50.0,
                0.0,
                0.0
              ],
              "uv": [
                67,
                62
              ],
              "inflate": 0
            },
            {
              "origin": [
                10.0,
                32.83766,
                -25.54201
              ],
              "size": [
                1.0,
                1.0,
                6.0
              ],
              "pivot": [
                9.5,
                33.33766,
                -20.04201
              ],
              "rotation": [
                -50.0,
                0.0,
                0.0
              ],
              "uv": [
                28,
                49
              ],
              "inflate": 0
            },
            {
              "origin": [
                4.0,
                32.83766,
                -25.54201
              ],
              "size": [
                1.0,
                1.0,
                6.0
              ],
              "pivot": [
                5.5,
                33.33766,
                -20.04201
              ],
              "rotation": [
                -50.0,
                0.0,
                0.0
              ],
              "uv": [
                15,
                23
              ],
              "inflate": 0
            },
            {
              "origin": [
                3.0,
                32.83766,
                -24.54201
              ],
              "size": [
                1.0,
                1.0,
                4.0
              ],
              "pivot": [
                5.5,
                33.33766,
                -20.04201
              ],
              "rotation": [
                -50.0,
                0.0,
                0.0
              ],
              "uv": [
                37,
                25
              ],
              "inflate": 0
            },
            {
              "origin": [
                11.0,
                32.83766,
                -24.54201
              ],
              "size": [
                1.0,
                1.0,
                4.0
              ],
              "pivot": [
                5.5,
                33.33766,
                -20.04201
              ],
              "rotation": [
                -50.0,
                0.0,
                0.0
              ],
              "uv": [
                37,
                20
              ],
              "inflate": 0
            },
            {
              "origin": [
                5.0,
                13.0,
                -19.0
              ],
              "size": [
                5.0,
                1.0,
                1.0
              ],
              "pivot": [
                7.5,
                24.0,
                1.5
              ],
              "rotation": [
                -50.0,
                0.0,
                0.0
              ],
              "uv": [
                22,
                67
              ],
              "inflate": 0
            },
            {
              "origin": [
                6.0,
                14.0,
                0.0
              ],
              "size": [
                3.0,
                2.0,
                3.0
              ],
              "pivot": [
                7.5,
                24.0,
                1.5
              ],
              "rotation": [
                -50.0,
                0.0,
                0.0
              ],
              "uv": [
                22,
                59
              ],
              "inflate": 0
            },
            {
              "origin": [
                6.0,
                16.28655,
                -6.94602
              ],
              "size": [
                1.0,
                2.0,
                1.0
              ],
              "pivot": [
                6.5,
                18.69538,
                -6.56928
              ],
              "rotation": [
                -44.31081,
                26.06465,
                24.23178
              ],
              "uv": [
                28,
                16
              ],
              "inflate": 0
            }
          ],
          "parent": "bone5",
          "rotation": [
            1.72642,
            -3.3393,
            10.43963
          ]
        },
        {
          "name": "Face",
          "pivot": [
            0,
            33,
            1
          ],
          "parent": "Shriram"
        },
        {
          "name": "Face1",
          "cubes": [
            {
              "origin": [
                -2.0,
                33.0,
                0.0
              ],
              "size": [
                4.0,
                1.0,
                2.0
              ],
              "uv": [
                22,
                64
              ],
              "inflate": 0
            },
            {
              "origin": [
                -4.0,
                34.0,
                -2.0
              ],
              "size": [
                8.0,
                9.0,
                6.0
              ],
              "uv": [
                50,
                24
              ],
              "inflate": 0
            },
            {
              "origin": [
                -5.0,
                24.0,
                4.0
              ],
              "size": [
                10.0,
                16.0,
                1.0
              ],
              "uv": [
                0,
                59
              ],
              "inflate": 0
            },
            {
              "origin": [
                -5.0,
                43.0,
                -3.0
              ],
              "size": [
                10.0,
                3.0,
                8.0
              ],
              "uv": [
                0,
                12
              ],
              "inflate": 0
            },
            {
              "origin": [
                -8.0,
                43.0,
                5.0
              ],
              "size": [
                2.0,
                3.0,
                1.0
              ],
              "uv": [
                10,
                76
              ],
              "inflate": 0
            },
            {
              "origin": [
                -8.0,
                43.0,
                5.0
              ],
              "size": [
                2.0,
                3.0,
                1.0
              ],
              "pivot": [
                0.0,
                44.5,
                5.5
              ],
              "rotation": [
                0.0,
                0.0,
                -20.0
              ],
              "uv": [
                56,
                73
              ],
              "inflate": 0
            },
            {
              "origin": [
                -8.0,
                43.0,
                5.0
              ],
              "size": [
                2.0,
                3.0,
                1.0
              ],
              "pivot": [
                0.0,
                44.5,
                5.5
              ],
              "rotation": [
                0.0,
                0.0,
                20.0
              ],
              "uv": [
                45,
                73
              ],
              "inflate": 0
            },
            {
              "origin": [
                -8.0,
                43.0,
                5.0
              ],
              "size": [
                2.0,
                3.0,
                1.0
              ],
              "pivot": [
                0.0,
                44.5,
                5.5
              ],
              "rotation": [
                0.0,
                0.0,
                40.0
              ],
              "uv": [
                72,
                40
              ],
              "inflate": 0
            },
            {
              "origin": [
                -8.0,
                43.0,
                5.0
              ],
              "size": [
                2.0,
                3.0,
                1.0
              ],
              "pivot": [
                0.0,
                44.5,
                5.5
              ],
              "rotation": [
                0.0,
                0.0,
                60.0
              ],
              "uv": [
                28,
                69
              ],
              "inflate": 0
            },
            {
              "origin": [
                -8.0,
                43.0,
                5.0
              ],
              "size": [
                2.0,
                3.0,
                1.0
              ],
              "pivot": [
                0.0,
                44.5,
                5.5
              ],
              "rotation": [
                0.0,
                0.0,
                77.5
              ],
              "uv": [
                65,
                49
              ],
              "inflate": 0
            },
            {
              "origin": [
                -8.0,
                43.0,
                5.0
              ],
              "size": [
                2.0,
                3.0,
                1.0
              ],
              "pivot": [
                0.0,
                44.5,
                5.5
              ],
              "rotation": [
                0.0,
                0.0,
                97.5
              ],
              "uv": [
                45,
                58
              ],
              "inflate": 0
            },
            {
              "origin": [
                -8.0,
                43.0,
                5.0
              ],
              "size": [
                2.0,
                3.0,
                1.0
              ],
              "pivot": [
                0.0,
                44.5,
                5.5
              ],
              "rotation": [
                0.0,
                0.0,
                117.5
              ],
              "uv": [
                50,
                39
              ],
              "inflate": 0
            },
            {
              "origin": [
                -8.0,
                43.0,
                5.0
              ],
              "size": [
                2.0,
                3.0,
                1.0
              ],
              "pivot": [
                0.0,
                44.5,
                5.5
              ],
              "rotation": [
                0.0,
                0.0,
                137.5
              ],
              "uv": [
                50,
                24
              ],
              "inflate": 0
            },
            {
              "origin": [
                -8.0,
                43.0,
                5.0
              ],
              "size": [
                2.0,
                3.0,
                1.0
              ],
              "pivot": [
                0.0,
                44.5,
                5.5
              ],
              "rotation": [
                0.0,
                0.0,
                157.5
              ],
              "uv": [
                50,
                0
              ],
              "inflate": 0
            },
            {
              "origin": [
                -8.0,
                43.0,
                5.0
              ],
              "size": [
                2.0,
                3.0,
                1.0
              ],
              "pivot": [
                0.0,
                44.5,
                5.5
              ],
              "rotation": [
                0.0,
                0.0,
                177.5
              ],
              "uv": [
                36,
                49
              ],
              "inflate": 0
            },
            {
              "origin": [
                -8.0,
                43.0,
                5.0
              ],
              "size": [
                2.0,
                3.0,
                1.0
              ],
              "pivot": [
                0.0,
                44.5,
                5.5
              ],
              "rotation": [
                0.0,
                0.0,
                -162.5
              ],
              "uv": [
                28,
                49
              ],
              "inflate": 0
            },
            {
              "origin": [
                -8.0,
                43.0,
                5.0
              ],
              "size": [
                2.0,
                3.0,
                1.0
              ],
              "pivot": [
                0.0,
                44.5,
                5.5
              ],
              "rotation": [
                0.0,
                0.0,
                -142.5
              ],
              "uv": [
                41,
                12
              ],
              "inflate": 0
            },
            {
              "origin": [
                -8.0,
                43.0,
                5.0
              ],
              "size": [
                2.0,
                3.0,
                1.0
              ],
              "pivot": [
                0.0,
                44.5,
                5.5
              ],
              "rotation": [
                0.0,
                0.0,
                -122.5
              ],
              "uv": [
                28,
                12
              ],
              "inflate": 0
            },
            {
              "origin": [
                -8.0,
                43.0,
                5.0
              ],
              "size": [
                2.0,
                3.0,
                1.0
              ],
              "pivot": [
                0.0,
                44.5,
                5.5
              ],
              "rotation": [
                0.0,
                0.0,
                -102.5
              ],
              "uv": [
                23,
                23
              ],
              "inflate": 0
            },
            {
              "origin": [
                -8.0,
                43.0,
                5.0
              ],
              "size": [
                2.0,
                3.0,
                1.0
              ],
              "pivot": [
                0.0,
                44.5,
                5.5
              ],
              "rotation": [
                0.0,
                0.0,
                -82.5
              ],
              "uv": [
                15,
                23
              ],
              "inflate": 0
            },
            {
              "origin": [
                -8.0,
                43.0,
                5.0
              ],
              "size": [
                2.0,
                3.0,
                1.0
              ],
              "pivot": [
                0.0,
                44.5,
                5.5
              ],
              "rotation": [
                0.0,
                0.0,
                -62.5
              ],
              "uv": [
                0,
                23
              ],
              "inflate": 0
            },
            {
              "origin": [
                -8.0,
                43.0,
                5.0
              ],
              "size": [
                2.0,
                3.0,
                1.0
              ],
              "pivot": [
                0.0,
                44.5,
                5.5
              ],
              "rotation": [
                0.0,
                0.0,
                -42.5
              ],
              "uv": [
                0,
                0
              ],
              "inflate": 0
            },
            {
              "origin": [
                -1.0,
                42.0,
                -3.0
              ],
              "size": [
                2.0,
                1.0,
                7.0
              ],
              "uv": [
                45,
                73
              ],
              "inflate": 0
            },
            {
              "origin": [
                2.0,
                42.0,
                -3.0
              ],
              "size": [
                3.0,
                1.0,
                7.0
              ],
              "uv": [
                15,
                69
              ],
              "inflate": 0
            },
            {
              "origin": [
                -5.0,
                42.0,
                -3.0
              ],
              "size": [
                3.0,
                1.0,
                7.0
              ],
              "uv": [
                28,
                12
              ],
              "inflate": 0
            },
            {
              "origin": [
                -5.0,
                41.0,
                -3.0
              ],
              "size": [
                2.0,
                1.0,
                7.0
              ],
              "uv": [
                72,
                32
              ],
              "inflate": 0
            },
            {
              "origin": [
                3.0,
                41.0,
                -3.0
              ],
              "size": [
                2.0,
                1.0,
                7.0
              ],
              "uv": [
                71,
                40
              ],
              "inflate": 0
            },
            {
              "origin": [
                4.0,
                40.0,
                -3.0
              ],
              "size": [
                1.0,
                1.0,
                7.0
              ],
              "uv": [
                14,
                77
              ],
              "inflate": 0
            },
            {
              "origin": [
                -5.0,
                40.0,
                -3.0
              ],
              "size": [
                1.0,
                1.0,
                7.0
              ],
              "uv": [
                75,
                20
              ],
              "inflate": 0
            },
            {
              "origin": [
                -4.0,
                46.0,
                -2.0
              ],
              "size": [
                8.0,
                2.0,
                6.0
              ],
              "uv": [
                50,
                39
              ],
              "inflate": 0
            },
            {
              "origin": [
                -2.0,
                48.0,
                -1.0
              ],
              "size": [
                4.0,
                1.0,
                4.0
              ],
              "uv": [
                82,
                40
              ],
              "inflate": 0
            },
            {
              "origin": [
                -1.0,
                49.0,
                0.0
              ],
              "size": [
                2.0,
                1.0,
                2.0
              ],
              "uv": [
                30,
                0
              ],
              "inflate": 0
            },
            {
              "origin": [
                -1.0,
                53.0,
                0.0
              ],
              "size": [
                2.0,
                1.0,
                2.0
              ],
              "uv": [
                0,
                17
              ],
              "inflate": 0
            },
            {
              "origin": [
                -2.0,
                50.0,
                -1.0
              ],
              "size": [
                4.0,
                3.0,
                4.0
              ],
              "uv": [
                82,
                10
              ],
              "inflate": 0
            },
            {
              "origin": [
                -6.0,
                33.0,
                0.0
              ],
              "size": [
                2.0,
                7.0,
                4.0
              ],
              "uv": [
                83,
                28
              ],
              "inflate": 0
            },
            {
              "origin": [
                4.0,
                33.0,
                0.0
              ],
              "size": [
                2.0,
                7.0,
                4.0
              ],
              "uv": [
                55,
                82
              ],
              "inflate": 0
            }
          ],
          "parent": "Face"
        },
        {
          "name": "Legs",
          "pivot": [
            0,
            19,
            0
          ],
          "parent": "Shriram"
        },
        {
          "name": "bone3",
          "pivot": [
            0,
            13.5,
            2.71429
          ],
          "cubes": [
            {
              "origin": [
                -6.0,
                1.0,
                -3.0
              ],
              "size": [
                4.0,
                17.0,
                7.0
              ],
              "pivot": [
                -6.0,
                17.5,
                0.5
              ],
              "rotation": [
                0.0,
                0.0,
                -7.5
              ],
              "uv": [
                22,
                23
              ],
              "inflate": 0
            },
            {
              "origin": [
                2.01522,
                0.65138,
                -3.0
              ],
              "size": [
                4.0,
                17.0,
                7.0
              ],
              "pivot": [
                6.0,
                18.5,
                0.5
              ],
              "rotation": [
                0.0,
                0.0,
                5.0
              ],
              "uv": [
                0,
                23
              ],
              "inflate": 0
            },
            {
              "origin": [
                -6.0,
                17.0,
                -3.0
              ],
              "size": [
                11.0,
                2.0,
                7.0
              ],
              "uv": [
                36,
                49
              ],
              "inflate": 0
            },
            {
              "origin": [
                -1.0,
                7.0,
                4.0
              ],
              "size": [
                2.0,
                11.0,
                3.0
              ],
              "pivot": [
                0.0,
                17.5,
                3.5
              ],
              "rotation": [
                -17.5,
                0.0,
                0.0
              ],
              "uv": [
                45,
                81
              ],
              "inflate": 0
            },
            {
              "origin": [
                -1.0,
                7.0,
                4.0
              ],
              "size": [
                2.0,
                11.0,
                3.0
              ],
              "pivot": [
                0.0,
                17.5,
                3.5
              ],
              "rotation": [
                2.5,
                0.0,
                0.0
              ],
              "uv": [
                77,
                74
              ],
              "inflate": 0
            },
            {
              "origin": [
                -2.0,
                0.0,
                -2.0
              ],
              "size": [
                4.0,
                18.0,
                6.0
              ],
              "uv": [
                50,
                0
              ],
              "inflate": 0
            }
          ],
          "parent": "Legs"
        },
        {
          "name": "bone6",
          "pivot": [
            0,
            17.5,
            3.5
          ],
          "parent": "bone3",
          "rotation": [
            -0.92684,
            -39.00657,
            -38.42684
          ]
        },
        {
          "name": "Leg1",
          "pivot": [
            -3.5,
            15.25,
            -0.5
          ],
          "cubes": [
            {
              "origin": [
                -4.0,
                0.0,
                -5.0
              ],
              "size": [
                4.0,
                1.0,
                8.0
              ],
              "uv": [
                67,
                50
              ],
              "inflate": 0
            }
          ],
          "parent": "Legs"
        },
        {
          "name": "Leg2",
          "pivot": [
            3.5,
            15.25,
            -0.5
          ],
          "cubes": [
            {
              "origin": [
                0.0,
                0.0,
                -5.0
              ],
              "size": [
                4.0,
                1.0,
                8.0
              ],
              "uv": [
                65,
                65
              ],
              "inflate": 0
            },
            {
              "origin": [
                2.5,
                15.25,
                -0.5
              ],
              "size": [
                1.0,
                1.0,
                1.0
              ],
              "uv": [
                0,
                4
              ],
              "inflate": 0
            }
          ],
          "parent": "Legs"
        }
      ]
    }
  ]
}