{
  "format_version": "1.12.0",
  "minecraft:geometry": [
    {
      "description": {
        "identifier": "geometry.pa_shivling",
        "texture_width": 64,
        "texture_height": 64,
        "visible_bounds_width": 3,
        "visible_bounds_height": 3.5,
        "visible_bounds_offset": [
          0,
          1.25,
          0
        ]
      },
      "bones": [
        {
          "name": "Shivling",
          "cubes": [
            {
              "origin": [
                -8.0,
                0.0,
                -8.0
              ],
              "size": [
                16.0,
                1.0,
                16.0
              ],
              "uv": [
                0,
                0
              ],
              "inflate": 0
            },
            {
              "origin": [
                -5.0,
                1.0,
                -5.0
              ],
              "size": [
                10.0,
                1.0,
                10.0
              ],
              "uv": [
                0,
                28
              ],
              "inflate": 0
            },
            {
              "origin": [
                -5.0,
                9.0,
                -5.0
              ],
              "size": [
                10.0,
                1.0,
                10.0
              ],
              "uv": [
                0,
                17
              ],
              "inflate": 0
            },
            {
              "origin": [
                4.0,
                7.75,
                -2.0
              ],
              "size": [
                10.0,
                2.0,
                4.0
              ],
              "uv": [
                36,
                38
              ],
              "inflate": 0
            },
            {
              "origin": [
                -4.0,
                2.0,
                -4.0
              ],
              "size": [
                8.0,
                2.0,
                8.0
              ],
              "uv": [
                30,
                28
              ],
              "inflate": 0
            },
            {
              "origin": [
                -4.0,
                7.0,
                -4.0
              ],
              "size": [
                8.0,
                2.0,
                8.0
              ],
              "uv": [
                30,
                17
              ],
              "inflate": 0
            },
            {
              "origin": [
                -3.0,
                4.0,
                -3.0
              ],
              "size": [
                6.0,
                3.0,
                6.0
              ],
              "uv": [
                0,
                39
              ],
              "inflate": 0
            },
            {
              "origin": [
                -2.0,
                10.0,
                -2.0
              ],
              "size": [
                4.0,
                7.0,
                4.0
              ],
              "uv": [
                0,
                0
              ],
              "inflate": 0
            },
            {
              "origin": [
                -1.0,
                10.0,
                2.0
              ],
              "size": [
                2.0,
                5.0,
                2.0
              ],
              "uv": [
                30,
                17
              ],
              "inflate": 0
            },
            {
              "origin": [
                -2.25,
                14.0,
                -2.5
              ],
              "size": [
                4.5,
                2.0,
                1.0
              ],
              "uv": [
                48,
                13
              ],
              "inflate": 0
            }
          ]
        },
        {
          "name": "Snake",
          "pivot": [
            0,
            14,
            3
          ]
        },
        {
          "name": "Anake",
          "pivot": [
            -2,
            21,
            3
          ],
          "cubes": [
            {
              "origin": [
                -2.0,
                14.0,
                2.0
              ],
              "size": [
                2.0,
                7.0,
                2.0
              ],
              "uv": [
                24,
                48
              ],
              "inflate": 0
            }
          ],
          "parent": "Snake",
          "rotation": [
            0,
            0,
            -10
          ]
        },
        {
          "name": "Anake2",
          "pivot": [
            2,
            21,
            3
          ],
          "cubes": [
            {
              "origin": [
                0.0,
                14.0,
                2.0
              ],
              "size": [
                2.0,
                7.0,
                2.0
              ],
              "uv": [
                16,
                48
              ],
              "inflate": 0
            }
          ],
          "parent": "Snake",
          "rotation": [
            0,
            0,
            10
          ]
        },
        {
          "name": "bone",
          "pivot": [
            0,
            21,
            3
          ],
          "cubes": [
            {
              "origin": [
                -2.0,
                21.0,
                3.0
              ],
              "size": [
                4.0,
                3.0,
                1.0
              ],
              "uv": [
                54,
                31
              ],
              "inflate": 0
            },
            {
              "origin": [
                -1.0,
                21.0,
                2.0
              ],
              "size": [
                2.0,
                3.0,
                1.0
              ],
              "uv": [
                54,
                56
              ],
              "inflate": 0
            }
          ],
          "parent": "Snake",
          "rotation": [
            25,
            0,
            0
          ]
        },
        {
          "name": "bone2",
          "pivot": [
            0,
            23,
            3
          ],
          "cubes": [
            {
              "origin": [
                -2.0,
                23.0,
                3.0
              ],
              "size": [
                4.0,
                3.0,
                1.0
              ],
              "uv": [
                54,
                27
              ],
              "inflate": 0
            },
            {
              "origin": [
                -1.0,
                23.0,
                2.0
              ],
              "size": [
                2.0,
                3.0,
                1.0
              ],
              "uv": [
                48,
                56
              ],
              "inflate": 0
            }
          ],
          "parent": "Snake",
          "rotation": [
            87.5,
            0,
            0
          ]
        },
        {
          "name": "bone3",
          "pivot": [
            0,
            26,
            4
          ],
          "cubes": [
            {
              "origin": [
                -1.0,
                26.0,
                3.0
              ],
              "size": [
                2.0,
                2.0,
                1.0
              ],
              "uv": [
                18,
                57
              ],
              "inflate": 0
            }
          ],
          "parent": "bone2",
          "rotation": [
            42.5,
            0,
            0
          ]
        },
        {
          "name": "Snake2",
          "pivot": [
            0,
            14,
            3
          ],
          "rotation": [
            0,
            0,
            32.5
          ]
        },
        {
          "name": "Anake3",
          "pivot": [
            -2,
            21,
            3
          ],
          "cubes": [
            {
              "origin": [
                -2.0,
                14.0,
                2.0
              ],
              "size": [
                2.0,
                7.0,
                2.0
              ],
              "uv": [
                8,
                48
              ],
              "inflate": 0
            }
          ],
          "parent": "Snake2",
          "rotation": [
            0,
            0,
            -10
          ]
        },
        {
          "name": "Anake4",
          "pivot": [
            2,
            21,
            3
          ],
          "cubes": [
            {
              "origin": [
                0.0,
                14.0,
                2.0
              ],
              "size": [
                2.0,
                7.0,
                2.0
              ],
              "uv": [
                48,
                0
              ],
              "inflate": 0
            }
          ],
          "parent": "Snake2",
          "rotation": [
            0,
            0,
            10
          ]
        },
        {
          "name": "bone4",
          "pivot": [
            0,
            21,
            3
          ],
          "cubes": [
            {
              "origin": [
                -2.0,
                21.0,
                3.0
              ],
              "size": [
                4.0,
                3.0,
                1.0
              ],
              "uv": [
                54,
                21
              ],
              "inflate": 0
            },
            {
              "origin": [
                -1.0,
                21.0,
                2.0
              ],
              "size": [
                2.0,
                3.0,
                1.0
              ],
              "uv": [
                56,
                4
              ],
              "inflate": 0
            }
          ],
          "parent": "Snake2",
          "rotation": [
            25,
            0,
            0
          ]
        },
        {
          "name": "bone5",
          "pivot": [
            0,
            23,
            3
          ],
          "cubes": [
            {
              "origin": [
                -2.0,
                23.0,
                3.0
              ],
              "size": [
                4.0,
                3.0,
                1.0
              ],
              "uv": [
                54,
                17
              ],
              "inflate": 0
            },
            {
              "origin": [
                -1.0,
                23.0,
                2.0
              ],
              "size": [
                2.0,
                3.0,
                1.0
              ],
              "uv": [
                56,
                0
              ],
              "inflate": 0
            }
          ],
          "parent": "Snake2",
          "rotation": [
            87.5,
            0,
            0
          ]
        },
        {
          "name": "bone6",
          "pivot": [
            0,
            26,
            4
          ],
          "cubes": [
            {
              "origin": [
                -1.0,
                26.0,
                3.0
              ],
              "size": [
                2.0,
                2.0,
                1.0
              ],
              "uv": [
                12,
                57
              ],
              "inflate": 0
            }
          ],
          "parent": "bone5",
          "rotation": [
            42.5,
            0,
            0
          ]
        },
        {
          "name": "Snake3",
          "pivot": [
            0,
            14,
            3
          ],
          "rotation": [
            0,
            0,
            65
          ]
        },
        {
          "name": "Anake5",
          "pivot": [
            -2,
            21,
            3
          ],
          "cubes": [
            {
              "origin": [
                -2.0,
                14.0,
                2.0
              ],
              "size": [
                2.0,
                7.0,
                2.0
              ],
              "uv": [
                0,
                48
              ],
              "inflate": 0
            }
          ],
          "parent": "Snake3",
          "rotation": [
            0,
            0,
            -10
          ]
        },
        {
          "name": "Anake6",
          "pivot": [
            2,
            21,
            3
          ],
          "cubes": [
            {
              "origin": [
                0.0,
                14.0,
                2.0
              ],
              "size": [
                2.0,
                7.0,
                2.0
              ],
              "uv": [
                40,
                44
              ],
              "inflate": 0
            }
          ],
          "parent": "Snake3",
          "rotation": [
            0,
            0,
            10
          ]
        },
        {
          "name": "bone7",
          "pivot": [
            0,
            21,
            3
          ],
          "cubes": [
            {
              "origin": [
                -2.0,
                21.0,
                3.0
              ],
              "size": [
                4.0,
                3.0,
                1.0
              ],
              "uv": [
                32,
                53
              ],
              "inflate": 0
            },
            {
              "origin": [
                -1.0,
                21.0,
                2.0
              ],
              "size": [
                2.0,
                3.0,
                1.0
              ],
              "uv": [
                42,
                55
              ],
              "inflate": 0
            }
          ],
          "parent": "Snake3",
          "rotation": [
            25,
            0,
            0
          ]
        },
        {
          "name": "bone8",
          "pivot": [
            0,
            23,
            3
          ],
          "cubes": [
            {
              "origin": [
                -2.0,
                23.0,
                3.0
              ],
              "size": [
                4.0,
                3.0,
                1.0
              ],
              "uv": [
                47,
                52
              ],
              "inflate": 0
            },
            {
              "origin": [
                -1.0,
                23.0,
                2.0
              ],
              "size": [
                2.0,
                3.0,
                1.0
              ],
              "uv": [
                18,
                39
              ],
              "inflate": 0
            }
          ],
          "parent": "Snake3",
          "rotation": [
            87.5,
            0,
            0
          ]
        },
        {
          "name": "bone9",
          "pivot": [
            0,
            26,
            4
          ],
          "cubes": [
            {
              "origin": [
                -1.0,
                26.0,
                3.0
              ],
              "size": [
                2.0,
                2.0,
                1.0
              ],
              "uv": [
                6,
                57
              ],
              "inflate": 0
            }
          ],
          "parent": "bone8",
          "rotation": [
            42.5,
            0,
            0
          ]
        },
        {
          "name": "Snake4",
          "pivot": [
            0,
            14,
            3
          ],
          "rotation": [
            0,
            0,
            -32.5
          ]
        },
        {
          "name": "Anake7",
          "pivot": [
            -2,
            21,
            3
          ],
          "cubes": [
            {
              "origin": [
                -2.0,
                14.0,
                2.0
              ],
              "size": [
                2.0,
                7.0,
                2.0
              ],
              "uv": [
                32,
                44
              ],
              "inflate": 0
            }
          ],
          "parent": "Snake4",
          "rotation": [
            0,
            0,
            -10
          ]
        },
        {
          "name": "Anake8",
          "pivot": [
            2,
            21,
            3
          ],
          "cubes": [
            {
              "origin": [
                0.0,
                14.0,
                2.0
              ],
              "size": [
                2.0,
                7.0,
                2.0
              ],
              "uv": [
                24,
                39
              ],
              "inflate": 0
            }
          ],
          "parent": "Snake4",
          "rotation": [
            0,
            0,
            10
          ]
        },
        {
          "name": "bone10",
          "pivot": [
            0,
            21,
            3
          ],
          "cubes": [
            {
              "origin": [
                -2.0,
                21.0,
                3.0
              ],
              "size": [
                4.0,
                3.0,
                1.0
              ],
              "uv": [
                48,
                48
              ],
              "inflate": 0
            },
            {
              "origin": [
                -1.0,
                21.0,
                2.0
              ],
              "size": [
                2.0,
                3.0,
                1.0
              ],
              "uv": [
                0,
                39
              ],
              "inflate": 0
            }
          ],
          "parent": "Snake4",
          "rotation": [
            25,
            0,
            0
          ]
        },
        {
          "name": "bone11",
          "pivot": [
            0,
            23,
            3
          ],
          "cubes": [
            {
              "origin": [
                -2.0,
                23.0,
                3.0
              ],
              "size": [
                4.0,
                3.0,
                1.0
              ],
              "uv": [
                48,
                44
              ],
              "inflate": 0
            },
            {
              "origin": [
                -1.0,
                23.0,
                2.0
              ],
              "size": [
                2.0,
                3.0,
                1.0
              ],
              "uv": [
                30,
                32
              ],
              "inflate": 0
            }
          ],
          "parent": "Snake4",
          "rotation": [
            87.5,
            0,
            0
          ]
        },
        {
          "name": "bone12",
          "pivot": [
            0,
            26,
            4
          ],
          "cubes": [
            {
              "origin": [
                -1.0,
                26.0,
                3.0
              ],
              "size": [
                2.0,
                2.0,
                1.0
              ],
              "uv": [
                0,
                57
              ],
              "inflate": 0
            }
          ],
          "parent": "bone11",
          "rotation": [
            42.5,
            0,
            0
          ]
        },
        {
          "name": "Snake5",
          "pivot": [
            0,
            14,
            3
          ],
          "rotation": [
            0,
            0,
            -65
          ]
        },
        {
          "name": "Anake9",
          "pivot": [
            -2,
            21,
            3
          ],
          "cubes": [
            {
              "origin": [
                -2.0,
                14.0,
                2.0
              ],
              "size": [
                2.0,
                7.0,
                2.0
              ],
              "uv": [
                0,
                28
              ],
              "inflate": 0
            }
          ],
          "parent": "Snake5",
          "rotation": [
            0,
            0,
            -10
          ]
        },
        {
          "name": "Anake10",
          "pivot": [
            2,
            21,
            3
          ],
          "cubes": [
            {
              "origin": [
                0.0,
                14.0,
                2.0
              ],
              "size": [
                2.0,
                7.0,
                2.0
              ],
              "uv": [
                0,
                17
              ],
              "inflate": 0
            }
          ],
          "parent": "Snake5",
          "rotation": [
            0,
            0,
            10
          ]
        },
        {
          "name": "bone13",
          "pivot": [
            0,
            21,
            3
          ],
          "cubes": [
            {
              "origin": [
                -2.0,
                21.0,
                3.0
              ],
              "size": [
                4.0,
                3.0,
                1.0
              ],
              "uv": [
                48,
                9
              ],
              "inflate": 0
            },
            {
              "origin": [
                -1.0,
                21.0,
                2.0
              ],
              "size": [
                2.0,
                3.0,
                1.0
              ],
              "uv": [
                30,
                28
              ],
              "inflate": 0
            }
          ],
          "parent": "Snake5",
          "rotation": [
            25,
            0,
            0
          ]
        },
        {
          "name": "bone14",
          "pivot": [
            0,
            23,
            3
          ],
          "cubes": [
            {
              "origin": [
                -2.0,
                23.0,
                3.0
              ],
              "size": [
                4.0,
                3.0,
                1.0
              ],
              "uv": [
                0,
                11
              ],
              "inflate": 0
            },
            {
              "origin": [
                -1.0,
                23.0,
                2.0
              ],
              "size": [
                2.0,
                3.0,
                1.0
              ],
              "uv": [
                10,
                11
              ],
              "inflate": 0
            }
          ],
          "parent": "Snake5",
          "rotation": [
            87.5,
            0,
            0
          ]
        },
        {
          "name": "bone15",
          "pivot": [
            0,
            26,
            4
          ],
          "cubes": [
            {
              "origin": [
                -1.0,
                26.0,
                3.0
              ],
              "size": [
                2.0,
                2.0,
                1.0
              ],
              "uv": [
                32,
                39
              ],
              "inflate": 0
            }
          ],
          "parent": "bone14",
          "rotation": [
            42.5,
            0,
            0
          ]
        }
      ]
    }
  ]
}