{
  "format_version": "1.12.0",
  "minecraft:geometry": [
    {
      "description": {
        "identifier": "geometry.pa_tal_vadak",
        "texture_width": 128,
        "texture_height": 128,
        "visible_bounds_width": 9,
        "visible_bounds_height": 7,
        "visible_bounds_offset": [
          0,
          2.5,
          0
        ]
      },
      "bones": [
        {
          "name": "Man"
        },
        {
          "name": "Body",
          "pivot": [
            0,
            18,
            0
          ],
          "cubes": [
            {
              "origin": [
                -6.0,
                8.0,
                -3.0
              ],
              "size": [
                12.0,
                13.0,
                8.0
              ],
              "uv": [
                0,
                0
              ],
              "inflate": 0
            },
            {
              "origin": [
                -5.0,
                21.0,
                -3.0
              ],
              "size": [
                10.0,
                12.0,
                8.0
              ],
              "uv": [
                0,
                21
              ],
              "inflate": 0
            },
            {
              "origin": [
                -4.0,
                18.0,
                -2.0
              ],
              "size": [
                8.0,
                9.0,
                6.0
              ],
              "uv": [
                40,
                0
              ],
              "inflate": 0
            }
          ],
          "parent": "Man"
        },
        {
          "name": "Face",
          "pivot": [
            0,
            33,
            1
          ],
          "parent": "Body"
        },
        {
          "name": "Face1",
          "cubes": [
            {
              "origin": [
                -2.0,
                33.0,
                -1.0
              ],
              "size": [
                4.0,
                1.0,
                4.0
              ],
              "uv": [
                0,
                66
              ],
              "inflate": 0
            },
            {
              "origin": [
                -4.0,
                34.0,
                -2.0
              ],
              "size": [
                8.0,
                9.0,
                6.0
              ],
              "uv": [
                30,
                35
              ],
              "inflate": 0
            },
            {
              "origin": [
                -5.0,
                39.0,
                -2.0
              ],
              "size": [
                1.0,
                4.0,
                7.0
              ],
              "uv": [
                49,
                54
              ],
              "inflate": 0
            },
            {
              "origin": [
                -4.0,
                35.0,
                4.0
              ],
              "size": [
                8.0,
                8.0,
                1.0
              ],
              "uv": [
                52,
                31
              ],
              "inflate": 0
            },
            {
              "origin": [
                4.0,
                39.0,
                -2.0
              ],
              "size": [
                1.0,
                4.0,
                7.0
              ],
              "uv": [
                51,
                43
              ],
              "inflate": 0
            },
            {
              "origin": [
                4.0,
                35.0,
                -1.0
              ],
              "size": [
                1.0,
                4.0,
                6.0
              ],
              "uv": [
                61,
                50
              ],
              "inflate": 0
            },
            {
              "origin": [
                -5.0,
                35.0,
                -1.0
              ],
              "size": [
                1.0,
                4.0,
                6.0
              ],
              "uv": [
                60,
                40
              ],
              "inflate": 0
            },
            {
              "origin": [
                -4.0,
                43.0,
                -2.0
              ],
              "size": [
                8.0,
                1.0,
                7.0
              ],
              "uv": [
                0,
                41
              ],
              "inflate": 0
            },
            {
              "origin": [
                -4.0,
                41.0,
                -3.0
              ],
              "size": [
                8.0,
                3.0,
                1.0
              ],
              "uv": [
                40,
                15
              ],
              "inflate": 0
            }
          ],
          "parent": "Face"
        },
        {
          "name": "Handcontroll",
          "pivot": [
            0,
            33,
            0
          ],
          "parent": "Body"
        },
        {
          "name": "Hand1",
          "pivot": [
            -6,
            32.16667,
            0.83333
          ],
          "cubes": [
            {
              "origin": [
                -7.91299,
                24.06626,
                -0.96122
              ],
              "size": [
                3.0,
                8.0,
                4.0
              ],
              "uv": [
                61,
                61
              ],
              "inflate": 0
            }
          ],
          "parent": "Handcontroll",
          "rotation": [
            -50.73632,
            13.71859,
            10.97109
          ]
        },
        {
          "name": "bone4",
          "pivot": [
            -6.41299,
            24.06626,
            1.53878
          ],
          "cubes": [
            {
              "origin": [
                -7.91299,
                16.06626,
                0.03878
              ],
              "size": [
                3.0,
                9.0,
                3.0
              ],
              "pivot": [
                -6.41299,
                24.06626,
                1.53878
              ],
              "rotation": [
                -50.0,
                0.0,
                0.0
              ],
              "uv": [
                46,
                65
              ],
              "inflate": 0
            }
          ],
          "parent": "Hand1",
          "rotation": [
            19.76968,
            1.50179,
            -64.93745
          ]
        },
        {
          "name": "bone",
          "pivot": [
            -6.41299,
            18.73293,
            -3.79456
          ],
          "cubes": [
            {
              "origin": [
                -7.91299,
                12.06626,
                0.03878
              ],
              "size": [
                1.0,
                2.0,
                3.0
              ],
              "pivot": [
                -6.41299,
                24.06626,
                1.53878
              ],
              "rotation": [
                -50.0,
                0.0,
                0.0
              ],
              "uv": [
                0,
                21
              ],
              "inflate": 0
            },
            {
              "origin": [
                -7.91299,
                14.06626,
                0.03878
              ],
              "size": [
                3.0,
                2.0,
                3.0
              ],
              "pivot": [
                -6.41299,
                24.06626,
                1.53878
              ],
              "rotation": [
                -50.0,
                0.0,
                0.0
              ],
              "uv": [
                16,
                66
              ],
              "inflate": 0
            },
            {
              "origin": [
                -6.91299,
                13.06626,
                1.03878
              ],
              "size": [
                2.0,
                1.0,
                2.0
              ],
              "pivot": [
                -6.41299,
                24.06626,
                1.53878
              ],
              "rotation": [
                -50.0,
                0.0,
                0.0
              ],
              "uv": [
                0,
                5
              ],
              "inflate": 0
            },
            {
              "origin": [
                -8.91299,
                12.06626,
                0.03878
              ],
              "size": [
                4.0,
                1.0,
                4.0
              ],
              "pivot": [
                -6.41299,
                24.06626,
                1.53878
              ],
              "rotation": [
                -50.0,
                0.0,
                0.0
              ],
              "uv": [
                36,
                30
              ],
              "inflate": 0
            },
            {
              "origin": [
                -5.91299,
                16.35281,
                -6.90724
              ],
              "size": [
                1.0,
                2.0,
                1.0
              ],
              "pivot": [
                -5.41299,
                18.76164,
                -6.5305
              ],
              "rotation": [
                -65.14958,
                -1.67775,
                -2.68095
              ],
              "uv": [
                28,
                24
              ],
              "inflate": 0
            }
          ],
          "parent": "bone4",
          "rotation": [
            9.05339,
            -20.84471,
            -27.59514
          ]
        },
        {
          "name": "Hand2",
          "pivot": [
            5,
            30.16667,
            0.83333
          ],
          "cubes": [
            {
              "origin": [
                5.0,
                24.0,
                -1.0
              ],
              "size": [
                3.0,
                8.0,
                4.0
              ],
              "uv": [
                32,
                59
              ],
              "inflate": 0
            }
          ],
          "parent": "Handcontroll",
          "rotation": [
            -42.47283,
            -1.68868,
            -24.34373
          ]
        },
        {
          "name": "bone5",
          "pivot": [
            6.5,
            24,
            1.5
          ],
          "cubes": [
            {
              "origin": [
                5.0,
                16.0,
                0.0
              ],
              "size": [
                3.0,
                9.0,
                3.0
              ],
              "pivot": [
                6.5,
                24.0,
                1.5
              ],
              "rotation": [
                -50.0,
                0.0,
                0.0
              ],
              "uv": [
                64,
                15
              ],
              "inflate": 0
            }
          ],
          "parent": "Hand2",
          "rotation": [
            -24.26665,
            26.33273,
            25.72135
          ]
        },
        {
          "name": "bone2",
          "pivot": [
            6.5,
            18.66667,
            -3.83333
          ],
          "cubes": [
            {
              "origin": [
                7.0,
                12.0,
                0.0
              ],
              "size": [
                1.0,
                2.0,
                3.0
              ],
              "pivot": [
                6.5,
                24.0,
                1.5
              ],
              "rotation": [
                -50.0,
                0.0,
                0.0
              ],
              "uv": [
                0,
                0
              ],
              "inflate": 0
            },
            {
              "origin": [
                5.0,
                14.0,
                0.0
              ],
              "size": [
                3.0,
                2.0,
                3.0
              ],
              "pivot": [
                6.5,
                24.0,
                1.5
              ],
              "rotation": [
                -50.0,
                0.0,
                0.0
              ],
              "uv": [
                32,
                0
              ],
              "inflate": 0
            },
            {
              "origin": [
                5.0,
                13.0,
                1.0
              ],
              "size": [
                2.0,
                1.0,
                2.0
              ],
              "pivot": [
                6.5,
                24.0,
                1.5
              ],
              "rotation": [
                -50.0,
                0.0,
                0.0
              ],
              "uv": [
                0,
                26
              ],
              "inflate": 0
            },
            {
              "origin": [
                4.0,
                12.0,
                0.0
              ],
              "size": [
                4.0,
                1.0,
                4.0
              ],
              "pivot": [
                6.5,
                24.0,
                1.5
              ],
              "rotation": [
                -50.0,
                0.0,
                0.0
              ],
              "uv": [
                62,
                0
              ],
              "inflate": 0
            },
            {
              "origin": [
                5.0,
                15.92934,
                -7.71206
              ],
              "size": [
                1.0,
                2.0,
                1.0
              ],
              "pivot": [
                5.5,
                17.69538,
                -6.56928
              ],
              "rotation": [
                -48.2367,
                15.18892,
                13.16783
              ],
              "uv": [
                28,
                21
              ],
              "inflate": 0
            }
          ],
          "parent": "bone5",
          "rotation": [
            4.58217,
            5.94383,
            15.23802
          ]
        },
        {
          "name": "Tal",
          "pivot": [
            0,
            33,
            0
          ],
          "cubes": [
            {
              "origin": [
                -5.0,
                33.0,
                -12.0
              ],
              "size": [
                10.0,
                0.0,
                9.0
              ],
              "pivot": [
                0.0,
                33.0,
                -3.0
              ],
              "rotation": [
                30.0,
                0.0,
                0.0
              ],
              "uv": [
                27,
                21
              ],
              "inflate": 0
            }
          ],
          "parent": "Handcontroll"
        },
        {
          "name": "Legs",
          "pivot": [
            0,
            19,
            1
          ],
          "parent": "Man"
        },
        {
          "name": "bone3",
          "pivot": [
            -4,
            8.5,
            3.71429
          ],
          "parent": "Legs"
        },
        {
          "name": "Leg1",
          "pivot": [
            -3.5,
            15.25,
            0.5
          ],
          "parent": "Legs"
        },
        {
          "name": "bone8",
          "pivot": [
            -3,
            9,
            1
          ],
          "cubes": [
            {
              "origin": [
                -5.0,
                0.0,
                -4.0
              ],
              "size": [
                4.0,
                1.0,
                8.0
              ],
              "uv": [
                32,
                50
              ],
              "inflate": 0
            },
            {
              "origin": [
                -5.30275,
                1.04566,
                -1.0
              ],
              "size": [
                4.0,
                13.0,
                4.0
              ],
              "pivot": [
                -3.12844,
                7.03805,
                1.0
              ],
              "rotation": [
                0.0,
                0.0,
                -5.0
              ],
              "uv": [
                16,
                49
              ],
              "inflate": 0
            }
          ],
          "parent": "Leg1"
        },
        {
          "name": "Leg2",
          "pivot": [
            3.5,
            15.25,
            0.5
          ],
          "parent": "Legs"
        },
        {
          "name": "bone9",
          "pivot": [
            3.23853,
            8.77664,
            0.5
          ],
          "cubes": [
            {
              "origin": [
                1.0,
                0.0,
                -4.0
              ],
              "size": [
                4.0,
                1.0,
                8.0
              ],
              "uv": [
                48,
                22
              ],
              "inflate": 0
            },
            {
              "origin": [
                1.47707,
                1.05327,
                -1.0
              ],
              "size": [
                4.0,
                13.0,
                4.0
              ],
              "pivot": [
                3.12844,
                9.03805,
                1.0
              ],
              "rotation": [
                0.0,
                0.0,
                5.0
              ],
              "uv": [
                0,
                49
              ],
              "inflate": 0
            }
          ],
          "parent": "Leg2"
        }
      ]
    }
  ]
}