{
	"format_version": "1.12.0",
	"minecraft:geometry": [
		{
			"description": {
				"identifier": "geometry.robot",
				"texture_width": 128,
				"texture_height": 128,
				"visible_bounds_width": 3,
				"visible_bounds_height": 4.5,
				"visible_bounds_offset": [0, 1.75, 0]
			},
			"bones": [
				{
					"name": "all",
					"pivot": [0, 0, 0]
				},
				{
					"name": "body0",
					"parent": "all",
					"pivot": [0, 29, 0],
					"cubes": [
						{"origin": [-10, 24, -6], "size": [20, 10, 12], "uv": [0, 0]}
					]
				},
				{
					"name": "left_arm0",
					"parent": "body0",
					"pivot": [9, 33, 0],
					"cubes": [
						{"origin": [9, 23, -4], "size": [6, 12, 8], "uv": [0, 46], "mirror": true}
					]
				},
				{
					"name": "left_arm1",
					"parent": "left_arm0",
					"pivot": [12, 23, 0],
					"cubes": [
						{"origin": [10, 7, -3], "size": [4, 20, 6], "uv": [0, 72]}
					]
				},
				{
					"name": "left_arm2",
					"parent": "left_arm1",
					"pivot": [12, 23, 0],
					"cubes": [
						{"origin": [9.5, 2, -3.5], "size": [5, 5, 7], "inflate": 0.1, "uv": [20, 72], "mirror": true}
					]
				},
				{
					"name": "right_arm0",
					"parent": "body0",
					"pivot": [-9, 33, 0],
					"cubes": [
						{"origin": [-15, 23, -4], "size": [6, 12, 8], "uv": [0, 46]}
					]
				},
				{
					"name": "right_arm1",
					"parent": "right_arm0",
					"pivot": [-12, 23, 0],
					"cubes": [
						{"origin": [-14, 7, -3], "size": [4, 20, 6], "uv": [0, 72], "mirror": true}
					]
				},
				{
					"name": "right_arm2",
					"parent": "right_arm1",
					"pivot": [-12, 3, 0],
					"cubes": [
						{"origin": [-14.5, 2, -3.5], "size": [5, 5, 7], "inflate": 0.1, "uv": [20, 72]}
					]
				},
				{
					"name": "body1",
					"parent": "all",
					"pivot": [0, 24, 0],
					"cubes": [
						{"origin": [-6, 17, -5], "size": [12, 9, 10], "uv": [64, 0]}
					]
				},
				{
					"name": "body2",
					"parent": "all",
					"pivot": [0, 17, 0],
					"cubes": [
						{"origin": [-4, 3, -4], "size": [8, 16, 8], "uv": [74, 22]}
					]
				},
				{
					"name": "wheel",
					"parent": "body2",
					"pivot": [0, 6, 0],
					"cubes": [
						{"origin": [-2.5, 0, -6], "size": [5, 12, 12], "uv": [40, 22]}
					]
				},
				{
					"name": "head",
					"parent": "all",
					"pivot": [0, 34, -2],
					"cubes": [
						{"origin": [-5, 34, -8], "size": [10, 10, 10], "uv": [0, 22]}
					]
				}
			]
		}
	]
}