{
  "resource_pack_name": "vanilla",
  "texture_name": "atlas.items",
  "texture_data": {
    "egg_camel": {
      "textures": "textures/items/egg_camel"
    },
    "egg_lion": {
      "textures": "textures/items/egg_lion"
    },
    "egg_penguin": {
      "textures": "textures/items/egg_penguin"
    },
    "egg_tiger": {
      "textures": "textures/items/egg_tiger"
    },
    "egg_elephant": {
      "textures": "textures/items/egg_elephant"
    },
    "egg_deer": {
      "textures": "textures/items/egg_deer"
    },
    "egg_panther": {
      "textures": "textures/items/egg_panther"
    },
    "egg_frog": {
      "textures": "textures/items/egg_frog"
    },
    "egg_crocodile": {
      "textures": "textures/items/egg_crocodile"
    },
    "egg_mouse": {
      "textures": "textures/items/egg_mouse"
    },
    "gallardo": {
      "textures": "textures/items/gallardo"
    },
    "bench": {
      "textures": "textures/items/bench"
    },
    "christmas_tree": {
      "textures": "textures/items/christmas_tree"
    },
    "tivi": {
      "textures": "textures/items/tivi"
    },
    "closet": {
      "textures": "textures/items/closet"
    },
    "laptop": {
      "textures": "textures/items/laptop"
    },
    "piano": {
      "textures": "textures/items/piano"
    },
    "armchairs": {
      "textures": "textures/items/armchairs"
    },
    "chair": {
      "textures": "textures/items/chair"
    },
    "big_table": {
      "textures": "textures/items/big_table"
    },
    "small_table": {
      "textures": "textures/items/small_table"
    },
    "drone": {
      "textures": "textures/items/drone"
    },
    "colorful_gifts": {
      "textures": "textures/items/colorful_gifts"
    },
    "ms_kolhapuri": {
      "textures": [
        "textures/items/pamobile/ms_kolhapuri"
      ]
    },
    "ms_pushp_mala": {
      "textures": [
        "textures/items/pamobile/ms_pushp_mala"
      ]
    },
    "ms_mawala_hat": {
      "textures": [
        "textures/items/pamobile/ms_mawala_hat"
      ]
    },
    "ms_sadra": {
      "textures": [
        "textures/items/pamobile/ms_sadra"
      ]
    },
    "ms_dhotar": {
      "textures": [
        "textures/items/pamobile/ms_dhotar"
      ]
    },
    "ms_feta": {
      "textures": [
        "textures/items/pamobile/ms_feta"
      ]
    },
    "ms:valli": {
      "textures": "textures/items/pamobile/ms_valli"
    },
    "ms:kamala": {
      "textures": "textures/items/pamobile/ms_kamala"
    },
    "pa:dhol_vadak": {
      "textures": "textures/items/pamobile/pa_dhol_vadak"
    },
    "ms:devsena": {
      "textures": "textures/items/pamobile/ms_devsena"
    },
    "ms:ramchandra": {
      "textures": "textures/items/pamobile/ms_ramchandra"
    },
    "pa:mandal_karykarti": {
      "textures": "textures/items/pamobile/pa_mandal_karykarti"
    },
    "ms:kurma": {
      "textures": "textures/items/pamobile/ms_kurma"
    },
    "ms:ridhi": {
      "textures": "textures/items/pamobile/ms_ridhi"
    },
    "ms:varah": {
      "textures": "textures/items/pamobile/ms_varah"
    },
    "ms:sita": {
      "textures": "textures/items/pamobile/ms_sita"
    },
    "ms:peacock": {
      "textures": "textures/items/pamobile/ms_peacock"
    },
    "ms:csmp": {
      "textures": "textures/items/pamobile/ms_csmp"
    },
    "pa:chatrpati": {
      "textures": "textures/items/pamobile/pa_chatrpati"
    },
    "ms:kalki": {
      "textures": "textures/items/pamobile/ms_kalki"
    },
    "ms:bhairav": {
      "textures": "textures/items/pamobile/ms_bhairav"
    },
    "ms:malhar": {
      "textures": "textures/items/pamobile/ms_malhar"
    },
    "ms:tara": {
      "textures": "textures/items/pamobile/ms_tara"
    },
    "ms:banu": {
      "textures": "textures/items/pamobile/ms_banu"
    },
    "ms:sidhi": {
      "textures": "textures/items/pamobile/ms_sidhi"
    },
    "pa:flag_man": {
      "textures": "textures/items/pamobile/pa_flag_man"
    },
    "ms:parshuram": {
      "textures": "textures/items/pamobile/ms_parshuram"
    },
    "pa:shivaji_maharaj": {
      "textures": "textures/items/pamobile/pa_shivaji_maharaj"
    },
    "ms:kaushiki": {
      "textures": "textures/items/pamobile/ms_kaushiki"
    },
    "ms:dhumavati": {
      "textures": "textures/items/pamobile/ms_dhumavati"
    },
    "ms:mahabali": {
      "textures": "textures/items/pamobile/ms_mahabali"
    },
    "ms:vaishno_devi": {
      "textures": "textures/items/pamobile/ms_vaishno_devi"
    },
    "ms:kali": {
      "textures": "textures/items/pamobile/ms_kali"
    },
    "pa:dhol_vadak_w": {
      "textures": "textures/items/pamobile/pa_dhol_vadak_w"
    },
    "ms:narsimha": {
      "textures": "textures/items/pamobile/ms_narsimha"
    },
    "pa:tal_vadak": {
      "textures": "textures/items/pamobile/pa_tal_vadak"
    },
    "pa:bappa": {
      "textures": "textures/items/pamobile/pa_bappa"
    },
    "pa:laxmi": {
      "textures": "textures/items/pamobile/pa_laxmi"
    },
    "ms:matsya": {
      "textures": "textures/items/pamobile/ms_matsya"
    },
    "ms:matangi": {
      "textures": "textures/items/pamobile/ms_matangi"
    },
    "ms:durga": {
      "textures": "textures/items/pamobile/ms_durga"
    },
    "ms:ambedkar": {
      "textures": "textures/items/pamobile/ms_ambedkar"
    },
    "ms:bhairavi": {
      "textures": "textures/items/pamobile/ms_bhairavi"
    },
    "ms:baglamukhi": {
      "textures": "textures/items/pamobile/ms_baglamukhi"
    },
    "ms:laxman": {
      "textures": "textures/items/pamobile/ms_laxman"
    },
    "ms:bhuvneshwari": {
      "textures": "textures/items/pamobile/ms_bhuvneshwari"
    },
    "ms:mushak": {
      "textures": "textures/items/pamobile/ms_mushak"
    },
    "pa:bhagwa": {
      "textures": "textures/items/pamobile/pa_bhagwa"
    },
    "pa:adishakti": {
      "textures": "textures/items/pamobile/pa_adishakti"
    },
    "pa:garba": {
      "textures": "textures/items/pamobile/pa_garba"
    },
    "pa:garbaw": {
      "textures": "textures/items/pamobile/pa_garbaw"
    },
    "pa:tashavadak": {
      "textures": "textures/items/pamobile/pa_tashavadak"
    },
    "ms:mhalsa": {
      "textures": "textures/items/pamobile/ms_mhalsa"
    },
    "ms:ardhnareshwar": {
      "textures": "textures/items/pamobile/ms_ardhnareshwar"
    },
    "ms:mansa": {
      "textures": "textures/items/pamobile/ms_mansa"
    },
    "ms:csm": {
      "textures": "textures/items/pamobile/ms_csm"
    },
    "ms:ayyappa": {
      "textures": "textures/items/pamobile/ms_ayyappa"
    },
    "ms:vaishnodevi": {
      "textures": "textures/items/pamobile/ms_vaishnodevi"
    },
    "ms:krishna": {
      "textures": "textures/items/pamobile/ms_krishna"
    },
    "ms:devi_chandi": {
      "textures": "textures/items/pamobile/ms_devi_chandi"
    },
    "pa:tutarivadak": {
      "textures": "textures/items/pamobile/pa_tutarivadak"
    },
    "pa:durga": {
      "textures": "textures/items/pamobile/pa_durga"
    },
    "ms:annapurna": {
      "textures": "textures/items/pamobile/ms_annapurna"
    },
    "pa:flag_women": {
      "textures": "textures/items/pamobile/pa_flag_women"
    },
    "pa:mandal_karykarta": {
      "textures": "textures/items/pamobile/pa_mandal_karykarta"
    },
    "ms:shodashi": {
      "textures": "textures/items/pamobile/ms_shodashi"
    },
    "ms:vaman": {
      "textures": "textures/items/pamobile/ms_vaman"
    },
    "ms:budha": {
      "textures": "textures/items/pamobile/ms_budha"
    },
    "pa:arti_tat": {
      "textures": "textures/items/pamobile/pa_arti_tat"
    },
    "ms:chinnmasta": {
      "textures": "textures/items/pamobile/ms_chinnmasta"
    },
    "ms:lalita": {
      "textures": "textures/items/pamobile/ms_lalita"
    },
    "pa:kali": {
      "textures": "textures/items/pamobile/pa_kali"
    },
    "pa:sarswati": {
      "textures": "textures/items/pamobile/pa_sarswati"
    },
    "pa:parvati": {
      "textures": "textures/items/pamobile/pa_parvati"
    },
    "pa:shankar": {
      "textures": "textures/items/pamobile/pa_shankar"
    },
    "pa:nandi": {
      "textures": "textures/items/pamobile/pa_nandi"
    },
    "ms:vakrtund": {
      "textures": "textures/items/pamobile/ms_vakrtund"
    },
    "pa:lion": {
      "textures": "textures/items/pamobile/pa_lion"
    },
    "pa:dasavtar": {
      "textures": "textures/items/pamobile/pa_dasavtar"
    },
    "ms:sai_baba": {
      "textures": "textures/items/pamobile/ms_sai_baba"
    },
    "pa:kartikeya": {
      "textures": "textures/items/pamobile/pa_kartikeya"
    },
    "ms:balram": {
      "textures": "textures/items/pamobile/ms_balram"
    },
    "ms:cenematic": {
      "textures": "textures/items/pamobile/ms_cenematic"
    },
    "ms:radha": {
      "textures": "textures/items/pamobile/ms_radha"
    },
    "ms:bramha_sarswati": {
      "textures": "textures/items/pamobile/ms_bramha_sarswati"
    },
    "ms:indra": {
      "textures": "textures/items/pamobile/ms_indra"
    },
    "ms:suryadev": {
      "textures": "textures/items/pamobile/ms_suryadev"
    },
    "ms:tirupati": {
      "textures": "textures/items/pamobile/ms_tirupati"
    },
    "ms:varundev": {
      "textures": "textures/items/pamobile/ms_varundev"
    },
    "ms:agnidev": {
      "textures": "textures/items/pamobile/ms_agnidev"
    },
    "ms:kuberdev": {
      "textures": "textures/items/pamobile/ms_kuberdev"
    },
    "ms:vayudev": {
      "textures": "textures/items/pamobile/ms_vayudev"
    },
    "ms:parvati": {
      "textures": "textures/items/pamobile/ms_parvati"
    },
    "ms:yamdev": {
      "textures": "textures/items/pamobile/ms_yamdev"
    },
    "ms:shanidev": {
      "textures": "textures/items/pamobile/ms_shanidev"
    },
    "ms:sarswati": {
      "textures": "textures/items/pamobile/ms_sarswati"
    },
    "ms:mr16": {
      "textures": "textures/items/pamobile/ms_mr16"
    },
    "ms:bramha": {
      "textures": "textures/items/pamobile/ms_bramha"
    },
    "ms:vinayak": {
      "textures": "textures/items/pamobile/ms_vinayak"
    },
    "pa:kalikaye": {
      "textures": "textures/items/pamobile/pa_kalikaye"
    },
    "ms:shiva": {
      "textures": "textures/items/pamobile/ms_shiva"
    },
    "ms:chandradev": {
      "textures": "textures/items/pamobile/ms_chandradev"
    },
    "ms:ekvira": {
      "textures": "textures/items/pamobile/ms_ekvira"
    },
    "ms:shiv_parvati": {
      "textures": "textures/items/pamobile/ms_shiv_parvati"
    },
    "ms:kartikeya_swami": {
      "textures": "textures/items/pamobile/ms_kartikeya_swami"
    },
    "ms:lr19": {
      "textures": "textures/items/pamobile/ms_lr19"
    },
    "ms:laxmi_narayan": {
      "textures": "textures/items/pamobile/ms_laxmi_narayan"
    },
    "ms:mata_putr": {
      "textures": "textures/items/pamobile/ms_mata_putr"
    },
    "ms:laxmi": {
      "textures": "textures/items/pamobile/ms_laxmi"
    },
    "ms:lr21": {
      "textures": "textures/items/pamobile/ms_lr21"
    },
    "ms:hanuman": {
      "textures": "textures/items/pamobile/ms_hanuman"
    },
    "ms:narayan": {
      "textures": "textures/items/pamobile/ms_narayan"
    },
    "ms:garud": {
      "textures": "textures/items/pamobile/ms_garud"
    },
    "ms:mawla": {
      "textures": "textures/items/pamobile/ms_mawla"
    },
    "pa:ravan": {
      "textures": "textures/items/pamobile/pa_ravan"
    }
  }
}